Date,SPY,QQQ,IWM,TLT,GLD
2004-01-02,73.64419555664062,30.650188446044922,41.70136260986328,39.80625534057617,
2004-01-05,74.44530487060547,31.26555633544922,42.18918228149414,39.70252227783203,
2004-01-06,74.51811981201172,31.476276397705078,42.1333122253418,40.14094924926758,
2004-01-07,74.76972198486328,31.76289176940918,42.580169677734375,40.301239013671875,
2004-01-08,75.06761932373047,32.01579284667969,42.904117584228516,40.28706359863281,
2004-01-09,74.41220092773438,31.805034637451172,42.5615348815918,40.9894905090332,
2004-01-12,74.96173858642578,32.31084060668945,43.358421325683594,40.956520080566406,
2004-01-13,74.52474975585938,31.990489959716797,43.17595672607422,41.234619140625,
2004-01-14,75.14710235595703,32.1000862121582,43.39936447143555,41.43735122680664,
2004-01-15,75.33251953125,32.18437957763672,43.51108169555664,41.59288024902344,
2004-01-16,75.63040924072266,32.51314926147461,43.753116607666016,41.300636291503906,
2004-01-20,75.61054992675781,32.48784255981445,44.27815246582031,41.29117965698242,
2004-01-21,76.20645141601562,32.35297393798828,44.21855545043945,41.39020538330078,
2004-01-22,76.0078125,32.15909957885742,43.969093322753906,41.691917419433594,
2004-01-23,75.76282501220703,32.041080474853516,44.207420349121094,41.19219207763672,
2004-01-26,76.71624755859375,32.529998779296875,44.64677810668945,40.942359924316406,
2004-01-27,75.92838287353516,31.813474655151367,44.08824920654297,41.19691467285156,
2004-01-28,75.06102752685547,31.27397918701172,43.39936447143555,40.83391189575195,
2004-01-29,75.13385772705078,31.391992568969727,42.98978042602539,40.74907684326172,
2004-01-30,75.13385772705078,31.248674392700195,43.04560852050781,41.031925201416016,
2004-02-02,75.45829772949219,31.164398193359375,43.1573486328125,40.94578170776367,
2004-02-03,75.33251953125,31.130659103393555,42.9152717590332,41.15407943725586,
2004-02-04,74.71672821044922,30.624893188476562,41.85404586791992,41.07359313964844,
2004-02-05,74.93522644042969,30.742919921875,42.24502944946289,40.91264343261719,
2004-02-06,75.77607727050781,31.29926300048828,43.313724517822266,41.36232376098633,
2004-02-09,75.79594421386719,31.29083251953125,43.39936447143555,41.48542022705078,
2004-02-10,76.04093170166016,31.34140396118164,43.92067337036133,41.25345230102539,
2004-02-11,76.84866333007812,31.678617477416992,44.188777923583984,41.5611572265625,
2004-02-12,76.57062530517578,31.400421142578125,43.887168884277344,41.385990142822266,
2004-02-13,76.22632598876953,31.139102935791016,43.43660354614258,41.5611572265625,
2004-02-17,76.9148941040039,31.56056785583496,44.19995880126953,41.532737731933594,
2004-02-18,76.57720184326172,31.653305053710938,43.87599182128906,41.58957290649414,
2004-02-19,76.29255676269531,31.172805786132812,43.101470947265625,41.63214874267578,
2004-02-20,76.0607681274414,31.071666717529297,43.0269889831543,41.343406677246094,
2004-02-23,75.86878967285156,30.726055145263672,42.37908935546875,41.59904479980469,
2004-02-24,75.73634338378906,30.650188446044922,42.37535858154297,41.67475891113281,
2004-02-25,76.05418395996094,30.83563995361328,42.97114944458008,41.741065979003906,
2004-02-26,76.10050201416016,30.91150665283203,43.231788635253906,41.608482360839844,
2004-02-27,76.15347290039062,30.827199935913086,43.45522689819336,41.96825408935547,
2004-03-01,76.90824890136719,31.231834411621094,44.144100189208984,41.95208740234375,
2004-03-02,76.45804595947266,30.869348526000977,43.794071197509766,41.685935974121094,
2004-03-03,76.5970687866211,30.70077133178711,43.8387565612793,41.60986328125,
2004-03-04,76.79570770263672,30.987356185913086,44.39358901977539,41.79524612426758,
2004-03-05,77.05390930175781,30.877779006958008,44.494144439697266,42.60319519042969,
2004-03-08,76.11375427246094,30.15284538269043,43.86482238769531,42.85508728027344,
2004-03-09,75.8091812133789,30.06011199951172,43.492462158203125,43.14027786254883,
2004-03-10,74.53799438476562,29.663925170898438,42.580169677734375,43.11173629760742,
2004-03-11,73.57137298583984,29.3941650390625,42.15194320678711,43.17354965209961,
2004-03-12,74.53799438476562,29.93366241455078,43.28765106201172,42.907405853271484,
2004-03-15,73.6242904663086,29.411026000976562,42.170562744140625,42.978660583496094,
2004-03-16,74.01493072509766,29.461618423461914,42.18918228149414,43.3350830078125,
2004-03-17,74.84254455566406,29.925247192382812,42.97114944458008,43.2638053894043,
2004-03-18,74.86238861083984,29.790363311767578,42.710479736328125,43.035675048828125,
2004-03-19,73.78938293457031,29.29302215576172,42.33812713623047,42.978660583496094,
2004-03-22,72.85257720947266,28.92210578918457,41.52263641357422,43.24006652832031,
2004-03-23,72.72630310058594,28.686065673828125,41.5933952331543,43.31610107421875,
2004-03-24,72.78611755371094,29.014829635620117,41.53752899169922,43.29230499267578,
2004-03-25,73.74951171875,29.790363311767578,42.4945068359375,43.125972747802734,
2004-03-26,73.76945495605469,29.68922233581543,42.60234069824219,42.66975402832031,
2004-03-29,74.80594635009766,30.16970443725586,43.4193000793457,42.384578704833984,
2004-03-30,75.05844116210938,30.27086639404297,43.773704528808594,42.35605239868164,
2004-03-31,75.14480590820312,30.211851119995117,43.87068176269531,42.560428619384766,
2004-04-01,75.59661102294922,30.48158836364746,44.35193634033203,42.42109298706055,
2004-04-02,76.16799926757812,31.27397918701172,44.91523361206055,41.37141036987305,
2004-04-05,76.5865478515625,31.569015502929688,45.045799255371094,41.04698944091797,
2004-04-06,76.34070587158203,31.172805786132812,44.49742126464844,41.27123260498047,
2004-04-07,76.16133880615234,31.139102935791016,44.83315658569336,41.175811767578125,
2004-04-08,75.98860168457031,31.139102935791016,44.43399429321289,41.0565185546875,
2004-04-12,76.28755950927734,31.332996368408203,44.54964828491211,40.90863037109375,
2004-04-13,75.21788787841797,30.877779006958008,43.51256561279297,40.46489715576172,
2004-04-14,75.33744049072266,31.02952003479004,43.37826919555664,40.431495666503906,
2004-04-15,75.05174255371094,30.473154067993164,43.04251480102539,40.19292068481445,
2004-04-16,75.6297836303711,30.422576904296875,43.37081527709961,40.34561538696289,
2004-04-19,75.6297836303711,30.793485641479492,43.691627502441406,40.25973892211914,
2004-04-20,74.36077880859375,30.076961517333984,42.72543716430664,39.89234161376953,
2004-04-21,74.85907745361328,30.33827781677246,43.423038482666016,40.087974548339844,
2004-04-22,75.90885925292969,31.12224578857422,44.019920349121094,40.3265266418457,
2004-04-23,75.98189544677734,31.3667049407959,43.926666259765625,40.0975341796875,
2004-04-26,75.87561798095703,31.139102935791016,44.019920349121094,40.164306640625,
2004-04-27,75.94210052490234,31.080081939697266,43.908016204833984,40.31698226928711,
2004-04-28,74.958740234375,30.515302658081055,42.99028015136719,39.940059661865234,
2004-04-29,74.30097961425781,30.043241500854492,42.136016845703125,39.744441986083984,
2004-04-30,73.72295379638672,29.30987548828125,41.44960403442383,39.906639099121094,
2004-05-03,74.51361083984375,29.588048934936523,41.994266510009766,39.956939697265625,
2004-05-04,74.45382690429688,29.714508056640625,42.229278564453125,39.68391799926758,
2004-05-05,74.93216705322266,29.950532913208008,42.41578674316406,39.573753356933594,
2004-05-06,74.28768157958984,29.722911834716797,41.79653549194336,39.468387603759766,
2004-05-07,73.05854797363281,29.47846031188965,40.606502532958984,38.95106506347656,
2004-05-10,72.30777740478516,29.225563049316406,39.88651657104492,38.86003875732422,
2004-05-11,72.91903686523438,29.663925170898438,40.75571823120117,39.03731155395508,
2004-05-12,73.38412475585938,29.722911834716797,41.06535720825195,38.77865219116211,
2004-05-13,73.07847595214844,29.512184143066406,40.502052307128906,38.630165100097656,
2004-05-14,73.11170959472656,29.29302215576172,40.34537887573242,38.94627380371094,
2004-05-17,72.48715209960938,29.014829635620117,39.96113204956055,39.291175842285156,
2004-05-18,72.85257720947266,29.27614974975586,40.412506103515625,39.13788986206055,
2004-05-19,72.60009765625,29.2424373626709,40.125274658203125,39.00856018066406,
2004-05-20,72.83263397216797,29.377315521240234,40.20735168457031,39.31029510498047,
2004-05-21,72.95889282226562,29.520618438720703,40.58412170410156,39.15225601196289,
2004-05-24,73.2645263671875,29.722911834716797,41.110111236572266,39.27678680419922,
2004-05-25,74.31427764892578,30.312992095947266,41.9681510925293,39.391727447509766,
2004-05-26,74.57337188720703,30.50686264038086,42.25539016723633,39.60249328613281,
2004-05-27,74.99199676513672,30.70077133178711,42.26658248901367,39.91387176513672,
2004-05-28,74.98532104492188,30.810359954833984,42.341190338134766,39.803680419921875,
2004-06-01,74.88565826416016,30.768199920654297,42.74409866333008,39.439178466796875,
2004-06-02,75.16471099853516,30.70077133178711,42.60234069824219,39.33822250366211,
2004-06-03,74.47370147705078,30.329858779907227,41.781620025634766,39.41997528076172,
2004-06-04,75.06504821777344,30.50686264038086,42.30388259887695,39.18915939331055,
2004-06-07,76.20783996582031,31.231834411621094,43.06863784790039,39.19878387451172,
2004-06-08,76.31412506103516,31.27397918701172,43.027610778808594,39.27089309692383,
2004-06-09,75.60321807861328,30.83563995361328,42.247928619384766,39.10260009765625,
2004-06-10,75.97530364990234,31.054800033569336,42.41578674316406,39.17951583862305,
2004-06-14,75.22452545166016,30.616453170776367,41.583900451660156,38.866966247558594,
2004-06-15,75.75605010986328,31.012676239013672,42.341190338134766,39.68925857543945,
2004-06-16,75.74274444580078,30.962108612060547,42.42326354980469,39.53538513183594,
2004-06-17,75.6297836303711,30.675474166870117,42.31509017944336,39.7950325012207,
2004-06-18,75.77250671386719,30.717626571655273,42.46055221557617,39.708473205566406,
2004-06-21,75.48575592041016,30.473154067993164,42.292701721191406,39.737300872802734,
2004-06-22,75.86588287353516,30.919940948486328,42.62099838256836,39.617095947265625,
2004-06-23,76.51939392089844,31.29083251953125,43.26261520385742,39.694026947021484,
2004-06-24,76.279296875,31.231834411621094,43.10594940185547,39.934478759765625,
2004-06-25,75.9124984741211,31.467870712280273,43.61275863647461,39.972930908203125,
2004-06-28,75.65247344970703,31.206527709960938,43.52299880981445,39.564231872558594,
2004-06-29,75.96587371826172,31.50157928466797,43.88581848144531,39.814273834228516,
2004-06-30,76.37267303466797,31.813474655151367,44.13267135620117,40.222984313964844,
2004-07-01,75.3124008178711,31.223403930664062,43.3284912109375,40.298282623291016,
2004-07-02,75.27238464355469,31.0379638671875,43.46314239501953,40.723121643066406,
2004-07-06,74.6122055053711,30.372005462646484,42.68513870239258,40.65552520751953,
2004-07-07,74.83226013183594,30.431032180786133,42.63278579711914,40.670013427734375,
2004-07-08,74.31214904785156,30.09383773803711,41.858516693115234,40.69419479370117,
2004-07-09,74.50553894042969,30.135974884033203,42.135311126708984,40.73760223388672,
2004-07-12,74.5388412475586,30.009531021118164,41.89219284057617,40.795536041259766,
2004-07-13,74.59223937988281,29.967384338378906,41.948307037353516,40.67485427856445,
2004-07-14,74.36547088623047,29.663925170898438,41.70515823364258,40.68937301635742,
2004-07-15,73.88539123535156,29.562759399414062,41.79867935180664,40.73276901245117,
2004-07-16,73.82534790039062,29.225563049316406,41.33113098144531,41.2735481262207,
2004-07-19,73.51193237304688,29.16656494140625,41.27877426147461,41.30248260498047,
2004-07-20,74.44550323486328,29.866235733032227,42.097930908203125,40.93075180053711,
2004-07-21,73.07181549072266,28.997987747192383,40.77757263183594,40.819705963134766,
2004-07-22,73.27194213867188,29.3941650390625,40.84490966796875,40.87763595581055,
2004-07-23,72.65839385986328,28.83782386779785,40.261390686035156,41.012813568115234,
2004-07-26,72.51835632324219,28.71137809753418,39.734004974365234,40.819705963134766,
2004-07-27,73.19850158691406,29.107563018798828,40.47460174560547,40.269325256347656,
2004-07-28,73.41859436035156,28.981111526489258,40.44091796875,40.27415466308594,
2004-07-29,73.73197937011719,29.31830596923828,40.91970443725586,40.36588668823242,
2004-07-30,73.91203308105469,29.411026000976562,41.14411163330078,40.83898162841797,
2004-08-02,74.06541442871094,29.470020294189453,40.994510650634766,40.89229965209961,
2004-08-03,73.49190521240234,28.854656219482422,40.407283782958984,41.05710220336914,
2004-08-04,73.4852523803711,28.86311149597168,40.37358856201172,41.07651138305664,
2004-08-05,72.28496551513672,28.32360076904297,39.629276275634766,41.192848205566406,
2004-08-06,71.25132751464844,27.581798553466797,38.798892974853516,41.88591766357422,
2004-08-09,71.3514175415039,27.64923858642578,38.67548370361328,41.740516662597656,
2004-08-10,72.27159881591797,27.994855880737305,39.281394958496094,41.59027862548828,
2004-08-11,72.12490844726562,27.750381469726562,39.22903823852539,41.76956558227539,
2004-08-12,71.33804321289062,27.371055603027344,38.66426086425781,41.85685348510742,
2004-08-13,71.47808837890625,27.413206100463867,38.656761169433594,41.9925422668457,
2004-08-16,72.21826934814453,27.7250919342041,39.318817138671875,41.84719467163086,
2004-08-17,72.6250228881836,28.03700065612793,39.565673828125,42.08467483520508,
2004-08-18,73.37190246582031,28.534351348876953,40.4110107421875,41.88105392456055,
2004-08-19,73.1584701538086,28.38259506225586,40.066898345947266,41.982826232910156,
2004-08-20,73.6719970703125,28.669219970703125,40.77757263183594,41.94408416748047,
2004-08-23,73.4852523803711,28.73665428161621,40.6279411315918,41.70173645019531,
2004-08-24,73.58529663085938,28.728229522705078,40.740150451660156,41.7259635925293,
2004-08-25,74.08543395996094,29.124418258666992,40.97206497192383,41.871376037597656,
2004-08-26,74.08543395996094,28.997987747192383,40.73267364501953,42.108890533447266,
2004-08-27,74.31881713867188,29.132850646972656,41.05435562133789,42.07979202270508,
2004-08-30,73.70530700683594,28.6439208984375,40.58679962158203,42.27851486206055,
2004-08-31,74.09208679199219,28.677640914916992,40.523216247558594,42.5402717590332,
2004-09-01,74.23213195800781,28.888395309448242,41.23761749267578,42.584049224853516,
2004-09-02,75.07231903076172,29.31830596923828,41.963253021240234,42.165565490722656,
2004-09-03,74.76557159423828,28.778810501098633,41.49945831298828,42.17040252685547,
2004-09-07,75.259033203125,29.023269653320312,42.023094177246094,42.126609802246094,
2004-09-08,75.07231903076172,28.913681030273438,41.79867935180664,42.481834411621094,
2004-09-09,75.00562286376953,29.158138275146484,42.14653396606445,42.32123565673828,
2004-09-10,75.39242553710938,29.60491180419922,42.53553771972656,42.38453674316406,
2004-09-13,75.6391372680664,29.99265480041504,42.76368713378906,42.56943130493164,
2004-09-14,75.79253387451172,30.034820556640625,42.677677154541016,42.61322021484375,
2004-09-15,75.21903991699219,29.714508056640625,42.41958999633789,42.51593780517578,
2004-09-16,75.4457778930664,29.773515701293945,42.87590408325195,42.997642517089844,
2004-09-17,75.76652526855469,29.866235733032227,42.80111312866211,42.78357696533203,
2004-09-20,75.31118774414062,29.866235733032227,42.6103401184082,43.06577682495117,
2004-09-21,75.6392593383789,29.98424530029297,42.9320068359375,43.192298889160156,
2004-09-22,74.69512939453125,29.461618423461914,42.20637512207031,43.63999557495117,
2004-09-23,74.2933578491211,29.436311721801758,42.16523742675781,43.46482467651367,
2004-09-24,74.6348648071289,29.33514976501465,42.24209213256836,43.51832962036133,
2004-09-27,74.15946197509766,29.082271575927734,41.79219055175781,43.70811462402344,
2004-09-28,74.51432037353516,29.14128303527832,42.29084777832031,43.53292465209961,
2004-09-29,74.88931274414062,29.571189880371094,42.68450927734375,43.109580993652344,
2004-09-30,74.83576965332031,29.62177276611328,42.68450927734375,42.94415283203125,
2004-10-01,76.101318359375,30.431032180786133,43.760520935058594,42.72966003417969,
2004-10-04,76.228515625,30.6080322265625,44.00798416137695,42.793148040771484,
2004-10-05,76.2686767578125,30.650188446044922,43.96672058105469,42.793148040771484,
2004-10-06,76.79102325439453,30.894655227661133,44.251644134521484,42.59772491455078,
2004-10-07,75.96736145019531,30.549030303955078,43.51306915283203,42.41202926635742,
2004-10-08,75.33798217773438,29.99265480041504,42.9656867980957,42.973915100097656,
2004-10-11,75.64600372314453,30.135974884033203,43.16815185546875,43.01790237426758,
2004-10-12,75.3513412475586,30.08540916442871,43.06691360473633,43.115623474121094,
2004-10-13,74.68844604492188,30.017963409423828,42.44081115722656,43.271995544433594,
2004-10-14,74.08575439453125,29.88308334350586,42.163352966308594,43.47719955444336,
2004-10-15,74.5009536743164,30.034820556640625,42.5982780456543,43.325748443603516,
2004-10-18,74.78221893310547,30.464738845825195,42.778236389160156,43.345298767089844,
2004-10-19,74.1527328491211,30.24555778503418,42.33582305908203,43.45768356323242,
2004-10-20,74.00543212890625,30.388891220092773,42.557044982910156,43.75572967529297,
2004-10-21,74.4875259399414,30.85250473022461,43.096927642822266,43.785030364990234,
2004-10-22,73.6505355834961,30.178131103515625,42.36206817626953,43.88764572143555,
2004-10-25,73.56346893310547,30.034820556640625,42.81571578979492,43.92189025878906,
2004-10-26,74.68844604492188,30.194971084594727,43.37809753417969,43.7899169921875,
2004-10-27,75.585693359375,30.962108612060547,43.8017578125,43.35993957519531,
2004-10-28,75.8133773803711,31.155961990356445,43.64055252075195,43.50168991088867,
2004-10-29,75.79998016357422,31.10538673400879,43.561824798583984,43.701961517333984,
2004-11-01,76.00758361816406,31.223403930664062,43.9067268371582,43.430137634277344,
2004-11-02,76.03433227539062,31.324569702148438,43.73426818847656,43.49393081665039,
2004-11-03,76.99186706542969,31.53530502319336,44.439117431640625,43.51359939575195,
2004-11-04,78.0431900024414,31.71231460571289,44.98274612426758,43.557762145996094,
2004-11-05,78.53202056884766,31.99892234802246,45.18522262573242,43.081790924072266,
2004-11-08,78.41816711425781,32.03264236450195,45.0277214050293,42.92973327636719,
2004-11-09,78.26414489746094,31.965208053588867,45.1889533996582,42.905235290527344,
2004-11-10,78.32440185546875,31.855628967285156,45.515140533447266,42.7432861328125,
2004-11-11,78.9203872680664,32.277099609375,45.965049743652344,42.65008544921875,
2004-11-12,79.54312133789062,32.588993072509766,46.43367385864258,43.11125946044922,
2004-11-15,79.73857879638672,32.732303619384766,46.696136474609375,43.15047836303711,
2004-11-16,79.16769409179688,32.529998779296875,46.28371810913086,43.15047836303711,
2004-11-17,79.6378402709961,32.96833038330078,46.53118896484375,43.51848220825195,
2004-11-18,79.74524688720703,33.120059967041016,46.45992660522461,43.65094757080078,44.380001068115234
2004-11-19,78.85877990722656,32.60586929321289,45.965049743652344,43.302608489990234,44.779998779296875
2004-11-22,79.23486328125,32.917747497558594,46.45243835449219,43.528282165527344,44.95000076293945
2004-11-23,79.35575103759766,32.8671760559082,46.741127014160156,43.58226013183594,44.75
2004-11-24,79.5438003540039,33.153778076171875,47.022300720214844,43.58226013183594,45.04999923706055
2004-11-26,79.48332214355469,33.05262756347656,47.052303314208984,43.297706604003906,45.290000915527344
2004-11-29,79.12068939208984,33.04421615600586,47.22101593017578,42.836524963378906,45.400001525878906
2004-11-30,79.17439270019531,32.97677993774414,47.56966781616211,42.65498352050781,45.119998931884766
2004-12-01,80.0743179321289,33.6511344909668,48.01210021972656,42.58846664428711,45.380001068115234
2004-12-02,80.14152526855469,33.7775764465332,47.944610595703125,42.41609191894531,44.95000076293945
2004-12-03,80.08776092529297,33.82815170288086,47.85464859008789,43.076168060302734,45.599998474121094
2004-12-06,80.06092071533203,33.94619369506836,47.629669189453125,43.22393798828125,45.16999816894531
2004-12-07,79.3154296875,33.36453628540039,46.79359817504883,43.27815246582031,45.11000061035156
2004-12-08,79.77881622314453,33.55841827392578,47.314754486083984,43.95306396484375,44.0099983215332
2004-12-09,80.06092071533203,33.76072692871094,46.95482635498047,43.66240692138672,43.779998779296875
2004-12-10,80.14152526855469,33.65957260131836,47.314754486083984,43.77080535888672,43.439998626708984
2004-12-13,80.8399429321289,33.954612731933594,47.832149505615234,43.864410400390625,43.90999984741211
2004-12-14,81.12203979492188,34.1231803894043,48.090824127197266,44.036800384521484,43.54999923706055
2004-12-15,81.18245697021484,33.996761322021484,48.49199295043945,44.43589782714844,43.9900016784668
2004-12-16,81.13548278808594,33.67641830444336,48.11333084106445,43.780662536621094,43.68000030517578
2004-12-17,80.59424591064453,33.5904655456543,47.91837692260742,43.72153854370117,44.189998626708984
2004-12-20,80.61454010009766,33.3607063293457,47.86212921142578,43.800376892089844,44.34000015258789
2004-12-21,81.23529052734375,33.76921081542969,48.36825942993164,43.933380126953125,44.220001220703125
2004-12-22,81.43102264404297,33.81174087524414,48.462005615234375,43.78557205200195,44.02000045776367
2004-12-23,81.49175262451172,33.8372802734375,48.586483001708984,43.64271926879883,44.27000045776367
2004-12-27,81.32307434082031,33.69260787963867,48.27432632446289,43.30277633666992,44.47999954223633
2004-12-28,81.76838684082031,34.01598358154297,48.91371536254883,43.268310546875,44.369998931884766
2004-12-29,81.88986206054688,34.058536529541016,48.90996170043945,43.22393798828125,43.65999984741211
2004-12-30,81.73467254638672,34.032997131347656,48.736942291259766,43.51462936401367,43.83000183105469
2004-12-31,81.55921173095703,33.97343444824219,48.70684814453125,43.78908157348633,43.79999923706055
2005-01-03,81.17459869384766,33.61600875854492,48.074974060058594,43.88307571411133,43.02000045776367
2005-01-04,80.18270874023438,33.00326919555664,47.044429779052734,43.42313766479492,42.7400016784668
2005-01-05,79.62936401367188,32.79899215698242,46.10414505004883,43.655540466308594,42.66999816894531
2005-01-06,80.03426361083984,32.63730239868164,46.34861755371094,43.68525695800781,42.150001525878906
2005-01-07,79.91956329345703,32.80752944946289,45.83334732055664,43.78410339355469,41.84000015258789
2005-01-10,80.29740142822266,32.790496826171875,46.299713134765625,43.85340118408203,41.95000076293945
2005-01-11,79.74408721923828,32.56072235107422,45.73553466796875,44.11052322387695,42.209999084472656
2005-01-12,80.00727081298828,32.83305358886719,45.92359161376953,44.16987228393555,42.599998474121094
2005-01-13,79.36622619628906,32.399017333984375,45.78445053100586,44.59511947631836,42.599998474121094
2005-01-14,79.78459930419922,32.70539855957031,46.220741271972656,44.590187072753906,42.31999969482422
2005-01-18,80.61454010009766,32.952178955078125,46.76985168457031,44.738521575927734,42.31999969482422
2005-01-19,79.77106475830078,32.407535552978516,46.10036849975586,44.86715316772461,42.2599983215332
2005-01-20,79.2852554321289,31.786285400390625,45.8258171081543,44.956119537353516,42.25
2005-01-21,78.79939270019531,31.530946731567383,45.72050476074219,45.00558853149414,42.7400016784668
2005-01-24,78.64423370361328,31.088417053222656,45.37071228027344,45.19842529296875,42.77000045776367
2005-01-25,78.86688995361328,31.241600036621094,45.4873161315918,44.77317428588867,42.2400016784668
2005-01-26,79.10308074951172,31.616058349609375,46.09284591674805,44.85723876953125,42.689998626708984
2005-01-27,79.23802947998047,31.573503494262695,46.22451400756836,44.77317428588867,42.619998931884766
2005-01-28,79.23802947998047,31.420326232910156,46.186893463134766,45.22319030761719,42.689998626708984
2005-01-31,79.73060607910156,31.828828811645508,46.72849655151367,45.35177230834961,42.220001220703125
2005-02-01,80.23667907714844,31.93094825744629,46.99177932739258,45.279781341552734,42.099998474121094
2005-02-02,80.47957611083984,31.982017517089844,47.34907150268555,45.38398361206055,42.15999984741211
2005-02-03,80.27042388916016,31.616058349609375,47.08954620361328,45.35917282104492,41.68000030517578
2005-02-04,81.12738800048828,32.12670135498047,47.68381118774414,45.989601135253906,41.470001220703125
2005-02-07,81.0194091796875,32.05860137939453,47.672515869140625,46.33209991455078,41.27000045776367
2005-02-08,81.1138687133789,32.11817932128906,47.789119720458984,46.59520721435547,41.2599983215332
2005-02-09,80.506591796875,31.58202362060547,46.76985168457031,46.719276428222656,41.310001373291016
2005-02-10,80.7967300415039,31.616058349609375,46.85260772705078,46.0888786315918,41.75
2005-02-11,81.49175262451172,32.084129333496094,47.616119384765625,46.0590934753418,42.08000183105469
2005-02-14,81.43102264404297,32.228824615478516,47.57475280761719,46.20308303833008,42.54999923706055
2005-02-15,81.73467254638672,32.44157791137695,47.616119384765625,45.969749450683594,42.58000183105469
2005-02-16,81.78863525390625,32.32242202758789,47.759033203125,45.796024322509766,42.52000045776367
2005-02-17,81.12738800048828,31.88839340209961,47.33778762817383,45.50812911987305,42.72999954223633
2005-02-18,81.23529052734375,31.786285400390625,47.22120666503906,45.101078033447266,42.75
2005-02-22,80.02747344970703,31.39480209350586,46.299713134765625,44.90250015258789,43.56999969482422
2005-02-23,80.60106658935547,31.437334060668945,46.574283599853516,45.051422119140625,43.41999816894531
2005-02-24,81.13410949707031,31.837343215942383,47.01057434082031,44.9521484375,43.33000183105469
2005-02-25,81.93708038330078,32.016048431396484,47.79289245605469,45.17056655883789,43.5
2005-02-28,81.39728546142578,31.675628662109375,47.49576950073242,44.684165954589844,43.529998779296875
2005-03-01,81.80213928222656,32.02457046508789,47.860599517822266,44.67015838623047,43.220001220703125
2005-03-02,81.76162719726562,32.00753402709961,47.774078369140625,44.61041259765625,43.25
2005-03-03,81.79536437988281,31.743701934814453,47.815467834472656,44.58552932739258,42.970001220703125
2005-03-04,82.81432342529297,31.93094825744629,48.402164459228516,45.068580627441406,43.380001068115234
2005-03-07,82.85476684570312,32.39052200317383,48.28184127807617,45.24778366088867,43.470001220703125
2005-03-08,82.54440307617188,32.0671272277832,47.82297897338867,44.81954574584961,44.029998779296875
2005-03-09,81.62669372558594,31.973508834838867,47.2813835144043,44.08755874633789,44.02000045776367
2005-03-10,81.80889129638672,31.93094825744629,47.078269958496094,44.35649871826172,44.20000076293945
2005-03-11,81.23529052734375,31.63310432434082,47.044429779052734,44.032798767089844,44.43000030517578
2005-03-14,81.74139404296875,31.777746200561523,47.39795684814453,44.29671096801758,44.029998779296875
2005-03-15,81.06664276123047,31.522443771362305,47.078269958496094,44.01786422729492,44.060001373291016
2005-03-16,80.37842559814453,31.165021896362305,46.81499481201172,44.286773681640625,44.310001373291016
2005-03-17,80.54031372070312,31.241600036621094,46.81499481201172,44.43118667602539,43.81999969482422
2005-03-18,80.30120849609375,31.071392059326172,46.56300735473633,44.152313232421875,43.88999938964844
2005-03-21,80.00315856933594,31.13097381591797,46.619415283203125,44.02783966064453,43.09000015258789
2005-03-22,79.19020080566406,30.748003005981445,46.299713134765625,43.65436935424805,42.650001525878906
2005-03-23,79.25794982910156,30.85862922668457,45.961212158203125,43.86348342895508,42.41999816894531
2005-03-24,79.3528060913086,30.86714744567871,46.130462646484375,43.9531364440918,42.38999938964844
2005-03-28,79.46797180175781,30.926721572875977,46.149349212646484,43.68423843383789,42.540000915527344
2005-03-29,78.93961334228516,30.679935455322266,45.48820495605469,43.94321823120117,42.560001373291016
2005-03-30,80.05731964111328,31.25865364074707,46.15691375732422,44.16228103637695,42.61000061035156
2005-03-31,79.90829467773438,31.122468948364258,46.149349212646484,44.4809684753418,42.81999969482422
2005-04-01,79.54922485351562,30.807571411132812,45.95668411254883,44.63092041015625,42.619998931884766
2005-04-04,79.68474578857422,31.028852462768555,46.12668991088867,44.620887756347656,42.400001525878906
2005-04-05,80.06410217285156,31.11395263671875,46.209815979003906,44.505958557128906,42.45000076293945
2005-04-06,80.3418197631836,31.062894821166992,46.3533821105957,44.66086959838867,42.630001068115234
2005-04-07,80.7754135131836,31.437334060668945,46.53472137451172,44.30104064941406,42.56999969482422
2005-04-08,79.93537902832031,31.182024002075195,45.828224182128906,44.45600128173828,42.689998626708984
2005-04-11,79.9963607788086,31.0458927154541,45.60154724121094,44.695858001708984,42.779998779296875
2005-04-12,80.40959167480469,31.199052810668945,46.02846908569336,45.110687255859375,42.84000015258789
2005-04-13,79.461181640625,30.688446044921875,45.204833984375,45.00075149536133,42.900001525878906
2005-04-14,78.42473602294922,30.25440216064453,44.2981071472168,44.93077850341797,42.310001373291016
2005-04-15,77.32732391357422,29.565053939819336,43.68982696533203,45.52549362182617,42.400001525878906
2005-04-18,77.56438446044922,29.57357406616211,43.96939468383789,45.49052810668945,42.689998626708984
2005-04-19,78.1808853149414,29.777830123901367,44.694793701171875,45.93035888671875,43.279998779296875
2005-04-20,77.09024047851562,29.53101348876953,43.995845794677734,45.8154182434082,43.400001525878906
2005-04-21,78.58732604980469,30.313983917236328,45.07262420654297,45.33560562133789,43.189998626708984
2005-04-22,78.28925323486328,29.862932205200195,44.34343719482422,45.71544647216797,43.38999938964844
2005-04-25,78.80408477783203,30.1097354888916,44.75148391723633,45.85034942626953,43.439998626708984
2005-04-26,78.03860473632812,29.82887840270996,44.12052536010742,45.7803955078125,43.63999938964844
2005-04-27,78.34342956542969,29.871440887451172,44.10163497924805,45.94034194946289,43.20000076293945
2005-04-28,77.36119079589844,29.57357406616211,42.97575378417969,46.280216217041016,43.0
2005-04-29,78.41120147705078,29.76932144165039,43.5387077331543,46.20022964477539,43.349998474121094
2005-05-02,78.85150146484375,29.888460159301758,43.98451232910156,46.19019317626953,42.880001068115234
2005-05-03,78.98701477050781,30.041648864746094,44.203651428222656,46.31559753417969,42.7599983215332
2005-05-04,79.59664916992188,30.407590866088867,44.694793701171875,45.90927505493164,42.900001525878906
2005-05-05,79.56959533691406,30.433120727539062,44.68724060058594,46.01463317871094,42.90999984741211
2005-05-06,79.31892395019531,30.518234252929688,44.845924377441406,45.673587799072266,42.52000045776367
2005-05-09,79.8134765625,30.662899017333984,45.276615142822266,45.71867752075195,42.54999923706055
2005-05-10,78.98701477050781,30.441638946533203,44.73637008666992,46.044734954833984,42.63999938964844
2005-05-11,79.42053985595703,30.59482192993164,44.759029388427734,46.1851806640625,42.689998626708984
2005-05-12,78.54666900634766,30.509706497192383,44.052528381347656,46.365745544433594,42.15999984741211
2005-05-13,78.39085388183594,30.84162712097168,43.893836975097656,46.546329498291016,41.95000076293945
2005-05-16,79.12246704101562,31.0458927154541,44.57012176513672,46.49113845825195,41.880001068115234
2005-05-17,79.65087890625,31.23309326171875,44.834590911865234,46.621543884277344,41.86000061035156
2005-05-18,80.47056579589844,31.658601760864258,45.7337646484375,46.93254089355469,42.04999923706055
2005-05-19,80.80925750732422,31.92243766784668,45.847110748291016,46.81217956542969,41.97999954223633
2005-05-20,80.69409942626953,32.05009460449219,45.79043197631836,46.86727523803711,41.650001525878906
2005-05-23,81.14120483398438,32.21178436279297,46.092689514160156,47.23347091674805,41.619998931884766
2005-05-24,80.95149993896484,32.313934326171875,45.903778076171875,47.36385726928711,41.72999954223633
2005-05-25,80.89055633544922,32.177757263183594,45.55997848510742,47.032875061035156,41.869998931884766
2005-05-26,81.3240737915039,32.50115203857422,46.194698333740234,47.017799377441406,41.689998626708984
2005-05-27,81.45957946777344,32.5181770324707,46.45161056518555,47.067970275878906,41.880001068115234
2005-05-31,80.93795776367188,32.407535552978516,46.3533821105957,47.6497688293457,41.650001525878906
2005-06-01,81.62895202636719,32.67134094238281,46.87853240966797,48.23324966430664,41.529998779296875
2005-06-02,81.80506896972656,32.901126861572266,47.006980895996094,48.349037170410156,42.099998474121094
2005-06-03,81.39183807373047,32.42454147338867,46.66318893432617,47.951332092285156,42.16999816894531
2005-06-06,81.31734466552734,32.433067321777344,46.83696746826172,48.20304870605469,42.47999954223633
2005-06-07,81.37828063964844,32.160736083984375,46.931427001953125,48.58563995361328,42.380001068115234
2005-06-08,81.22924041748047,32.09263610839844,46.632965087890625,48.354095458984375,42.34000015258789
2005-06-09,81.61540222167969,32.2968864440918,47.090110778808594,48.313819885253906,42.27000045776367
2005-06-10,81.42572784423828,31.956470489501953,47.18834686279297,47.770076751708984,42.619998931884766
2005-06-13,81.68311309814453,32.10966491699219,47.3998908996582,47.4831657409668,42.779998779296875
2005-06-14,81.872802734375,31.982017517089844,47.80794143676758,47.17101287841797,42.599998474121094
2005-06-15,82.02862548828125,32.084129333496094,47.93638229370117,47.25659942626953,42.7400016784668
2005-06-16,82.23860931396484,32.25434112548828,48.4048957824707,47.493221282958984,43.459999084472656
2005-06-17,82.5433120727539,32.25861358642578,48.37466049194336,47.48816680908203,43.630001068115234
2005-06-20,82.57052612304688,32.25861358642578,48.227725982666016,47.40762710571289,43.65999984741211
2005-06-21,82.61812591552734,32.24155807495117,48.364051818847656,47.755001068115234,43.810001373291016
2005-06-22,82.6861343383789,32.20750427246094,48.47766876220703,48.333953857421875,43.720001220703125
2005-06-23,81.52313232421875,31.849720001220703,47.621856689453125,48.28361892700195,44.02000045776367
2005-06-24,80.92455291748047,31.49195098876953,47.114444732666016,48.525245666503906,43.900001525878906
2005-06-27,81.0401840209961,31.347126007080078,47.235618591308594,48.656124114990234,43.90999984741211
2005-06-28,81.72032165527344,31.64528465270996,47.97024154663086,48.3238410949707,43.45000076293945
2005-06-29,81.50269317626953,31.577133178710938,48.34889602661133,48.248355865478516,43.630001068115234
2005-06-30,81.0605697631836,31.330097198486328,48.242881774902344,48.68128967285156,43.439998626708984
2005-07-01,81.29862976074219,31.287548065185547,48.45492172241211,48.09123611450195,42.70000076293945
2005-07-05,81.95157623291016,31.611215591430664,49.21982955932617,47.63662338256836,42.279998779296875
2005-07-06,81.26461791992188,31.457868576049805,48.77301788330078,47.899314880371094,42.25
2005-07-07,81.58432006835938,31.568626403808594,48.909339904785156,48.000328063964844,42.36000061035156
2005-07-08,82.51611328125,32.17341995239258,49.96205520629883,47.803321838378906,42.2599983215332
2005-07-11,82.93778991699219,32.471561431884766,50.57551956176758,47.803321838378906,42.540000915527344
2005-07-12,83.1554183959961,32.62487030029297,50.41645431518555,47.53558349609375,42.63999938964844
2005-07-13,83.27107238769531,32.70154571533203,50.30284118652344,47.46489715576172,42.349998474121094
2005-07-14,83.5975570678711,33.025245666503906,49.939327239990234,47.3436279296875,41.900001525878906
2005-07-15,83.5499496459961,33.127464294433594,49.98478698730469,47.46992111206055,42.04999923706055
2005-07-18,83.21665954589844,32.99115753173828,49.696990966796875,47.1163215637207,42.0099983215332
2005-07-19,83.67237854003906,33.374507904052734,50.39374923706055,47.28301239013672,41.88999938964844
2005-07-20,83.95801544189453,33.61300277709961,51.00718307495117,47.54065704345703,42.20000076293945
2005-07-21,83.4683609008789,33.621517181396484,50.21199035644531,46.8940315246582,42.459999084472656
2005-07-22,84.02606201171875,33.57892608642578,50.98447036743164,47.25775909423828,42.45000076293945
2005-07-25,83.78800201416016,33.45115280151367,50.65122604370117,47.085994720458984,42.5099983215332
2005-07-26,83.8899917602539,33.57892608642578,50.80270004272461,47.16175842285156,42.25
2005-07-27,84.19608306884766,33.83448791503906,50.946590423583984,47.085994720458984,42.439998626708984
2005-07-28,84.72662353515625,33.99631881713867,51.46916580200195,47.50529861450195,42.75
2005-07-29,84.16206359863281,33.71522521972656,51.41617202758789,47.03548812866211,42.81999969482422
2005-08-01,84.10086822509766,33.77485656738281,51.3934440612793,46.86054229736328,43.130001068115234
2005-08-02,84.60419464111328,34.14112854003906,51.77968215942383,46.70840835571289,43.13999938964844
2005-08-03,84.82865142822266,34.124088287353516,51.522178649902344,46.936607360839844,43.529998779296875
2005-08-04,84.14850616455078,33.79188919067383,50.65878677368164,46.84025192260742,43.68000030517578
2005-08-05,83.5771255493164,33.63003158569336,49.96205520629883,46.475223541259766,43.599998474121094
2005-08-08,83.42073059082031,33.383018493652344,49.78786087036133,46.38900375366211,43.349998474121094
2005-08-09,83.92401885986328,33.604488372802734,49.86360168457031,46.56138610839844,43.34000015258789
2005-08-10,83.88321685791016,33.31486129760742,49.79544448852539,46.51070785522461,43.650001525878906
2005-08-11,84.21649169921875,33.58744812011719,50.22712326049805,46.835227966308594,44.45000076293945
2005-08-12,83.69956970214844,33.4000358581543,49.62125015258789,47.31182861328125,44.4900016784668
2005-08-15,84.21649169921875,33.604488372802734,50.15140914916992,47.190120697021484,44.130001068115234
2005-08-16,83.1214370727539,33.059326171875,49.27286911010742,47.51968765258789,44.54999923706055
2005-08-17,83.11466217041016,33.2552375793457,49.21228790283203,47.20534896850586,43.90999984741211
2005-08-18,83.10782623291016,33.08487319946289,49.05323028564453,47.555213928222656,43.83000183105469
2005-08-19,83.29828643798828,33.06782913208008,49.31074905395508,47.55015563964844,43.599998474121094
2005-08-22,83.29828643798828,33.08487319946289,49.59095001220703,47.499454498291016,43.70000076293945
2005-08-23,83.14185333251953,32.99115753173828,49.58338165283203,47.717437744140625,43.7599983215332
2005-08-24,82.40049743652344,32.79524612426758,49.38645935058594,47.7630729675293,43.59000015258789
2005-08-25,82.69978332519531,32.87190628051758,49.65910720825195,47.91520309448242,43.72999954223633
2005-08-26,82.13521575927734,32.761173248291016,48.8487663269043,47.89999771118164,43.61000061035156
2005-08-29,82.76777648925781,33.0167236328125,49.50765609741211,47.96083450317383,43.56999969482422
2005-08-30,82.33245849609375,32.897464752197266,49.28800964355469,48.2650146484375,43.0099983215332
2005-08-31,83.37309265136719,33.20411682128906,50.386173248291016,48.67071533203125,43.400001525878906
2005-09-01,83.3118896484375,33.15302276611328,50.386173248291016,48.37763977050781,44.220001220703125
2005-09-02,83.16224670410156,33.025245666503906,50.11351013183594,48.418338775634766,44.25
2005-09-06,84.13489532470703,33.51078414916992,50.86330795288086,48.077423095703125,44.27000045776367
2005-09-07,84.27772521972656,33.570404052734375,51.01475524902344,47.624603271484375,44.33000183105469
2005-09-08,83.99883270263672,33.561885833740234,50.72697448730469,47.67543411254883,44.599998474121094
2005-09-09,84.74699401855469,33.749298095703125,51.03748321533203,47.82809829711914,44.84000015258789
2005-09-12,84.57697296142578,33.842994689941406,51.26469039916992,47.49735641479492,44.88999938964844
2005-09-13,84.10767364501953,33.75780487060547,50.870853424072266,47.74671173095703,44.560001373291016
2005-09-14,83.80160522460938,33.374507904052734,50.2877082824707,47.56351089477539,44.959999084472656
2005-09-15,83.76078033447266,33.357444763183594,50.11351013183594,47.17172622680664,45.41999816894531
2005-09-16,84.35639190673828,33.561885833740234,50.69668960571289,46.86135482788086,45.81999969482422
2005-09-19,84.07635498046875,33.297821044921875,50.4543342590332,46.963172912597656,46.25
2005-09-20,83.36595916748047,33.16154098510742,49.7272834777832,47.08525466918945,46.22999954223633
2005-09-21,82.58733367919922,32.79524612426758,48.924495697021484,47.52283477783203,47.060001373291016
2005-09-22,82.8810043334961,32.91452407836914,49.174415588378906,47.47704315185547,46.36000061035156
2005-09-23,82.94934844970703,33.00819778442383,49.51472473144531,47.120826721191406,46.279998779296875
2005-09-26,83.04493713378906,33.0167236328125,49.8489990234375,46.90715026855469,46.56999969482422
2005-09-27,83.02449798583984,32.94004440307617,49.68186569213867,46.97330093383789,46.25
2005-09-28,83.10643005371094,32.948577880859375,49.61349105834961,47.28875732421875,46.79999923706055
2005-09-29,83.78263092041016,33.391536712646484,50.160465240478516,47.07506561279297,47.099998474121094
2005-09-30,84.04219055175781,33.61300277709961,50.43394088745117,46.912254333496094,46.70000076293945
2005-10-03,83.74166107177734,33.698204040527344,50.7378044128418,46.54546356201172,46.41999816894531
2005-10-04,82.7990951538086,33.47673034667969,49.97054672241211,46.6987419128418,46.45000076293945
2005-10-05,81.71302795410156,33.0167236328125,48.694313049316406,46.90303039550781,46.36000061035156
2005-10-06,81.4192886352539,32.58229446411133,48.26129913330078,46.72425842285156,47.209999084472656
2005-10-07,81.69937896728516,32.65895462036133,48.694313049316406,46.91328048706055,47.36000061035156
2005-10-10,81.00947570800781,32.480079650878906,48.1473388671875,46.88257598876953,47.369998931884766
2005-10-11,80.89334106445312,32.31822967529297,47.47886276245117,46.78555679321289,47.38999938964844
2005-10-12,80.25811767578125,31.934904098510742,46.810325622558594,46.33091735839844,46.849998474121094
2005-10-13,80.21029663085938,32.18191909790039,47.00025939941406,46.16238021850586,47.02000045776367
2005-10-14,81.05729675292969,32.42046356201172,47.79031753540039,46.09086990356445,46.79999923706055
2005-10-17,81.35782623291016,32.522666931152344,47.873870849609375,46.080623626708984,47.2599983215332
2005-10-18,80.47669219970703,32.29267501831055,47.228172302246094,46.1317253112793,47.0
2005-10-19,81.81549835205078,32.94004440307617,48.24610137939453,46.15214157104492,46.34000015258789
2005-10-20,80.37422943115234,32.6334114074707,47.34971618652344,46.27471160888672,45.97999954223633
2005-10-21,80.6884536743164,32.83785629272461,47.873870849609375,46.70383071899414,46.52000045776367
2005-10-24,81.93839263916016,33.357444763183594,48.922203063964844,46.34115219116211,46.38999938964844
2005-10-25,81.77449798583984,33.22967529296875,48.50439453125,45.9427375793457,47.060001373291016
2005-10-26,81.5354232788086,33.059326171875,48.253692626953125,45.60559844970703,46.93000030517578
2005-10-27,80.66795349121094,32.39488220214844,47.24335479736328,45.76905822753906,47.18000030517578
2005-10-28,81.82913970947266,32.64192199707031,47.90425491333008,45.774166107177734,47.220001220703125
2005-10-31,82.05453491210938,33.11042785644531,48.451229095458984,45.861000061035156,46.400001525878906
2005-11-01,82.30043029785156,33.08487319946289,48.694313049316406,45.80815505981445,45.72999954223633
2005-11-02,83.16104888916016,33.51930618286133,49.67427444458008,45.59267807006836,46.130001068115234
2005-11-03,83.5162353515625,34.021888732910156,49.8489990234375,45.2848014831543,45.959999084472656
2005-11-04,83.40696716308594,34.14112854003906,49.742645263671875,45.21297073364258,45.5099983215332
2005-11-07,83.48894500732422,34.1837272644043,49.924957275390625,45.36687088012695,45.77000045776367
2005-11-08,83.48894500732422,34.19221878051758,49.742645263671875,45.80815505981445,45.90999984741211
2005-11-09,83.59822845458984,34.20927047729492,49.909767150878906,45.33611297607422,46.560001373291016
2005-11-10,84.24712371826172,34.584083557128906,50.17564392089844,45.89020538330078,46.47999954223633
2005-11-11,84.53401947021484,34.67778396606445,50.46431350708008,45.91585922241211,46.79999923706055
2005-11-14,84.48615264892578,34.67778396606445,50.2819938659668,45.57212829589844,46.619998931884766
2005-11-15,84.1788330078125,34.51593017578125,49.552734375,45.86968994140625,46.65999984741211
2005-11-16,84.34957122802734,34.72890090942383,49.56791305541992,46.35200119018555,47.779998779296875
2005-11-17,85.13507080078125,35.188873291015625,50.42634582519531,46.46486282348633,48.47999954223633
2005-11-18,85.46977233886719,35.30814743041992,50.813743591308594,46.24937438964844,48.459999084472656
2005-11-21,85.90009307861328,35.39332580566406,51.330318450927734,46.38792419433594,48.9900016784668
2005-11-22,86.2689437866211,35.521095275878906,51.60380172729492,46.44947814941406,49.31999969482422
2005-11-23,86.76753997802734,35.606258392333984,51.66460418701172,46.2698974609375,49.150001525878906
2005-11-25,86.83586120605469,35.682945251464844,51.62660598754883,46.43927764892578,49.41999816894531
2005-11-28,86.22113800048828,35.384788513183594,50.94290542602539,46.67014694213867,49.7400016784668
2005-11-29,86.1255111694336,35.21442413330078,51.01885986328125,46.22884750366211,49.79999923706055
2005-11-30,85.66104125976562,35.1292610168457,51.23915481567383,46.17755126953125,49.099998474121094
2005-12-01,86.53532409667969,35.7851676940918,52.07480239868164,46.105438232421875,50.16999816894531
2005-12-02,86.64459228515625,35.870338439941406,52.2799186706543,46.12086868286133,50.31999969482422
2005-12-05,86.46019744873047,35.606258392333984,51.907676696777344,45.91474533081055,50.779998779296875
2005-12-06,86.62413024902344,35.72551727294922,52.06721496582031,46.383663177490234,50.88999938964844
2005-12-07,86.1186752319336,35.65738296508789,51.74815368652344,46.20849609375,51.31999969482422
2005-12-08,86.06405639648438,35.40182113647461,51.88488006591797,46.50736618041992,51.900001525878906
2005-12-09,86.28946685791016,35.53812789916992,52.143165588378906,46.141502380371094,52.400001525878906
2005-12-12,86.37139129638672,35.665889739990234,52.302677154541016,46.053871154785156,52.560001373291016
2005-12-13,86.95880889892578,35.81071090698242,52.31031036376953,46.223941802978516,51.650001525878906
2005-12-14,87.30036926269531,35.69144821166992,52.24951934814453,46.69804382324219,50.349998474121094
2005-12-15,87.0476303100586,35.751068115234375,51.717750549316406,46.58466339111328,50.2400016784668
2005-12-16,86.76744842529297,35.50431442260742,51.53544616699219,46.73924255371094,50.09000015258789
2005-12-19,86.32112884521484,34.94075012207031,50.89733123779297,46.785614013671875,50.220001220703125
2005-12-20,86.40351867675781,34.96636962890625,50.882137298583984,46.72894287109375,49.040000915527344
2005-12-21,86.54084777832031,35.12006759643555,51.49744415283203,46.64651870727539,49.369998931884766
2005-12-22,86.99404907226562,35.35061264038086,51.83378601074219,47.017513275146484,50.13999938964844
2005-12-23,87.0421142578125,35.35061264038086,51.955772399902344,47.306095123291016,50.119998931884766
2005-12-27,86.15631866455078,35.043216705322266,51.17793273925781,47.69256591796875,50.63999938964844
2005-12-28,86.34854888916016,35.000526428222656,51.48297882080078,47.559600830078125,51.470001220703125
2005-12-29,85.96403503417969,34.76996612548828,51.20843505859375,47.66310119628906,51.470001220703125
2005-12-30,85.49707794189453,34.50526809692383,50.880516052246094,47.55438995361328,51.58000183105469
2006-01-03,87.00093078613281,35.27375030517578,51.8947868347168,47.492332458496094,53.119998931884766
2006-01-04,87.41291046142578,35.64094161987305,52.176937103271484,47.60615921020508,53.29999923706055
2006-01-05,87.46788024902344,35.79463577270508,52.459075927734375,47.54927062988281,52.34000015258789
2006-01-06,88.19572448730469,36.44358825683594,53.08442687988281,47.461265563964844,53.720001220703125
2006-01-09,88.42236328125,36.58875274658203,53.43523025512695,47.492332458496094,54.599998474121094
2006-01-10,88.5115966796875,36.6143684387207,53.9156494140625,47.10942840576172,54.060001373291016
2006-01-11,88.79310607910156,36.896148681640625,53.82415008544922,47.03179931640625,54.529998779296875
2006-01-12,88.44294738769531,36.71682357788086,53.63349533081055,47.34745788574219,54.43000030517578
2006-01-13,88.36051940917969,36.69975662231445,53.65638732910156,47.62169647216797,55.439998626708984
2006-01-17,88.12018585205078,36.460655212402344,53.40470504760742,47.8338623046875,55.2599983215332
2006-01-18,87.76996612548828,36.042240142822266,53.29031753540039,47.818359375,54.06999969482422
2006-01-19,88.1064453125,36.306941986083984,54.14446258544922,47.67862319946289,55.59000015258789
2006-01-20,86.49964141845703,35.22251510620117,53.52671432495117,47.80281066894531,55.20000076293945
2006-01-23,86.80866241455078,35.231075286865234,53.694515228271484,47.78729248046875,55.77000045776367
2006-01-24,86.89793395996094,35.38475036621094,54.29697036743164,47.55438995361328,55.72999954223633
2006-01-25,86.97345733642578,35.231075286865234,54.4342155456543,47.03695297241211,56.13999938964844
2006-01-26,87.45410919189453,35.47869110107422,55.21970748901367,46.835182189941406,55.880001068115234
2006-01-27,88.264404296875,35.95688247680664,55.49422073364258,46.835182189941406,55.630001068115234
2006-01-30,88.19572448730469,36.025177001953125,55.33407974243164,46.78858184814453,56.68000030517578
2006-01-31,87.55024719238281,35.862937927246094,55.17393493652344,46.917991638183594,56.70000076293945
2006-02-01,88.16139221191406,35.99100875854492,55.74589157104492,46.757511138916016,56.70000076293945
2006-02-02,87.13826751708984,35.376216888427734,54.90700149536133,46.84576416015625,56.97999954223633
2006-02-03,86.70565032958984,34.94075012207031,54.7392692565918,47.17810821533203,56.5
2006-02-06,86.93226623535156,34.84681701660156,55.22731018066406,47.271568298339844,56.720001220703125
2006-02-07,86.16316223144531,34.69313430786133,54.33509063720703,47.048301696777344,54.599998474121094
2006-02-08,86.94596862792969,35.09444046020508,54.67824935913086,46.939273834228516,54.83000183105469
2006-02-09,86.8017807006836,34.76142883300781,54.396060943603516,47.152137756347656,56.18000030517578
2006-02-10,86.95972442626953,34.97491455078125,54.28169250488281,46.892486572265625,54.790000915527344
2006-02-13,86.8017807006836,34.573585510253906,53.923282623291016,46.89772033691406,53.720001220703125
2006-02-14,87.72191619873047,34.92367935180664,54.54860305786133,46.73151397705078,54.4900016784668
2006-02-15,88.03092956542969,35.145687103271484,55.02904510498047,46.84576416015625,53.7599983215332
2006-02-16,88.69013214111328,35.47015380859375,55.517093658447266,46.85618591308594,54.52000045776367
2006-02-17,88.44979858398438,35.18836975097656,55.40272521972656,47.230037689208984,54.959999084472656
2006-02-21,88.23008728027344,34.79558563232422,55.15871047973633,47.152137756347656,55.119998931884766
2006-02-22,88.76565551757812,35.231075286865234,55.5323486328125,47.47412109375,55.34000015258789
2006-02-23,88.63520812988281,35.137142181396484,55.49422073364258,47.35469055175781,54.63999938964844
2006-02-24,88.86178588867188,35.231075286865234,55.93655014038086,47.28199005126953,55.63999938964844
2006-02-27,88.89612579345703,35.62385940551758,56.08905792236328,47.20408248901367,55.220001220703125
2006-02-28,88.0515365600586,35.09444046020508,55.349334716796875,47.437767028808594,56.06999969482422
2006-03-01,88.8343505859375,35.5726318359375,56.35598373413086,47.1511344909668,56.099998474121094
2006-03-02,88.82747650146484,35.59825134277344,56.119564056396484,46.822837829589844,56.7400016784668
2006-03-03,88.41545867919922,35.393314361572266,55.83742141723633,46.551902770996094,56.279998779296875
2006-03-06,88.01033020019531,35.08591842651367,55.40272521972656,46.145389556884766,55.22999954223633
2006-03-07,87.87296295166016,34.8809700012207,54.60198211669922,46.176666259765625,54.95000076293945
2006-03-08,88.05838012695312,34.89806365966797,54.79264831542969,46.16106033325195,53.970001220703125
2006-03-09,87.46788024902344,34.599178314208984,54.31220245361328,46.176666259765625,54.2400016784668
2006-03-10,88.29872131347656,34.63335037231445,55.15104675292969,46.00468826293945,53.83000183105469
2006-03-13,88.46348571777344,34.73582077026367,55.26545333862305,45.96821212768555,54.310001373291016
2006-03-14,89.39051055908203,35.32500076293945,55.87551498413086,46.27568054199219,54.869998931884766
2006-03-15,89.78875732421875,35.62385940551758,56.38646697998047,46.02553176879883,55.119998931884766
2006-03-16,89.97421264648438,35.32500076293945,56.256839752197266,46.44242477416992,55.34000015258789
2006-03-17,90.04932403564453,35.41813659667969,56.4856071472168,46.30173110961914,55.119998931884766
2006-03-20,89.90458679199219,35.503597259521484,56.455108642578125,46.37464904785156,55.16999816894531
2006-03-21,89.3392333984375,35.12761306762695,55.66960144042969,46.13497543334961,54.83000183105469
2006-03-22,89.8839111328125,35.213069915771484,56.5313606262207,46.233970642089844,54.75
2006-03-23,89.69774627685547,35.11052703857422,56.775413513183594,46.08805847167969,54.70000076293945
2006-03-24,89.76671600341797,35.28996658325195,57.248512268066406,46.426822662353516,55.709999084472656
2006-03-27,89.63572692871094,35.29850387573242,57.25617599487305,46.25484085083008,56.38999938964844
2006-03-28,89.08418273925781,35.153236389160156,56.958065032958984,45.82228469848633,56.060001373291016
2006-03-29,89.6426010131836,35.81974411010742,58.01286315917969,45.60341262817383,57.06999969482422
2006-03-30,89.48402404785156,35.93082809448242,57.8599739074707,45.28555679321289,58.599998474121094
2006-03-31,89.50474548339844,35.82829666137695,58.066375732421875,45.269927978515625,58.099998474121094
2006-04-03,89.43575286865234,35.87100601196289,57.584808349609375,45.2845458984375,58.470001220703125
2006-04-04,90.00798034667969,36.06752395629883,57.84467697143555,45.23746871948242,58.33000183105469
2006-04-05,90.31817626953125,36.40932083129883,58.14279556274414,45.300228118896484,58.65999984741211
2006-04-06,90.22169494628906,36.51185989379883,58.26508331298828,44.95500564575195,59.279998779296875
2006-04-07,89.30480194091797,36.161529541015625,57.332584381103516,44.51561737060547,58.59000015258789
2006-04-10,89.44269561767578,36.11026382446289,57.271461486816406,44.59928894042969,59.599998474121094
2006-04-11,88.68431854248047,35.81974411010742,56.25490951538086,44.75621032714844,59.0099983215332
2006-04-12,88.84980773925781,35.82829666137695,56.84340286254883,44.48421859741211,59.43000030517578
2006-04-13,88.73259735107422,35.973541259765625,56.98863983154297,44.17033004760742,59.5
2006-04-17,88.6981201171875,35.59757614135742,57.026859283447266,44.332515716552734,61.09000015258789
2006-04-18,90.10448455810547,36.281158447265625,58.6242790222168,44.41096496582031,61.849998474121094
2006-04-19,90.27682495117188,36.443519592285156,59.05234146118164,44.138954162597656,63.75
2006-04-20,90.40093231201172,36.31536102294922,58.738983154296875,44.102325439453125,60.959999084472656
2006-04-21,90.41468811035156,35.888092041015625,58.609031677246094,44.358646392822266,63.20000076293945
2006-04-24,90.24927520751953,35.853919982910156,58.14279556274414,44.53651809692383,61.650001525878906
2006-04-25,89.87702178955078,35.777015686035156,58.18101119995117,44.00817108154297,62.779998779296875
2006-04-26,89.89766693115234,35.76848220825195,58.1351318359375,43.93497085571289,63.650001525878906
2006-04-27,90.33198547363281,36.11026382446289,57.653621673583984,43.992488861083984,62.959999084472656
2006-04-28,90.63534545898438,35.75992965698242,58.24216842651367,44.023887634277344,65.08999633789062
2006-05-01,89.89766693115234,35.409603118896484,57.52366638183594,43.693084716796875,65.16000366210938
2006-05-02,90.57330322265625,35.503597259521484,58.31092834472656,43.80857849121094,66.55000305175781
2006-05-03,90.23550415039062,35.45229721069336,58.211578369140625,43.71405029296875,66.45999908447266
2006-05-04,90.55950164794922,35.74284362792969,58.92240524291992,43.64052200317383,67.4800033569336
2006-05-05,91.35916137695312,36.02481460571289,59.25106430053711,43.903099060058594,67.98999786376953
2006-05-08,91.2488784790039,36.05900192260742,59.33511734008789,43.92932891845703,67.55999755859375
2006-05-09,91.42816162109375,35.922279357910156,59.25106430053711,43.903099060058594,69.68000030517578
2006-05-10,91.3798828125,35.60611343383789,58.89183044433594,43.98186111450195,70.37999725341797
2006-05-11,90.27682495117188,34.81147766113281,57.56189727783203,43.76655960083008,71.02999877929688
2006-05-12,89.09795379638672,34.34148025512695,56.17845153808594,43.40422058105469,71.12000274658203
2006-05-15,89.27721405029297,34.31587219238281,55.92622375488281,43.5775032043457,67.41000366210938
2006-05-16,89.146240234375,34.059513092041016,56.017948150634766,43.903099060058594,68.61000061035156
2006-05-17,87.4502944946289,33.598114013671875,54.99374008178711,43.6300163269043,68.1500015258789
2006-05-18,87.00910186767578,33.367393493652344,54.4739875793457,44.223445892333984,67.45999908447266
2006-05-19,87.6226577758789,33.62375259399414,54.95550537109375,44.338958740234375,65.58000183105469
2006-05-22,86.95394134521484,33.29903793334961,54.34405517578125,44.43350601196289,65.30000305175781
2006-05-23,86.2921142578125,32.974342346191406,53.64087677001953,44.407230377197266,66.37999725341797
2006-05-24,86.98155212402344,33.196502685546875,54.053611755371094,44.428253173828125,64.05999755859375
2006-05-25,88.05696105957031,33.63227462768555,55.192440032958984,44.254966735839844,64.69999694824219
2006-05-26,88.50513458251953,33.74335861206055,55.52112579345703,44.223445892333984,65.0999984741211
2006-05-30,86.93324279785156,33.01704788208008,53.99245834350586,44.20243453979492,65.11000061035156
2006-05-31,87.90530395507812,33.17085647583008,54.93260192871094,43.939876556396484,64.2300033569336
2006-06-01,88.74634552001953,33.95698547363281,56.00264358520508,44.135963439941406,62.560001373291016
2006-06-02,88.93254089355469,33.871524810791016,55.9644660949707,44.70545196533203,63.5
2006-06-05,87.63644409179688,33.13666915893555,54.336402893066406,44.64743423461914,63.290000915527344
2006-06-06,87.42273712158203,33.11103057861328,54.10710906982422,44.858360290527344,62.54999923706055
2006-06-07,86.76779174804688,32.86324691772461,53.57973098754883,44.868892669677734,62.279998779296875
2006-06-08,86.69195556640625,32.811988830566406,53.625579833984375,44.958526611328125,60.90999984741211
2006-06-09,86.41619110107422,32.59836959838867,53.15169143676758,45.195770263671875,60.45000076293945
2006-06-12,85.47859954833984,31.957494735717773,51.92875671386719,45.2326774597168,60.029998779296875
2006-06-13,84.48588562011719,31.829322814941406,50.9427490234375,45.26432418823242,55.91999816894531
2006-06-14,85.14080047607422,32.15403366088867,51.554222106933594,44.810874938964844,55.619998931884766
2006-06-15,86.94708251953125,33.025596618652344,53.319862365722656,44.55257034301758,57.31999969482422
2006-06-16,86.3134765625,32.78276062011719,52.624290466308594,44.45234298706055,57.68000030517578
2006-06-19,85.63484191894531,32.5176887512207,51.592464447021484,44.389095306396484,56.36000061035156
2006-06-20,85.92569732666016,32.56045913696289,51.53132247924805,44.31523895263672,57.29999923706055
2006-06-21,86.5627212524414,33.07347869873047,52.433223724365234,44.32577133178711,58.33000183105469
2006-06-22,86.18189239501953,32.65448760986328,52.23801803588867,44.072731018066406,57.72999954223633
2006-06-23,86.16802215576172,32.62030792236328,52.55188751220703,43.983089447021484,57.9900016784668
2006-06-26,86.54888153076172,32.705810546875,53.202545166015625,43.89872360229492,58.279998779296875
2006-06-27,85.80103302001953,32.090171813964844,52.28392791748047,44.11488342285156,57.68000030517578
2006-06-28,86.38273620605469,32.32959747314453,52.513587951660156,43.88290023803711,57.540000915527344
2006-06-29,88.12767028808594,33.312889099121094,54.54219436645508,44.0305290222168,59.52000045776367
2006-06-30,88.13460540771484,33.15041732788086,54.90961837768555,44.45762252807617,61.22999954223633
2006-07-03,88.49468231201172,33.34709548950195,55.59857940673828,44.413700103759766,62.18000030517578
2006-07-05,87.98914337158203,32.62030792236328,54.787139892578125,44.05905532836914,62.5
2006-07-06,88.24539947509766,32.58610916137695,54.771854400634766,44.3289794921875,63.02000045776367
2006-07-07,87.6706314086914,32.22697830200195,53.96040344238281,44.614864349365234,62.630001068115234
2006-07-10,87.83682250976562,31.944801330566406,53.96805953979492,44.65717315673828,62.02000045776367
2006-07-11,88.22462463378906,32.1842155456543,54.44267654418945,44.80010223388672,63.810001373291016
2006-07-12,87.28289794921875,31.577144622802734,53.31739044189453,44.810672760009766,64.91999816894531
2006-07-13,85.86334991455078,31.046993255615234,52.10788345336914,44.98535919189453,65.55000305175781
2006-07-14,85.53096008300781,30.730632781982422,51.69450378417969,45.01178741455078,65.8499984741211
2006-07-17,85.4063491821289,30.807588577270508,51.62561798095703,45.08059310913086,63.95000076293945
2006-07-18,85.84259033203125,30.91020393371582,51.977752685546875,44.69422149658203,62.900001525878906
2006-07-19,87.03361511230469,31.312074661254883,53.202545166015625,45.117645263671875,64.02999877929688
2006-07-20,86.43806457519531,30.8503360748291,51.83997344970703,45.249996185302734,62.540000915527344
2006-07-21,85.8287353515625,30.525419235229492,51.097408294677734,45.16532516479492,61.709999084472656
2006-07-24,87.3936538696289,31.13251495361328,52.7279167175293,45.13878631591797,61.13999938964844
2006-07-25,87.70525360107422,31.312074661254883,52.85807418823242,45.00648880004883,61.54999923706055
2006-07-26,87.82296752929688,31.286399841308594,52.74325180053711,45.17060089111328,62.0
2006-07-27,87.7398910522461,31.081209182739258,52.23801803588867,45.101776123046875,62.900001525878906
2006-07-28,88.61931610107422,31.731046676635742,53.33269119262695,45.361122131347656,63.11000061035156
2006-07-31,88.5292739868164,31.72249412536621,53.34035110473633,45.41933822631836,63.15999984741211
2006-08-01,88.0930404663086,31.192367553710938,52.50593185424805,45.415096282958984,64.31999969482422
2006-08-02,88.68852996826172,31.542932510375977,53.202545166015625,45.58515930175781,64.75
2006-08-03,88.92399597167969,31.73958969116211,53.84555435180664,45.59579849243164,64.12000274658203
2006-08-04,88.77164459228516,31.5942325592041,53.294410705566406,45.872108459472656,64.27999877929688
2006-08-07,88.56390380859375,31.389034271240234,53.08772659301758,45.898681640625,64.5
2006-08-08,88.22462463378906,31.192367553710938,52.35283660888672,45.7977409362793,63.970001220703125
2006-08-09,87.92684173583984,31.235097885131836,51.82465362548828,45.64891815185547,64.62999725341797
2006-08-10,88.19692993164062,31.457420349121094,52.28392791748047,45.57985305786133,63.25
2006-08-11,87.94762420654297,31.235097885131836,51.74808883666992,45.38323974609375,62.709999084472656
2006-08-14,88.016845703125,31.440324783325195,52.054298400878906,45.303531646728516,62.25
2006-08-15,89.06940460205078,32.23553466796875,53.14130783081055,45.686134338378906,62.0099983215332
2006-08-16,89.81031036376953,32.99652862548828,53.90681457519531,45.99434280395508,62.4900016784668
2006-08-17,90.038818359375,33.116249084472656,53.99103546142578,45.978424072265625,61.029998779296875
2006-08-18,90.49579620361328,33.16753387451172,54.30488967895508,46.111244201660156,61.040000915527344
2006-08-21,90.1080551147461,32.851173400878906,53.72309875488281,46.276004791259766,62.439998626708984
2006-08-22,90.10110473632812,32.85972213745117,53.89916229248047,46.29194641113281,62.04999923706055
2006-08-23,89.85183715820312,32.61176300048828,53.27912521362305,46.31321716308594,61.83000183105469
2006-08-24,89.77566528320312,32.705810546875,53.187255859375,46.398223876953125,61.75
2006-08-25,89.88648223876953,32.765647888183594,53.27912521362305,46.4672966003418,61.77000045776367
2006-08-28,90.31581115722656,33.01361083984375,53.84555435180664,46.50984573364258,61.0
2006-08-29,90.419677734375,33.116249084472656,54.54219436645508,46.57362747192383,60.939998626708984
2006-08-30,90.47506713867188,33.2701301574707,54.963218688964844,46.69581985473633,61.41999816894531
2006-08-31,90.46121215820312,33.23594665527344,54.94024658203125,46.807437896728516,62.290000915527344
2006-09-01,91.00132751464844,33.41550827026367,54.978519439697266,46.82343292236328,62.13999938964844
2006-09-05,91.17445373535156,33.74043273925781,55.47608947753906,46.53001022338867,63.36000061035156
2006-09-06,90.3711929321289,33.06492614746094,54.29722213745117,46.465946197509766,62.86000061035156
2006-09-07,89.95571899414062,32.911041259765625,53.81496810913086,46.55669403076172,61.25
2006-09-08,90.2119140625,33.10767364501953,54.021636962890625,46.59401321411133,60.63999938964844
2006-09-11,90.30195617675781,33.312889099121094,53.95274353027344,46.551334381103516,58.5
2006-09-12,91.18830108642578,33.928524017333984,55.22349166870117,46.78608322143555,58.31999969482422
2006-09-13,91.55523681640625,34.159393310546875,55.69046401977539,46.807411193847656,58.619998931884766
2006-09-14,91.56218719482422,34.193599700927734,55.49140930175781,46.70071792602539,57.189998626708984
2006-09-15,91.77713012695312,34.31593704223633,55.621559143066406,46.66337203979492,57.400001525878906
2006-09-18,91.90228271484375,34.32448959350586,55.606231689453125,46.58867645263672,58.22999954223633
2006-09-19,91.67276763916016,34.09349822998047,55.36125183105469,47.111549377441406,56.91999816894531
2006-09-20,92.15962982177734,34.58971405029297,56.10382080078125,47.18088150024414,57.2599983215332
2006-09-21,91.71450805664062,34.37582778930664,55.49906921386719,47.61305236816406,57.95000076293945
2006-09-22,91.43628692626953,34.1106071472168,54.764198303222656,47.84781265258789,58.5
2006-09-25,92.13874816894531,34.709495544433594,55.41484451293945,48.18399429321289,58.5
2006-09-26,92.90382385253906,34.880611419677734,55.59226989746094,47.98120880126953,58.7400016784668
2006-09-27,93.01507568359375,34.83781814575195,55.99928283691406,47.84249496459961,59.810001373291016
2006-09-28,92.98030090332031,34.93193817138672,55.77657699584961,47.762481689453125,59.790000915527344
2006-09-29,92.90382385253906,34.77793502807617,55.29273986816406,47.70375442504883,59.470001220703125
2006-10-02,92.55607604980469,34.341609954833984,54.770530700683594,47.834442138671875,59.150001525878906
2006-10-03,92.75078582763672,34.48705291748047,54.69375991821289,47.77020263671875,57.11000061035156
2006-10-04,93.83576202392578,35.334022521972656,56.022300720214844,48.118385314941406,56.369998931884766
2006-10-05,94.01657104492188,35.505157470703125,56.73652267456055,47.78089904785156,56.91999816894531
2006-10-06,93.89834594726562,35.42814636230469,56.44467544555664,47.282752990722656,56.9900016784668
2006-10-09,93.95401000976562,35.54793167114258,56.874732971191406,47.41130828857422,57.20000076293945
2006-10-10,94.07919311523438,35.60780715942383,56.90545654296875,47.03635025024414,57.0
2006-10-11,93.9679183959961,35.539371490478516,56.682743072509766,46.89706802368164,56.880001068115234
2006-10-12,94.78166961669922,36.104042053222656,57.82700729370117,46.92386245727539,57.4900016784668
2006-10-13,95.0250473022461,36.30080795288086,58.28776168823242,46.688194274902344,58.56999969482422
2006-10-16,95.17108917236328,36.335044860839844,58.63336944580078,46.89706802368164,59.16999816894531
2006-10-17,94.87205505371094,35.93292999267578,58.34152603149414,46.93457794189453,58.650001525878906
2006-10-18,94.99724578857422,35.761810302734375,58.34920120239258,47.031002044677734,58.59000015258789
2006-10-19,95.15021514892578,35.847373962402344,58.63336944580078,46.9453125,59.40999984741211
2006-10-20,95.17108917236328,35.93292999267578,58.05739212036133,46.89706802368164,58.779998779296875
2006-10-23,95.60923767089844,36.30080795288086,58.17258834838867,46.7095832824707,57.7599983215332
2006-10-24,95.89443969726562,36.05270004272461,58.28776168823242,46.7095832824707,58.16999816894531
2006-10-25,96.22132110595703,36.30080795288086,58.67177963256836,47.079193115234375,58.7599983215332
2006-10-26,96.52033233642578,36.63447570800781,59.16324996948242,47.38447570800781,59.290000915527344
2006-10-27,95.91531372070312,36.11258316040039,58.47208786010742,47.6041259765625,59.400001525878906
2006-10-30,95.84574890136719,36.34358596801758,58.72551345825195,47.73807144165039,59.900001525878906
2006-10-31,95.83177185058594,36.42913818359375,58.54123306274414,48.107666015625,60.2400016784668
2006-11-01,95.18502807617188,35.93292999267578,57.27406692504883,48.373836517333984,61.36000061035156
2006-11-02,95.12934875488281,35.96714401245117,57.18959045410156,48.17490768432617,61.91999816894531
2006-11-03,94.96247100830078,35.87303924560547,57.466068267822266,47.60491180419922,62.29999923706055
2006-11-06,96.03350830078125,36.39491271972656,58.13417434692383,47.74469757080078,61.88999938964844
2006-11-07,96.4021224975586,36.64301300048828,58.51815414428711,47.96514129638672,62.040000915527344
2006-11-08,96.61078643798828,36.81413650512695,58.817657470703125,48.137237548828125,61.11000061035156
2006-11-09,96.10308837890625,36.64301300048828,58.28007125854492,48.11034393310547,62.95000076293945
2006-11-10,96.1447982788086,36.81413650512695,58.7639045715332,48.3200569152832,62.4900016784668
2006-11-13,96.38127899169922,37.190582275390625,58.8483772277832,48.30933380126953,62.189998626708984
2006-11-14,97.10456085205078,37.58412551879883,59.98493576049805,48.49753189086914,61.630001068115234
2006-11-15,97.38275909423828,37.738128662109375,60.43805694580078,48.31468200683594,61.84000015258789
2006-11-16,97.63312530517578,37.90068054199219,60.391990661621094,48.094200134277344,61.310001373291016
2006-11-17,97.66095733642578,37.90068054199219,60.35357666015625,48.36847686767578,61.779998779296875
2006-11-20,97.71662139892578,37.977684020996094,60.43805694580078,48.4437370300293,61.77000045776367
2006-11-21,97.81395721435547,38.029022216796875,60.53786087036133,48.56203079223633,62.27000045776367
2006-11-22,98.00869750976562,38.26856231689453,60.60700225830078,48.642696380615234,62.5
2006-11-24,97.61225891113281,38.20013427734375,60.3305549621582,48.72872543334961,63.5
2006-11-27,96.26997375488281,37.336021423339844,58.97895050048828,48.90617752075195,63.70000076293945
2006-11-28,96.68724060058594,37.447235107421875,59.17863082885742,49.00834655761719,63.56999969482422
2006-11-29,97.69572448730469,37.70389938354492,59.94657897949219,48.895423889160156,63.15999984741211
2006-11-30,97.73748016357422,37.678245544433594,59.95425033569336,49.21804428100586,64.38999938964844
2006-12-01,97.5218734741211,37.35313415527344,59.73154830932617,49.34325408935547,64.12000274658203
2006-12-04,98.26605224609375,37.866451263427734,60.91419982910156,49.42963409423828,64.12000274658203
2006-12-05,98.69025421142578,38.00336456298828,60.96025466918945,49.19757843017578,63.810001373291016
2006-12-06,98.6068344116211,37.866451263427734,60.75291061401367,49.10039520263672,62.689998626708984
2006-12-07,98.17564392089844,37.38734436035156,60.49180221557617,49.062652587890625,62.72999954223633
2006-12-08,98.35643768310547,37.5584602355957,60.4995002746582,48.706382751464844,62.04999923706055
2006-12-11,98.64159393310547,37.69534683227539,60.65308380126953,48.91691589355469,62.56999969482422
2006-12-12,98.56510925292969,37.47290802001953,60.32289505004883,49.01942443847656,62.52000045776367
2006-12-13,98.66947174072266,37.541343688964844,60.399658203125,48.58223342895508,62.47999954223633
2006-12-14,99.53882598876953,37.96055603027344,60.64540481567383,48.404109954833984,62.119998931884766
2006-12-15,99.54786682128906,38.058204650878906,60.59165573120117,48.43110656738281,61.0
2006-12-18,99.2751693725586,37.68134307861328,59.831382751464844,48.44731521606445,61.040000915527344
2006-12-19,99.4639663696289,37.56139373779297,59.792972564697266,48.38254165649414,61.79999923706055
2006-12-20,99.40799713134766,37.424346923828125,60.13926315307617,48.37711715698242,61.619998931884766
2006-12-21,99.04434967041016,37.15879440307617,59.86163330078125,48.62002182006836,61.380001068115234
2006-12-22,98.43588256835938,36.77333450317383,59.468292236328125,48.24760055541992,61.650001525878906
2006-12-26,99.01641082763672,36.92752456665039,60.31660461425781,48.39333724975586,61.97999954223633
2006-12-27,99.66674041748047,37.115966796875,61.03388977050781,48.037540435791016,62.220001220703125
2006-12-28,99.45697021484375,36.93608856201172,60.75623321533203,47.929222106933594,62.900001525878906
2006-12-29,99.04434967041016,36.9703483581543,60.17780303955078,47.891292572021484,63.209999084472656
2007-01-03,98.86947631835938,37.03887939453125,60.27808380126953,48.23249816894531,62.279998779296875
2007-01-04,99.07930755615234,37.74127960205078,60.44001388549805,48.524925231933594,61.650001525878906
2007-01-05,98.28902435302734,37.56139373779297,59.175254821777344,48.313724517822266,60.16999816894531
2007-01-08,98.74362182617188,37.587093353271484,58.943885803222656,48.40038299560547,60.47999954223633
2007-01-09,98.65966796875,37.775543212890625,59.49913024902344,48.40038299560547,60.849998474121094
2007-01-10,98.98838806152344,38.2209587097168,59.961875915527344,48.18377685546875,60.59000015258789
2007-01-11,99.42198181152344,38.6150016784668,60.332054138183594,47.902099609375,60.630001068115234
2007-01-12,100.1773681640625,38.812015533447266,60.91046142578125,47.680084228515625,62.16999816894531
2007-01-16,99.98148345947266,38.78632354736328,60.501712799072266,47.7829704284668,61.970001220703125
2007-01-17,100.02342224121094,38.469383239746094,60.239479064941406,47.63676071166992,62.63999938964844
2007-01-18,99.6877212524414,37.7584228515625,59.73821258544922,47.7829704284668,62.2599983215332
2007-01-19,99.88360595703125,37.835506439208984,59.9696044921875,47.65301513671875,63.0
2007-01-22,99.57588195800781,37.424346923828125,59.52998352050781,47.766746520996094,62.720001220703125
2007-01-23,99.86962127685547,37.33012008666992,60.09295654296875,47.452606201171875,64.2300033569336
2007-01-24,100.67386627197266,37.946861267089844,60.748497009277344,47.447200775146484,64.33000183105469
2007-01-25,99.49191284179688,37.45861053466797,59.985015869140625,47.10600662231445,64.05999755859375
2007-01-26,99.40098571777344,37.32154083251953,60.20866394042969,47.06812286376953,64.16999816894531
2007-01-29,99.34504699707031,37.35582733154297,60.733070373535156,46.96518325805664,63.77000045776367
2007-01-30,99.86256408691406,37.37295913696289,61.064727783203125,47.01940155029297,64.22000122070312
2007-01-31,100.53398132324219,37.749847412109375,61.19580078125,47.41471481323242,64.83000183105469
2007-02-01,101.13548278808594,37.689903259277344,61.85134506225586,47.357608795166016,65.22000122070312
2007-02-02,101.27529907226562,37.826942443847656,61.88988494873047,47.41743850708008,64.27999877929688
2007-02-05,101.30326843261719,37.79265594482422,61.88219451904297,47.482688903808594,64.30999755859375
2007-02-06,101.33125305175781,37.74127960205078,62.036415100097656,47.74369812011719,64.79000091552734
2007-02-07,101.55503845214844,38.083927154541016,62.607154846191406,47.88505554199219,64.62999725341797
2007-02-08,101.42216491699219,38.07536315917969,62.50688934326172,47.92313003540039,65.5199966430664
2007-02-09,100.66687774658203,37.587093353271484,61.93617630004883,47.6512565612793,66.12000274658203
2007-02-12,100.32418060302734,37.44148635864258,61.766475677490234,47.54251480102539,65.66999816894531
2007-02-13,101.17041778564453,37.56998062133789,62.221519470214844,47.43921661376953,65.83999633789062
2007-02-14,101.8348159790039,38.20384216308594,62.314048767089844,47.89051818847656,66.37000274658203
2007-02-15,101.96771240234375,38.42656707763672,62.360355377197266,48.03190612792969,66.41000366210938
2007-02-16,101.91873168945312,38.298065185546875,62.599422454833984,48.200504302978516,66.36000061035156
2007-02-20,102.13554382324219,38.58930587768555,63.20099639892578,48.30922317504883,65.30999755859375
2007-02-21,102.09355163574219,38.709228515625,63.31660842895508,48.22764587402344,67.3499984741211
2007-02-22,102.01667022705078,38.906227111816406,63.54029083251953,47.96668243408203,67.1500015258789
2007-02-23,101.61796569824219,38.76918029785156,63.20099639892578,48.30922317504883,67.72000122070312
2007-02-26,101.52708435058594,38.580745697021484,63.15470886230469,48.63003921508789,68.0999984741211
2007-02-27,97.56168365478516,36.996055603027344,60.1932258605957,49.244510650634766,65.41000366210938
2007-02-28,98.56179809570312,37.115966796875,60.79475402832031,49.021575927734375,66.4800033569336
2007-03-01,98.26802825927734,36.94465255737305,60.478572845458984,48.99046325683594,65.81999969482422
2007-03-02,96.98123931884766,36.387874603271484,59.275489807128906,49.236122131347656,63.709999084472656
2007-03-05,96.05806732177734,36.10519790649414,57.97211837768555,49.317996978759766,62.93000030517578
2007-03-06,97.70153045654297,36.70479965209961,59.5531120300293,49.17060089111328,64.1500015258789
2007-03-07,97.6036605834961,36.559207916259766,59.360313415527344,49.36164855957031,64.30000305175781
2007-03-08,98.42890930175781,36.807586669921875,59.80764389038086,49.317996978759766,64.4800033569336
2007-03-09,98.45685577392578,36.77333450317383,60.29351806640625,48.79938888549805,64.25
2007-03-12,98.6037368774414,37.013179779052734,60.463165283203125,48.99046325683594,64.37000274658203
2007-03-13,96.68741607666016,36.293617248535156,58.91299057006836,49.28522491455078,63.720001220703125
2007-03-14,97.40782928466797,36.82474136352539,59.53770065307617,49.061458587646484,63.939998626708984
2007-03-15,97.54071044921875,36.739070892333984,60.00041961669922,49.055946350097656,63.97999954223633
2007-03-16,97.26756286621094,36.71078872680664,59.5916862487793,49.04503631591797,64.62000274658203
2007-03-19,98.44013977050781,37.087947845458984,60.332054138183594,48.941368103027344,64.73999786376953
2007-03-20,98.98078155517578,37.353633880615234,60.810203552246094,48.96864318847656,65.2699966430664
2007-03-21,100.60977172851562,38.07362747192383,61.90532302856445,48.99046325683594,65.81999969482422
2007-03-22,100.53252410888672,37.93647003173828,61.90532302856445,48.6028938293457,65.76000213623047
2007-03-23,100.6799545288086,37.81647491455078,62.00112533569336,48.4664421081543,65.1500015258789
2007-03-26,100.54656219482422,37.97077178955078,61.869789123535156,48.5264892578125,65.83999633789062
2007-03-27,100.30781555175781,37.70507049560547,61.583892822265625,48.44459915161133,65.69999694824219
2007-03-28,99.57760620117188,37.30221939086914,61.158897399902344,48.34638595581055,66.05000305175781
2007-03-29,99.68292236328125,37.34505844116211,61.23618698120117,48.28080749511719,65.6500015258789
2007-03-30,99.70401000976562,37.31078338623047,61.39070129394531,48.188045501708984,65.73999786376953
2007-04-02,99.81632232666016,37.36219787597656,61.545284271240234,48.268028259277344,65.8499984741211
2007-04-03,100.890625,37.85077667236328,62.20204162597656,48.20778274536133,65.83000183105469
2007-04-04,101.00297546386719,38.00504684448242,62.194313049316406,48.257076263427734,66.80999755859375
2007-04-05,101.27674865722656,38.193634033203125,62.15567398071289,48.07632064819336,66.86000061035156
2007-04-09,101.4172134399414,38.0993537902832,62.24065399169922,47.758541107177734,66.52999877929688
2007-04-10,101.53661346435547,38.296470642089844,62.433841705322266,47.90098190307617,67.16000366210938
2007-04-11,101.12232971191406,37.893619537353516,62.047508239746094,47.86808395385742,67.08000183105469
2007-04-12,101.57169342041016,38.193634033203125,62.464759826660156,47.87906265258789,66.98999786376953
2007-04-13,102.03511810302734,38.27075958251953,62.86656951904297,47.73111343383789,67.83999633789062
2007-04-16,103.0040283203125,38.62217712402344,63.731990814208984,47.99410629272461,68.4000015258789
2007-04-17,103.27787780761719,38.70790100097656,63.538822174072266,48.26258087158203,68.0
2007-04-18,103.40424346923828,38.57932662963867,63.16791915893555,48.503631591796875,68.37999725341797
2007-04-19,103.37621307373047,38.69932556152344,62.86656951904297,48.42145919799805,67.52999877929688
2007-04-20,104.35212707519531,38.91359329223633,63.60062026977539,48.29547882080078,68.69999694824219
2007-04-23,103.9589614868164,38.97359848022461,63.531070709228516,48.47074890136719,68.26000213623047
2007-04-24,104.00110626220703,39.17073440551758,63.500152587890625,48.651573181152344,67.7300033569336
2007-04-25,104.95600128173828,39.69359588623047,63.67789077758789,48.48169708251953,67.88999938964844
2007-04-26,105.07540130615234,39.8993034362793,64.0333480834961,48.13109588623047,66.87000274658203
2007-04-27,104.9911117553711,39.916446685791016,63.762882232666016,48.1201286315918,67.55999755859375
2007-04-30,104.12040710449219,39.39360046386719,62.38750076293945,48.62415313720703,67.08999633789062
2007-05-01,104.38728332519531,39.359310150146484,62.642459869384766,48.65933609008789,66.69000244140625
2007-05-02,104.99812316894531,39.78786849975586,63.47697830200195,48.63186264038086,66.66000366210938
2007-05-03,105.56687927246094,39.933589935302734,63.59290313720703,48.52190399169922,67.48999786376953
2007-05-04,105.96710205078125,39.967872619628906,63.99469757080078,48.71987533569336,68.19000244140625
2007-05-07,105.9881591796875,39.967872619628906,63.809242248535156,48.851783752441406,68.25
2007-05-08,105.84772491455078,40.053585052490234,63.585166931152344,48.741844177246094,67.87999725341797
2007-05-09,106.13563537597656,40.13928985595703,63.84015655517578,48.549407958984375,67.44999694824219
2007-05-10,105.02618408203125,39.590755462646484,63.05198669433594,48.664859771728516,66.0
2007-05-11,105.92494201660156,40.096435546875,63.623802185058594,48.494388580322266,66.44999694824219
2007-05-14,105.69322967529297,39.82215881347656,63.06747055053711,48.36790466308594,66.27999877929688
2007-05-15,105.72132110595703,39.513587951660156,62.56520080566406,48.351444244384766,66.54000091552734
2007-05-16,106.44454193115234,39.8993034362793,62.90519714355469,48.31843185424805,65.5999984741211
2007-05-17,106.23390197753906,39.710750579833984,62.41838455200195,48.12045669555664,65.05999755859375
2007-05-18,107.1607437133789,40.03643798828125,63.15245819091797,47.80155563354492,65.5199966430664
2007-05-21,107.10456085205078,40.29357147216797,63.948333740234375,47.94451141357422,65.66999816894531
2007-05-22,107.02024841308594,40.32785415649414,64.34239959716797,47.69706344604492,65.19999694824219
2007-05-23,107.03430938720703,40.13928985595703,64.17245483398438,47.5595817565918,65.54000091552734
2007-05-24,106.0654296875,39.56501007080078,63.330169677734375,47.60356903076172,64.75
2007-05-25,106.50774383544922,39.81357955932617,63.739749908447266,47.49358367919922,64.94000244140625
2007-05-29,106.8938980102539,40.122154235839844,64.3269271850586,47.488075256347656,65.06999969482422
2007-05-30,107.76458740234375,40.44785690307617,64.75967407226562,47.58711624145508,64.72000122070312
2007-05-31,107.65228271484375,40.63642501831055,65.11510467529297,47.49910354614258,65.54000091552734
2007-06-01,108.18586730957031,40.66214370727539,65.44738006591797,47.24958038330078,66.44000244140625
2007-06-04,108.19989776611328,40.782142639160156,65.51691436767578,47.464881896972656,66.54000091552734
2007-06-05,107.7716064453125,40.782142639160156,65.25420379638672,47.166778564453125,66.37000274658203
2007-06-06,106.61309051513672,40.34501266479492,64.5278549194336,47.144683837890625,66.41000366210938
2007-06-07,104.68915557861328,39.71930694580078,63.191104888916016,46.300025939941406,65.26000213623047
2007-06-08,106.05133056640625,40.20787048339844,64.01789855957031,46.261375427246094,64.22000122070312
2007-06-11,106.23390197753906,40.13072204589844,64.0333480834961,46.12889099121094,64.69999694824219
2007-06-12,105.07540130615234,39.890724182128906,62.9747428894043,45.46094512939453,64.0999984741211
2007-06-13,106.64815521240234,40.32785415649414,63.81696701049805,46.00197982788086,64.52999877929688
2007-06-14,107.32923126220703,40.59356689453125,64.396484375,45.8859977722168,64.5999984741211
2007-06-15,107.93995666503906,40.96843338012695,65.16149139404297,46.20071792602539,64.8499984741211
2007-06-18,107.81298828125,40.977012634277344,65.0378646850586,46.106834411621094,64.94999694824219
2007-06-19,108.08094787597656,40.96843338012695,65.20787811279297,46.53745651245117,65.4800033569336
2007-06-20,106.57894897460938,40.582435607910156,64.0796890258789,46.162025451660156,64.70999908447266
2007-06-21,107.1712875366211,40.95127487182617,64.58195495605469,45.941200256347656,64.55999755859375
2007-06-22,106.16288757324219,40.56525802612305,64.07196044921875,46.2393684387207,64.77999877929688
2007-06-25,105.65518951416016,40.39370346069336,63.739749908447266,46.49330139160156,64.43000030517578
2007-06-26,104.56917572021484,40.1620979309082,63.26832580566406,46.504337310791016,63.619998931884766
2007-06-27,106.05709075927734,40.779727935791016,64.58971405029297,46.5484733581543,63.66999816894531
2007-06-28,106.04303741455078,40.7625732421875,64.58116912841797,46.53745651245117,64.26000213623047
2007-06-29,106.0782699584961,40.831180572509766,64.17857360839844,47.01771926879883,64.2699966430664
2007-07-02,107.03729248046875,41.200016021728516,65.00696563720703,47.264862060546875,65.0199966430664
2007-07-03,107.42517852783203,41.44022750854492,65.31661987304688,46.97671127319336,64.73999786376953
2007-07-05,107.31227111816406,41.740455627441406,65.42503356933594,46.45027160644531,64.41999816894531
2007-07-06,107.8764419555664,41.912017822265625,65.6495361328125,46.26182174682617,64.95999908447266
2007-07-09,107.96106719970703,41.937721252441406,65.58756256103516,46.4280891418457,65.37999725341797
2007-07-10,106.4238052368164,41.58604431152344,64.51152038574219,47.215003967285156,65.61000061035156
2007-07-11,107.17833709716797,41.86912536621094,64.8985824584961,46.72734451293945,65.44000244140625
2007-07-12,108.87074279785156,42.512489318847656,65.66498565673828,46.56662368774414,66.0199966430664
2007-07-13,109.19513702392578,42.80410385131836,65.72697448730469,46.694068908691406,66.02999877929688
2007-07-16,109.1810302734375,42.7612419128418,65.40178680419922,47.14297103881836,65.81999969482422
2007-07-17,109.12462615966797,43.08719253540039,65.4482192993164,47.0432014465332,65.75
2007-07-18,108.92713928222656,43.03572082519531,65.23920440673828,47.220577239990234,66.62000274658203
2007-07-19,109.35029602050781,43.164405822753906,65.42503356933594,47.20948791503906,67.01000213623047
2007-07-20,108.24317169189453,42.93278884887695,64.44950866699219,47.63618850708008,67.58000183105469
2007-07-23,108.5745849609375,42.9499397277832,64.20952606201172,47.55854415893555,67.47000122070312
2007-07-24,106.6917724609375,42.315189361572266,62.7076530456543,47.73591613769531,67.47000122070312
2007-07-25,106.91036987304688,42.37521743774414,62.47542190551758,47.83013153076172,66.9000015258789
2007-07-26,104.37882232666016,42.01494598388672,60.8032112121582,48.22910690307617,65.6500015258789
2007-07-27,102.3268051147461,41.165733337402344,59.324554443359375,48.367713928222656,65.41000366210938
2007-07-30,103.92752075195312,41.646095275878906,60.354190826416016,48.22910690307617,65.7699966430664
2007-07-31,102.75696563720703,40.77113723754883,59.68842697143555,48.578250885009766,65.79000091552734
2007-08-01,103.25759887695312,41.08852005004883,60.0135612487793,48.47309875488281,65.93000030517578
2007-08-02,104.08265686035156,41.465972900390625,60.48583221435547,48.59552764892578,65.88999938964844
2007-08-03,101.40302276611328,40.67677688598633,58.333614349365234,48.91816329956055,66.69000244140625
2007-08-06,103.10250091552734,41.1485595703125,58.86008071899414,48.562103271484375,66.5199966430664
2007-08-07,104.20255279541016,41.44022750854492,59.76581954956055,48.523155212402344,66.4800033569336
2007-08-08,105.65518951416016,41.89484786987305,61.561946868896484,47.9334831237793,66.7699966430664
2007-08-09,102.52424621582031,40.9255256652832,60.14517593383789,48.000244140625,65.45999908447266
2007-08-10,102.04473876953125,40.55669021606445,60.43158721923828,47.88892364501953,66.56999969482422
2007-08-13,102.41139221191406,40.831180572509766,60.106475830078125,48.02805709838867,66.26000213623047
2007-08-14,100.84593200683594,40.13636779785156,59.07679748535156,48.156005859375,66.29000091552734
2007-08-15,99.45674133300781,39.372920989990234,58.21747970581055,47.9835319519043,66.12999725341797
2007-08-16,100.20427703857422,38.986907958984375,59.51036071777344,48.478675842285156,64.68000030517578
2007-08-17,102.04473876953125,39.72463607788086,60.702571868896484,48.283931732177734,65.01000213623047
2007-08-20,101.99535369873047,39.9133415222168,60.749000549316406,48.31175994873047,65.12000274658203
2007-08-21,102.1998519897461,40.33366012573242,60.919349670410156,48.54543685913086,65.06999969482422
2007-08-22,103.41275787353516,40.88264846801758,61.64704513549805,48.467552185058594,65.4000015258789
2007-08-23,103.32109069824219,40.77113723754883,60.85741424560547,48.63446807861328,65.30999755859375
2007-08-24,104.59744262695312,41.34587097167969,61.64704513549805,48.873695373535156,66.11000061035156
2007-08-27,103.62425994873047,41.07135772705078,60.79545974731445,49.12957000732422,65.9800033569336
2007-08-28,101.34660339355469,40.09348678588867,59.26260757446289,49.213035583496094,65.58999633789062
2007-08-29,103.33515930175781,41.24294662475586,60.8187141418457,49.07951354980469,66.06999969482422
2007-08-30,103.06017303466797,41.45737838745117,60.408409118652344,49.40774154663086,65.80000305175781
2007-08-31,104.0755844116211,41.920597076416016,60.95804977416992,49.44668197631836,66.5199966430664
2007-09-04,105.12627410888672,42.615413665771484,61.739967346191406,49.47014617919922,67.44000244140625
2007-09-05,104.21661376953125,42.186500549316406,61.16707992553711,49.866764068603516,67.55999755859375
2007-09-06,104.45639038085938,42.15219497680664,61.182559967041016,49.73831558227539,68.86000061035156
2007-09-07,103.00373077392578,41.3715934753418,60.1761360168457,50.44215774536133,69.38999938964844
2007-09-10,102.8062973022461,41.34587097167969,59.34002685546875,50.83320236206055,69.62000274658203
2007-09-11,104.00511932373047,41.972068786621094,60.37742233276367,50.79403305053711,70.5199966430664
2007-09-12,104.27305603027344,41.98064041137695,59.998085021972656,50.60411834716797,70.45999908447266
2007-09-13,105.00648498535156,42.186500549316406,60.14517593383789,50.15165328979492,70.08000183105469
2007-09-14,104.99935150146484,42.2208251953125,60.454833984375,50.2242546081543,69.98999786376953
2007-09-17,104.43525695800781,41.86912536621094,59.789058685302734,50.46446228027344,70.97000122070312
2007-09-18,107.50978088378906,42.924217224121094,62.33607482910156,50.08462142944336,71.69999694824219
2007-09-19,108.14444732666016,43.03572082519531,63.172157287597656,49.620967864990234,71.43000030517578
2007-09-20,107.38282775878906,42.9156379699707,62.54509353637695,48.68251037597656,72.72000122070312
2007-09-21,107.67259216308594,43.22117233276367,62.67673110961914,49.09587860107422,72.33999633789062
2007-09-24,107.4742431640625,43.41856384277344,62.19669723510742,49.23554992675781,72.27999877929688
2007-09-25,107.26168823242188,43.83052062988281,61.94451141357422,49.06234359741211,72.33000183105469
2007-09-26,107.82850646972656,44.04508590698242,62.487754821777344,49.107059478759766,72.0
2007-09-27,108.46614837646484,44.268226623535156,62.8602294921875,49.44779586791992,72.69999694824219
2007-09-28,108.10485076904297,44.1223030090332,62.115230560302734,49.559505462646484,73.51000213623047
2007-10-01,109.32347106933594,44.628684997558594,63.65957260131836,49.84273910522461,73.9000015258789
2007-10-02,109.17465209960938,44.637264251708984,64.07088470458984,49.999732971191406,72.3499984741211
2007-10-03,108.95501708984375,44.32830810546875,63.892364501953125,49.85395431518555,71.9000015258789
2007-10-04,109.1250991821289,44.431297302246094,63.99327850341797,50.04461669921875,72.87000274658203
2007-10-05,110.421630859375,45.332427978515625,65.2892837524414,49.50626754760742,73.4000015258789
2007-10-08,109.83354187011719,45.61567306518555,64.80038452148438,49.46700668334961,72.52999877929688
2007-10-09,110.86802673339844,45.81307601928711,65.32808685302734,49.40532684326172,73.08999633789062
2007-10-10,110.683837890625,45.92463684082031,65.27374267578125,49.43334197998047,73.36000061035156
2007-10-11,110.15240478515625,45.19513702392578,64.53650665283203,49.38285446166992,73.91000366210938
2007-10-12,110.76173400878906,45.94180679321289,65.04869079589844,49.14174270629883,74.58999633789062
2007-10-15,109.82650756835938,45.589927673339844,64.29595184326172,49.15293884277344,75.13999938964844
2007-10-16,108.95501708984375,45.3753547668457,63.558692932128906,49.169776916503906,75.12000274658203
2007-10-17,109.28800201416016,45.95896911621094,63.80704879760742,49.70812225341797,74.5
2007-10-18,108.8912582397461,46.156368255615234,63.65179443359375,49.98289489746094,76.0
2007-10-19,106.04300689697266,45.00631332397461,61.37797927856445,50.7287483215332,75.69999694824219
2007-10-22,106.65946197509766,45.54701232910156,62.67400360107422,50.73439025878906,74.5999984741211
2007-10-23,107.5238265991211,46.49966049194336,63.155128479003906,50.6671028137207,75.2300033569336
2007-10-24,107.32545471191406,46.147796630859375,62.7515983581543,51.042823791503906,75.5199966430664
2007-10-25,107.58052825927734,45.529850006103516,62.596397399902344,50.86895751953125,76.02999877929688
2007-10-26,108.8416976928711,46.28508758544922,63.64409255981445,50.75117492675781,77.69000244140625
2007-10-29,109.2030029296875,46.473915100097656,63.57426452636719,50.94746780395508,78.12000274658203
2007-10-30,108.44488525390625,46.56832504272461,63.06977081298828,50.91946029663086,77.3499984741211
2007-10-31,109.57139587402344,47.22917175292969,63.884613037109375,50.45956039428711,78.62000274658203
2007-11-01,107.00664520263672,46.345191955566406,61.41682815551758,51.11524963378906,77.93000030517578
2007-11-02,107.12701416015625,46.705657958984375,61.71944808959961,51.27855682373047,79.83000183105469
2007-11-05,106.31222534179688,46.40525817871094,60.90460205078125,51.25604248046875,79.75
2007-11-06,107.74349212646484,46.928794860839844,62.05315399169922,51.00815963745117,81.43000030517578
2007-11-07,104.79608154296875,45.78731918334961,60.1285400390625,51.09829330444336,82.23999786376953
2007-11-08,104.26468658447266,44.396976470947266,60.30705261230469,51.00815963745117,82.2300033569336
2007-11-09,102.83344268798828,42.91221237182617,59.6396369934082,51.44190216064453,82.18000030517578
2007-11-12,101.8132095336914,41.822242736816406,59.06538772583008,51.627769470214844,78.30000305175781
2007-11-13,104.9164810180664,43.54728698730469,60.92012023925781,51.436283111572266,79.12000274658203
2007-11-14,104.6259994506836,42.98945236206055,60.57090759277344,51.49262237548828,80.27999877929688
2007-11-15,103.11687469482422,42.757728576660156,59.7094612121582,51.976985931396484,77.94999694824219
2007-11-16,103.29399108886719,43.15251541137695,59.20503616333008,52.05022048950195,77.75
2007-11-19,101.85569763183594,42.65474319458008,57.924560546875,52.38818359375,77.23999786376953
2007-11-20,102.47920989990234,42.82637023925781,58.25825500488281,52.33183670043945,79.47000122070312
2007-11-21,100.38203430175781,42.32002639770508,57.03986358642578,52.6359748840332,79.36000061035156
2007-11-23,102.11787414550781,42.774906158447266,58.25048828125,52.7936897277832,81.25
2007-11-26,99.86483764648438,42.036808013916016,56.72944641113281,53.835723876953125,81.30000305175781
2007-11-27,101.01261138916016,42.877864837646484,57.38908004760742,53.32316589355469,80.0999984741211
2007-11-28,104.24340057373047,44.1823844909668,59.65515899658203,52.96269226074219,79.56999969482422
2007-11-29,104.2788314819336,44.3712158203125,59.14293670654297,53.41893005371094,78.27999877929688
2007-11-30,105.32746124267578,44.03650665283203,59.48440170288086,53.159828186035156,77.31999969482422
2007-12-03,104.63314819335938,43.66746139526367,58.78596496582031,53.5816764831543,78.27999877929688
2007-12-04,103.69788360595703,43.48722839355469,58.165122985839844,53.57603454589844,79.4000015258789
2007-12-05,105.4337387084961,44.268226623535156,59.3214225769043,52.93706130981445,78.62999725341797
2007-12-06,106.9428939819336,44.9033317565918,60.72612380981445,52.473297119140625,79.37000274658203
2007-12-07,106.92163848876953,44.911922454833984,60.912349700927734,51.88519287109375,78.5999984741211
2007-12-10,107.75056457519531,45.09215545654297,61.39350509643555,51.57416915893555,80.0
2007-12-11,104.79608154296875,44.04508590698242,59.25159454345703,52.586402893066406,78.83999633789062
2007-12-12,105.83049011230469,44.43988037109375,59.68621063232422,52.043514251708984,80.48999786376953
2007-12-13,105.61087036132812,44.1995735168457,59.360252380371094,51.47803497314453,78.5
2007-12-14,104.27177429199219,43.74470138549805,58.20392990112305,51.24049758911133,78.5199966430664
2007-12-17,102.78392791748047,42.68049240112305,57.31147766113281,51.698585510253906,78.12999725341797
2007-12-18,103.3577880859375,42.817787170410156,58.33585739135742,52.03220748901367,79.25
2007-12-19,103.3577880859375,42.8092155456543,58.747169494628906,52.72210693359375,79.23999786376953
2007-12-20,104.00959777832031,43.684635162353516,59.63185119628906,52.6090202331543,78.66999816894531
2007-12-21,105.5089340209961,44.54633712768555,60.99769973754883,51.83995819091797,80.0999984741211
2007-12-24,106.29244232177734,44.88141632080078,61.440059661865234,51.596736907958984,80.13999938964844
2007-12-26,106.5204086303711,45.10477828979492,61.727195739746094,51.144386291503906,81.5199966430664
2007-12-27,105.18133544921875,44.56351089477539,60.26095199584961,51.7019157409668,81.55999755859375
2007-12-28,104.91776275634766,44.520545959472656,59.614688873291016,52.50816345214844,83.0
2007-12-31,104.14141082763672,44.005069732666016,59.10076904296875,52.82616424560547,82.45999908447266
2008-01-02,103.22967529296875,43.30917739868164,58.5245475769043,53.58696746826172,84.86000061035156
2008-01-03,103.17982482910156,43.48958206176758,57.8782844543457,53.5131721496582,85.56999969482422
2008-01-04,100.65127563476562,41.58231735229492,56.13404846191406,53.524471282958984,85.12999725341797
2008-01-07,100.56578826904297,41.38471221923828,56.25864028930664,53.757259368896484,84.7699966430664
2008-01-08,98.94178009033203,40.31078338623047,54.52220916748047,53.694793701171875,86.77999877929688
2008-01-09,99.98172760009766,41.16991424560547,55.07506561279297,53.797019958496094,86.55000305175781
2008-01-10,100.63701629638672,41.23006057739258,55.830379486083984,53.07029724121094,88.25
2008-01-11,99.82501983642578,40.42247009277344,54.67795944213867,53.48472595214844,88.58000183105469
2008-01-14,100.62991333007812,41.126976013183594,55.12956619262695,53.68348693847656,89.54000091552734
2008-01-15,98.41471099853516,39.9929084777832,54.11729431152344,54.28530502319336,87.98999786376953
2008-01-16,97.56710052490234,39.56333923339844,54.17183303833008,53.89356994628906,86.69999694824219
2008-01-17,95.03855895996094,39.013484954833984,52.855857849121094,54.5919303894043,86.5
2008-01-18,94.06271362304688,38.9619255065918,52.34194564819336,54.21717071533203,87.41999816894531
2008-01-22,93.10829162597656,37.956748962402344,51.968196868896484,54.79633331298828,88.16999816894531
2008-01-23,95.34479522705078,37.8106803894043,53.743534088134766,54.67139434814453,87.88999938964844
2008-01-24,96.1496810913086,38.583919525146484,53.70461654663086,53.57561492919922,90.08000183105469
2008-01-25,94.76070404052734,37.79351806640625,53.31526565551758,54.478355407714844,90.30000305175781
2008-01-28,96.32774353027344,38.08562469482422,54.44434356689453,54.2739372253418,91.75
2008-01-29,96.80494689941406,38.15436935424805,54.58449172973633,53.904884338378906,91.1500015258789
2008-01-30,96.09269714355469,38.119972229003906,53.899288177490234,53.552879333496094,92.05999755859375
2008-01-31,97.84487915039062,38.772926330566406,55.238590240478516,53.933250427246094,91.4000015258789
2008-02-01,99.41897583007812,39.16814422607422,56.53895568847656,54.25745391845703,89.3499984741211
2008-02-04,98.16539764404297,38.618309020996094,55.90045928955078,53.69915008544922,89.0999984741211
2008-02-05,95.53712463378906,37.518592834472656,54.467708587646484,54.109336853027344,87.68000030517578
2008-02-06,94.76789855957031,36.77973937988281,53.743534088134766,53.944087982177734,88.94999694824219
2008-02-07,95.39466094970703,37.03746032714844,54.592281341552734,52.781829833984375,89.8499984741211
2008-02-08,94.78211212158203,37.45844650268555,54.24967575073242,53.3857307434082,91.0
2008-02-11,95.26642608642578,37.86222839355469,54.27302932739258,53.607948303222656,91.33000183105469
2008-02-12,96.1496810913086,37.64745330810547,54.701290130615234,53.288875579833984,89.33000183105469
2008-02-13,97.13261413574219,38.47223663330078,55.939388275146484,52.724876403808594,89.44000244140625
2008-02-14,96.27786254882812,37.77634048461914,54.64677810668945,51.94995880126953,89.70999908447266
2008-02-15,96.25650787353516,37.64745330810547,54.40541076660156,52.34877014160156,89.1500015258789
2008-02-19,96.52720642089844,37.57871627807617,55.07506561279297,51.81890106201172,91.58000183105469
2008-02-20,96.81211853027344,37.75054168701172,55.106204986572266,52.177879333496094,93.23999786376953
2008-02-21,96.00724029541016,37.38970947265625,54.054996490478516,52.73056411743164,93.25
2008-02-22,96.59842681884766,37.527191162109375,54.054996490478516,52.42854309082031,93.38999938964844
2008-02-25,97.81643676757812,37.716190338134766,55.106204986572266,51.89302062988281,92.73999786376953
2008-02-26,98.5500717163086,37.86222839355469,55.62010955810547,51.91009521484375,93.70999908447266
2008-02-27,98.45030975341797,38.051246643066406,55.59676742553711,51.95567321777344,94.77999877929688
2008-02-28,97.48873138427734,37.90519332885742,54.755821228027344,52.878665924072266,95.98999786376953
2008-02-29,95.31634521484375,36.90000915527344,53.61897277832031,53.68770980834961,96.18000030517578
2008-03-03,95.0884017944336,36.65944290161133,53.10502624511719,53.549339294433594,97.23999786376953
2008-03-04,94.72515869140625,36.865623474121094,52.79358673095703,53.028953552246094,95.18000030517578
2008-03-05,95.32345581054688,37.04607009887695,53.29970169067383,52.394195556640625,97.72000122070312
2008-03-06,93.35044860839844,36.22990036010742,51.524349212646484,52.674354553222656,96.5
2008-03-07,92.38887023925781,36.14396286010742,51.36083221435547,52.74300003051758,96.08999633789062
2008-03-10,91.1708984375,35.44806671142578,50.223968505859375,53.52073287963867,95.87000274658203
2008-03-11,94.4473648071289,36.79691696166992,52.404232025146484,53.063255310058594,95.98999786376953
2008-03-12,93.56414794921875,36.69379806518555,51.7968635559082,54.08689498901367,97.01000213623047
2008-03-13,93.77067565917969,36.977325439453125,52.83250045776367,53.66373062133789,98.33999633789062
2008-03-14,92.31766510009766,36.29861068725586,51.500980377197266,54.32704162597656,98.70999908447266
2008-03-17,91.38455963134766,35.637054443359375,50.66001892089844,54.744510650634766,99.16999816894531
2008-03-18,95.18099975585938,37.226470947265625,52.98823547363281,54.532928466796875,96.5
2008-03-19,92.82337188720703,36.30720520019531,51.66450500488281,55.43650436401367,93.04000091552734
2008-03-20,94.54268646240234,37.049224853515625,52.544403076171875,55.57372283935547,89.91000366210938
2008-03-24,96.43242645263672,38.330322265625,54.58781051635742,54.49862289428711,90.0999984741211
2008-03-25,96.5254898071289,38.5452766418457,54.76723098754883,54.72734069824219,92.7300033569336
2008-03-26,95.34442901611328,38.43350601196289,54.31484603881836,54.49862289428711,93.80000305175781
2008-03-27,95.04377746582031,37.582298278808594,53.815673828125,54.11548614501953,93.45999908447266
2008-03-28,94.1347427368164,37.39314651489258,53.1839599609375,54.64160919189453,91.87999725341797
2008-03-31,94.46395111083984,37.590904235839844,53.26194381713867,54.83601760864258,90.41000366210938
2008-04-01,97.78529357910156,39.19874954223633,55.211795806884766,53.94357681274414,86.86000061035156
2008-04-02,97.84972381591797,39.11275863647461,55.34437942504883,54.058414459228516,89.2699966430664
2008-04-03,98.09307098388672,39.19874954223633,55.515953063964844,54.179039001464844,89.41999816894531
2008-04-04,97.98570251464844,39.43086624145508,55.50035095214844,54.67289733886719,90.25
2008-04-07,98.03582763671875,39.344913482666016,55.406776428222656,54.38576126098633,91.16999816894531
2008-04-08,97.93558502197266,39.04397201538086,55.3521728515625,54.19626998901367,90.3499984741211
2008-04-09,97.22697448730469,38.60547637939453,54.44744110107422,54.75906753540039,92.29000091552734
2008-04-10,97.36295318603516,39.15574645996094,55.024593353271484,54.57530212402344,91.7699966430664
2008-04-11,95.47325897216797,38.072391510009766,53.6129150390625,54.942813873291016,91.30000305175781
2008-04-14,95.151123046875,37.900447845458984,53.449127197265625,54.621219635009766,91.11000061035156
2008-04-15,95.3730697631836,37.9520149230957,53.79229736328125,53.94357681274414,91.66000366210938
2008-04-16,97.95709228515625,39.00957489013672,55.53155517578125,53.41523361206055,93.2699966430664
2008-04-17,98.10025787353516,38.923606872558594,55.31316375732422,53.32331466674805,92.55999755859375
2008-04-18,99.12384796142578,40.161712646484375,55.89811325073242,53.27740478515625,90.62000274658203
2008-04-21,99.17394256591797,40.44547653198242,55.90592956542969,53.4898796081543,90.25
2008-04-22,98.73731231689453,39.84360122680664,54.88420867919922,53.673667907714844,90.2699966430664
2008-04-23,98.579833984375,40.28209686279297,55.024593353271484,53.495628356933594,89.22000122070312
2008-04-24,99.00935363769531,40.64322280883789,55.55495071411133,53.04195022583008,87.22000122070312
2008-04-25,99.92550659179688,40.54003143310547,56.07749938964844,52.73184585571289,87.2699966430664
2008-04-28,99.9469985961914,40.61741638183594,56.45187759399414,52.89262008666992,87.69000244140625
2008-04-29,99.55329895019531,40.92695236206055,55.952728271484375,53.09360122680664,85.80999755859375
2008-04-30,98.96636962890625,40.59164810180664,55.68756103515625,53.472652435302734,86.6500015258789
2008-05-01,101.01353454589844,41.872737884521484,56.64687728881836,53.476112365722656,83.98999786376953
2008-05-02,101.29270935058594,41.93293380737305,56.58447265625,52.80170822143555,84.58000183105469
2008-05-05,100.80597686767578,41.812564849853516,56.36608123779297,52.80170822143555,86.2699966430664
2008-05-06,101.67921447753906,42.07050704956055,56.826271057128906,52.421348571777344,86.62999725341797
2008-05-07,99.86830139160156,41.30527877807617,55.81233215332031,52.64613342285156,85.81999969482422
2008-05-08,99.610595703125,41.614830017089844,55.9293212890625,53.11876678466797,87.23999786376953
2008-05-09,99.42447662353516,41.45145034790039,55.765541076660156,53.31475067138672,87.41999816894531
2008-05-12,100.54112243652344,42.20808029174805,56.990020751953125,53.2340087890625,86.98999786376953
2008-05-13,100.55540466308594,42.31985092163086,57.317604064941406,52.65190505981445,85.38999938964844
2008-05-14,100.76300048828125,42.22527313232422,57.24744415283203,52.67494583129883,85.19999694824219
2008-05-15,102.02278900146484,42.964717864990234,57.36440658569336,53.15334701538086,87.0
2008-05-16,102.11585998535156,42.99911117553711,57.67638397216797,52.9343147277832,89.0999984741211
2008-05-19,102.39502716064453,42.6895637512207,57.691986083984375,53.003509521484375,89.38999938964844
2008-05-20,101.56468963623047,42.362850189208984,57.48137283325195,53.280113220214844,90.9000015258789
2008-05-21,99.84680938720703,41.425655364990234,56.66246795654297,53.29165267944336,91.95999908447266
2008-05-22,99.8611068725586,41.571815490722656,57.0680046081543,52.66339874267578,90.9800033569336
2008-05-23,98.52255249023438,41.44285202026367,56.319305419921875,52.89399337768555,91.2300033569336
2008-05-27,99.25267028808594,42.17369079589844,57.18500518798828,52.53662109375,89.36000061035156
2008-05-28,99.71078491210938,42.34564208984375,57.450233459472656,52.069740295410156,89.13999938964844
2008-05-29,100.21185302734375,42.72396469116211,58.03516387939453,51.69512176513672,86.51000213623047
2008-05-30,100.46239471435547,42.99911117553711,58.23796844482422,52.03519058227539,87.44999694824219
2008-06-02,99.42447662353516,42.474609375,57.70758056640625,52.23588180541992,87.95999908447266
2008-06-03,98.84464263916016,42.24247360229492,57.590572357177734,52.61189651489258,86.87999725341797
2008-06-04,98.79456329345703,42.784149169921875,57.949363708496094,52.14333724975586,86.6500015258789
2008-06-05,100.77017974853516,43.46340560913086,59.431251525878906,51.83096694946289,86.44999694824219
2008-06-06,97.55625915527344,42.15647506713867,57.65300750732422,52.50200271606445,89.05999755859375
2008-06-09,97.79241943359375,41.93293380737305,57.465816497802734,52.50200271606445,87.98999786376953
2008-06-10,97.30567932128906,41.73518753051758,57.04461669921875,52.16071319580078,85.55000305175781
2008-06-11,95.87410736083984,40.72919845581055,56.054115295410156,52.03921890258789,87.0199966430664
2008-06-12,96.23912811279297,40.772193908691406,56.17110824584961,51.51856994628906,85.5999984741211
2008-06-13,97.45599365234375,41.58899688720703,57.18500518798828,51.40869903564453,85.83000183105469
2008-06-16,97.51329040527344,41.95873260498047,57.54377365112305,51.42024230957031,87.01000213623047
2008-06-17,97.04086303710938,41.73518753051758,57.49700164794922,51.52435302734375,87.25
2008-06-18,96.09600067138672,41.288063049316406,57.036834716796875,51.9582405090332,88.27999877929688
2008-06-19,96.21768951416016,41.93293380737305,57.51259994506836,51.65167999267578,88.41999816894531
2008-06-20,94.65592193603516,40.80062484741211,56.60005569458008,51.95243453979492,88.94999694824219
2008-06-23,94.56239318847656,40.4822883605957,56.069705963134766,52.06235885620117,87.08999633789062
2008-06-24,94.3753433227539,40.27579116821289,55.141597747802734,52.4094352722168,87.47000122070312
2008-06-25,94.82135009765625,40.929691314697266,55.765541076660156,52.43259048461914,87.41999816894531
2008-06-26,92.24601745605469,39.27771759033203,54.33045196533203,52.78544998168945,90.61000061035156
2008-06-27,91.74242401123047,39.27771759033203,54.38505172729492,53.40439987182617,91.47000122070312
2008-06-30,92.06617736816406,38.864715576171875,53.85468292236328,53.415985107421875,91.4000015258789
2008-07-01,92.35389709472656,39.41537857055664,53.89369201660156,53.28940963745117,92.66000366210938
2008-07-02,90.771240234375,38.46891403198242,52.36478042602539,53.5681037902832,93.16999816894531
2008-07-03,90.86479949951172,38.400089263916016,52.08295822143555,53.45193099975586,92.05999755859375
2008-07-07,89.9367904663086,38.632408142089844,51.42536544799805,53.69581604003906,91.2300033569336
2008-07-08,91.53379821777344,39.55303192138672,53.288536071777344,54.04413604736328,90.86000061035156
2008-07-09,89.77135467529297,38.50336456298828,51.863765716552734,54.282169342041016,91.5
2008-07-10,90.13826751708984,38.95935821533203,52.372623443603516,54.276371002197266,93.52999877929688
2008-07-11,89.08796691894531,38.3398551940918,52.662269592285156,53.50422668457031,95.16000366210938
2008-07-14,88.28221893310547,38.055938720703125,51.79330825805664,53.974464416503906,95.91000366210938
2008-07-15,87.03765869140625,38.06452941894531,51.57410430908203,53.95705795288086,96.16999816894531
2008-07-16,89.17424011230469,39.01097869873047,53.468597412109375,52.981712341308594,94.44000244140625
2008-07-17,90.06625366210938,39.26909255981445,53.54688262939453,52.70881271362305,94.22000122070312
2008-07-18,90.62739562988281,38.365665435791016,53.92265701293945,52.51146697998047,94.16999816894531
2008-07-21,90.67771911621094,38.52915573120117,54.58026123046875,52.7147102355957,95.12000274658203
2008-07-22,91.70648193359375,38.52915573120117,55.95022201538086,52.45344924926758,93.05999755859375
2008-07-23,92.20285034179688,39.03679656982422,56.310367584228516,52.34893035888672,90.56999969482422
2008-07-24,90.28929138183594,38.45171356201172,54.885555267333984,52.85979461669922,91.33000183105469
2008-07-25,90.2677001953125,38.95077133178711,55.33177185058594,52.331504821777344,91.69000244140625
2008-07-28,88.94407653808594,38.21942901611328,54.39235305786133,52.85979461669922,91.7300033569336
2008-07-29,90.84319305419922,39.01097869873047,55.723209381103516,52.6450080871582,90.58999633789062
2008-07-30,92.4618148803711,39.208866119384766,56.059844970703125,52.69725799560547,89.5199966430664
2008-07-31,91.23885345458984,39.114219665527344,55.832820892333984,53.21976852416992,90.08000183105469
2008-08-01,90.75687408447266,38.61518859863281,55.903263092041016,53.33744812011719,89.56999969482422
2008-08-04,89.91522216796875,38.228004455566406,55.38656997680664,53.21510696411133,88.13999938964844
2008-08-05,92.33953094482422,39.518619537353516,56.33382797241211,52.81886291503906,86.08000183105469
2008-08-06,92.74951934814453,40.12092971801758,56.615657806396484,52.60330581665039,86.63999938964844
2008-08-07,91.36833190917969,39.81116485595703,55.77018737792969,53.4598388671875,86.08999633789062
2008-08-08,93.06609344482422,40.7145881652832,57.2419319152832,53.60551452636719,84.43000030517578
2008-08-11,94.03005981445312,41.0845832824707,58.61191177368164,53.092742919921875,81.12999725341797
2008-08-12,93.05172729492188,41.12758255004883,58.17354202270508,53.58798599243164,80.5199966430664
2008-08-13,92.4905776977539,41.04154586791992,58.38492965698242,53.40156555175781,81.55999755859375
2008-08-14,93.18836212158203,41.5147819519043,58.94855499267578,53.74534606933594,79.3499984741211
2008-08-15,93.6415786743164,41.43735122680664,58.79196548461914,54.21150588989258,77.62999725341797
2008-08-18,92.36109924316406,40.955501556396484,58.03260803222656,54.42704772949219,78.80000305175781
2008-08-19,91.3539810180664,40.447872161865234,57.0697021484375,54.217247009277344,80.43000030517578
2008-08-20,91.77841186523438,40.516700744628906,57.14798355102539,54.3687744140625,80.05999755859375
2008-08-21,91.93667602539062,40.32740783691406,56.49039077758789,54.26972961425781,82.30000305175781
2008-08-22,93.26749420166016,40.86086654663086,57.68035125732422,54.23477554321289,81.08000183105469
2008-08-25,91.37553405761719,40.00045394897461,56.41212463378906,54.77665710449219,80.93000030517578
2008-08-26,91.6417007446289,39.94883728027344,56.49824523925781,54.823280334472656,81.2300033569336
2008-08-27,92.53376007080078,40.206939697265625,57.171478271484375,54.91648483276367,81.36000061035156
2008-08-28,93.65597534179688,40.53391647338867,58.33011245727539,54.92229080200195,82.18000030517578
2008-08-29,92.64884948730469,39.682098388671875,57.82905960083008,54.67756271362305,81.70999908447266
2008-09-02,92.07332611083984,39.191673278808594,57.81342697143555,55.186344146728516,79.19999694824219
2008-09-03,91.9942398071289,38.82169723510742,58.04827117919922,55.4202880859375,78.88999938964844
2008-09-04,89.2245864868164,37.565486907958984,56.224246978759766,55.86473846435547,78.38999938964844
2008-09-05,89.50513458251953,37.384803771972656,56.08332824707031,55.8354606628418,78.9800033569336
2008-09-08,91.3539810180664,37.31597137451172,56.74090576171875,56.06938934326172,78.86000061035156
2008-09-09,88.64193725585938,36.52439880371094,55.43355178833008,56.624900817871094,76.48999786376953
2008-09-10,89.0015869140625,36.82554244995117,55.95022201538086,56.27410125732422,74.22000122070312
2008-09-11,90.28929138183594,37.51387405395508,56.30252456665039,56.24486541748047,73.08000183105469
2008-09-12,90.7065200805664,37.36760330200195,56.56086730957031,55.51966094970703,75.55000305175781
2008-09-15,86.39027404785156,36.20606994628906,54.02442169189453,57.32086944580078,77.55999755859375
2008-09-16,87.83622741699219,36.489986419677734,55.5822868347168,57.30911636352539,76.79000091552734
2008-09-17,83.88683319091797,34.597076416015625,53.07719039916992,57.59567642211914,85.45999908447266
2008-09-18,86.37586212158203,35.767234802246094,56.208580017089844,56.75360107421875,82.80000305175781
2008-09-19,89.80616760253906,36.936458587646484,58.713680267333984,54.952449798583984,85.9800033569336
2008-09-22,87.77302551269531,35.19727325439453,56.32600784301758,54.946563720703125,89.18000030517578
2008-09-23,85.77606201171875,34.93036651611328,55.57447052001953,54.736083984375,88.31999969482422
2008-09-24,86.0510025024414,35.17142868041992,54.8684196472168,54.97583770751953,86.70999908447266
2008-09-25,87.39678192138672,35.7310905456543,55.15082550048828,54.864723205566406,86.44999694824219
2008-09-26,87.4401626586914,35.36946105957031,55.409732818603516,55.262386322021484,86.63999938964844
2008-09-29,80.58824920654297,32.56263732910156,51.032188415527344,56.87053680419922,89.56999969482422
2008-09-30,83.92377471923828,33.5011100769043,53.34646987915039,55.48455810546875,85.06999969482422
2008-10-01,83.97441864013672,33.14811325073242,52.577640533447266,56.182655334472656,85.97000122070312
2008-10-02,80.92830657958984,31.641368865966797,49.87895584106445,56.634281158447266,82.33000183105469
2008-10-03,79.83576965332031,31.150604248046875,49.18857955932617,57.132896423339844,82.58999633789062
2008-10-06,75.76939392089844,30.014101028442383,46.85075378417969,58.171112060546875,84.27999877929688
2008-10-07,72.37601470947266,28.111316680908203,43.77548599243164,57.995182037353516,87.2699966430664
2008-10-08,70.5527114868164,27.88746452331543,42.7242431640625,57.162208557128906,89.41999816894531
2008-10-09,65.62535858154297,27.138397216796875,39.21748733520508,56.681251525878906,89.9000015258789
2008-10-10,64.0335922241211,26.966203689575195,41.14739227294922,56.28234100341797,83.22000122070312
2008-10-13,73.33110046386719,30.246557235717773,44.701202392578125,55.56084442138672,81.98999786376953
2008-10-14,72.24579620361328,28.9378719329834,43.44599533081055,55.20301055908203,82.19999694824219
2008-10-15,65.13334655761719,26.346288681030273,39.5469970703125,55.73091125488281,83.30999755859375
2008-10-16,67.84664916992188,27.775527954101562,42.135868072509766,55.44355773925781,79.29000091552734
2008-10-17,67.44145965576172,27.809974670410156,40.9512825012207,55.06223678588867,77.20999908447266
2008-10-20,71.49330139160156,28.584856033325195,42.9046745300293,55.5021858215332,78.5
2008-10-21,69.35883331298828,27.103960037231445,41.7200813293457,55.79545593261719,76.02999877929688
2008-10-22,65.5819320678711,26.35489845275879,39.6097526550293,56.927608489990234,71.70999908447266
2008-10-23,66.3416748046875,26.25157928466797,38.43297576904297,57.34993362426758,70.6500015258789
2008-10-24,62.977210998535156,25.407814025878906,37.00519943237305,56.73988723754883,72.20999908447266
2008-10-27,60.74141311645508,24.701799392700195,35.19297790527344,56.780914306640625,72.18000030517578
2008-10-28,67.83940124511719,27.431133270263672,38.00935745239258,55.95387649536133,73.79000091552734
2008-10-29,67.3473892211914,27.362253189086914,38.20548629760742,55.672306060791016,74.0
2008-10-30,69.67719268798828,28.2749080657959,40.34718704223633,55.167789459228516,72.70999908447266
2008-10-31,70.06068420410156,28.31795310974121,42.16725158691406,54.45222091674805,71.33999633789062
2008-11-03,70.26329803466797,28.257686614990234,42.222171783447266,54.59943389892578,71.0999984741211
2008-11-04,72.65097045898438,29.05841064453125,42.70856475830078,55.62416458129883,75.4800033569336
2008-11-05,69.5976333618164,27.543066024780273,40.47270584106445,56.283775329589844,72.80000305175781
2008-11-06,65.74115753173828,26.31184959411621,38.903690338134766,55.87740707397461,72.22000122070312
2008-11-07,67.91175079345703,26.85427474975586,39.71174621582031,55.51227951049805,72.5
2008-11-10,67.02178955078125,26.492652893066406,38.793880462646484,55.78319549560547,73.58000183105469
2008-11-11,64.95247650146484,25.915788650512695,37.9544563293457,55.94805145263672,72.05000305175781
2008-11-12,62.0944938659668,24.719013214111328,35.74212646484375,56.307350158691406,70.0
2008-11-13,65.96543884277344,26.225749969482422,38.684043884277344,54.958683013916016,72.1500015258789
2008-11-14,62.67331314086914,24.95148468017578,35.80490493774414,56.04819869995117,73.30000305175781
2008-11-17,61.84123229980469,24.42627716064453,35.49893569946289,56.29553985595703,72.6500015258789
2008-11-18,63.006141662597656,24.400453567504883,35.32633590698242,57.01997756958008,72.51000213623047
2008-11-19,58.968772888183594,23.126184463500977,32.447208404541016,58.48049545288086,72.26000213623047
2008-11-20,54.59132385253906,22.006906509399414,30.227067947387695,61.50168991088867,73.44999694824219
2008-11-21,57.53615188598633,22.962602615356445,31.882349014282227,60.612396240234375,78.8499984741211
2008-11-24,61.52286911010742,24.366004943847656,34.12604904174805,59.66421890258789,80.91000366210938
2008-11-25,61.97871398925781,24.25409507751465,34.69089889526367,61.41921615600586,80.87000274658203
2008-11-26,64.3736343383789,25.270050048828125,36.76984405517578,61.50168991088867,80.37999725341797
2008-11-28,65.18400573730469,25.072023391723633,37.138553619384766,62.26140594482422,80.30999755859375
2008-12-01,59.41013717651367,23.18645477294922,32.96499252319336,64.64569854736328,75.6500015258789
2008-12-02,61.69652557373047,23.961355209350586,34.6987419128418,64.89395141601562,76.94999694824219
2008-12-03,63.17979431152344,24.641529083251953,35.74997329711914,65.07704162597656,76.18000030517578
2008-12-04,61.718238830566406,23.944133758544922,34.56536102294922,66.35935974121094,75.5
2008-12-05,63.62114334106445,24.917043685913086,36.1657829284668,65.28392028808594,74.5199966430664
2008-12-08,65.84241485595703,25.898582458496094,37.76613998413086,65.14212799072266,76.19999694824219
2008-12-09,64.75711822509766,25.83831024169922,36.59724426269531,66.43026733398438,76.33000183105469
2008-12-10,65.19851684570312,25.752197265625,37.46019744873047,66.27071380615234,79.75
2008-12-11,63.628395080566406,25.046192169189453,35.56169891357422,66.40068817138672,80.6500015258789
2008-12-12,64.38809967041016,25.554180145263672,36.78553771972656,66.40068817138672,80.80999755859375
2008-12-15,63.490901947021484,25.106462478637695,35.600921630859375,67.1571044921875,82.5999984741211
2008-12-16,66.47913360595703,26.31184959411621,37.915218353271484,68.8175277709961,84.45999908447266
2008-12-17,65.83518981933594,25.993284225463867,38.26040267944336,70.684814453125,85.43000030517578
2008-12-18,64.60516357421875,25.536964416503906,38.0172119140625,72.16802215576172,83.87000274658203
2008-12-19,64.32725524902344,25.746488571166992,38.20548629760742,72.24481201171875,82.62999725341797
2008-12-22,63.503021240234375,25.186023712158203,37.46805191040039,71.68942260742188,83.45999908447266
2008-12-23,62.84657287597656,25.056690216064453,36.92341613769531,71.59477233886719,82.62999725341797
2008-12-24,63.21125030517578,25.125667572021484,37.057796478271484,71.44119262695312,83.45999908447266
2008-12-26,63.575965881347656,25.117055892944336,37.58740997314453,71.6775131225586,85.5999984741211
2008-12-29,63.39362716674805,24.910114288330078,37.0103645324707,71.59154510498047,86.3499984741211
2008-12-30,64.89620208740234,25.427459716796875,38.03799057006836,72.27337646484375,85.9000015258789
2008-12-31,65.82254791259766,25.643009185791016,38.923343658447266,70.76151275634766,86.5199966430664
2009-01-02,67.80657958984375,26.755300521850586,39.69800567626953,68.98285675048828,86.2300033569336
2009-01-05,67.72632598876953,26.746681213378906,39.84029006958008,67.20423126220703,84.4800033569336
2009-01-06,68.1785888671875,27.013978958129883,40.51218032836914,66.52830505371094,85.12999725341797
2009-01-07,66.1362075805664,26.246578216552734,39.318572998046875,66.78917694091797,82.75
2009-01-08,66.40608978271484,26.522497177124023,39.50828170776367,66.7358169555664,84.45999908447266
2009-01-09,64.98372650146484,25.92755126953125,38.04590606689453,66.83660888671875,83.91999816894531
2009-01-12,63.42278289794922,25.453317642211914,36.91551208496094,67.53031921386719,80.76000213623047
2009-01-13,63.539520263671875,25.46194839477539,37.40560531616211,67.60143280029297,80.87999725341797
2009-01-14,61.54088592529297,24.68592643737793,35.76138687133789,68.71604919433594,79.79000091552734
2009-01-15,61.56277084350586,25.091182708740234,36.33845901489258,68.82870483398438,80.38999938964844
2009-01-16,62.0442008972168,25.36709976196289,36.7415885925293,67.76740264892578,82.70999908447266
2009-01-20,58.76911926269531,24.108226776123047,34.2515754699707,67.75558471679688,84.5199966430664
2009-01-21,61.30748748779297,25.13429069519043,35.959022521972656,65.61522674560547,84.1500015258789
2009-01-22,60.3592414855957,24.798009872436523,34.91558074951172,64.35238647460938,84.58000183105469
2009-01-23,60.62181091308594,24.918733596801758,35.08949279785156,63.84848403930664,88.52999877929688
2009-01-26,61.03759002685547,25.09979820251465,35.48472213745117,63.2911262512207,88.94999694824219
2009-01-27,61.657562255859375,25.280864715576172,35.8720703125,64.7792739868164,88.37999725341797
2009-01-28,63.743717193603516,26.168981552124023,37.350276947021484,63.16065979003906,87.41999816894531
2009-01-29,61.672157287597656,25.505048751831055,35.88787841796875,61.7081184387207,89.5
2009-01-30,60.4175910949707,25.056690216064453,35.16062545776367,61.512489318847656,91.30999755859375
2009-02-02,60.235233306884766,25.358470916748047,35.44520950317383,62.656951904296875,88.83999633789062
2009-02-03,61.08134841918945,25.75510597229004,35.69817352294922,61.16462326049805,88.47000122070312
2009-02-04,60.78230285644531,25.789588928222656,35.43729782104492,60.95063400268555,89.18000030517578
2009-02-05,61.6867790222168,26.35866928100586,35.84834671020508,61.00414276123047,90.12000274658203
2009-02-06,63.44468307495117,27.0484676361084,37.12102508544922,60.81389617919922,89.58999633789062
2009-02-09,63.53219985961914,27.160552978515625,36.95502471923828,61.01009750366211,88.31999969482422
2009-02-10,60.62181091308594,26.160364151000977,35.247581481933594,62.335811614990234,90.20999908447266
2009-02-11,60.97926330566406,26.039640426635742,35.38197708129883,63.144412994384766,92.29000091552734
2009-02-12,61.02298355102539,26.35866928100586,35.68234634399414,62.54989242553711,93.16999816894531
2009-02-13,60.36653137207031,26.237953186035156,35.31083679199219,60.88523483276367,92.55000305175781
2009-02-17,57.784400939941406,25.19464683532715,33.91166687011719,62.78178405761719,95.44999694824219
2009-02-18,57.64582061767578,25.21189308166504,33.42947769165039,62.2466926574707,96.91000366210938
2009-02-19,57.02581024169922,24.823883056640625,32.96309280395508,61.18842315673828,95.7699966430664
2009-02-20,56.471435546875,24.892866134643555,32.52043914794922,61.782928466796875,97.80000305175781
2009-02-23,54.45097351074219,24.022001266479492,31.271469116210938,62.353694915771484,97.7300033569336
2009-02-24,56.51519775390625,24.815261840820312,32.425567626953125,62.288272857666016,94.7300033569336
2009-02-25,56.07027053833008,24.651439666748047,31.753658294677734,61.56890106201172,93.1500015258789
2009-02-26,55.15848159790039,23.961641311645508,31.160797119140625,60.92091369628906,93.05999755859375
2009-02-27,53.92577362060547,23.73746109008789,30.94735336303711,60.570098876953125,92.62999725341797
2009-03-02,51.496826171875,22.970075607299805,29.200393676757812,61.57289505004883,90.93000030517578
2009-03-03,51.11024475097656,22.95282554626465,28.647058486938477,61.161537170410156,90.04000091552734
2009-03-04,52.321048736572266,23.565019607543945,29.23993492126465,60.88133239746094,88.98999786376953
2009-03-05,50.18387222290039,22.857982635498047,27.682676315307617,62.574466705322266,91.98999786376953
2009-03-06,50.271392822265625,22.676902770996094,27.824953079223633,62.15715789794922,92.29000091552734
2009-03-09,49.68058395385742,22.19405746459961,27.184669494628906,61.79347229003906,90.56999969482422
2009-03-10,52.64200210571289,23.565019607543945,28.955352783203125,60.607059478759766,88.13999938964844
2009-03-11,52.984825134277344,23.927154541015625,28.994871139526367,61.262908935546875,89.22000122070312
2009-03-12,55.070960998535156,24.720413208007812,30.79717445373535,61.55503463745117,91.0999984741211
2009-03-13,55.50130844116211,24.780778884887695,31.12127113342285,61.24497985839844,91.30000305175781
2009-03-16,55.33355712890625,24.36690330505371,30.56002426147461,60.279144287109375,90.80000305175781
2009-03-17,57.02581024169922,25.289493560791016,31.975004196166992,59.95128631591797,90.04000091552734
2009-03-18,58.30227279663086,25.608524322509766,33.08167266845703,62.22272491455078,93.08999633789062
2009-03-19,57.58015441894531,25.59127426147461,32.73384475708008,62.300235748291016,94.3499984741211
2009-03-20,56.35401916503906,25.20176124572754,31.60347557067871,61.95441436767578,93.58999633789062
2009-03-23,60.40192794799805,26.687273025512695,34.29109573364258,61.417869567871094,92.08000183105469
2009-03-24,59.21180725097656,26.19498634338379,32.95954513549805,62.002113342285156,90.94999694824219
2009-03-25,59.83622741699219,26.315900802612305,33.8874397277832,61.167476654052734,91.9800033569336
2009-03-26,61.05570983886719,27.127735137939453,35.19597625732422,61.876956939697266,91.93000030517578
2009-03-27,59.953773498535156,26.618179321289062,34.014320373535156,62.33597946166992,90.69000244140625
2009-03-30,57.88208770751953,25.961788177490234,33.03886413574219,62.574466705322266,89.9800033569336
2009-03-31,58.418392181396484,26.186342239379883,33.3481559753418,63.0216178894043,90.27999877929688
2009-04-01,59.54972839355469,26.574996948242188,33.92707443237305,63.59677505493164,91.02999877929688
2009-04-02,61.29082489013672,27.430021286010742,35.624229431152344,62.819522857666016,88.80000305175781
2009-04-03,61.90054702758789,27.939592361450195,36.18732452392578,61.53400421142578,87.58999633789062
2009-04-06,61.41571807861328,27.87049674987793,35.568721771240234,61.270992279052734,85.2699966430664
2009-04-07,59.98316955566406,27.136371612548828,34.307762145996094,61.42649459838867,86.73999786376953
2009-04-08,60.629642486572266,27.5941219329834,34.942195892333984,61.97053146362305,86.61000061035156
2009-04-09,63.039241790771484,28.449153900146484,36.98830032348633,61.19326400756836,86.30999755859375
2009-04-13,63.05392837524414,28.405963897705078,37.00415802001953,61.75529861450195,87.87999725341797
2009-04-14,61.96669387817383,28.06050682067871,35.93351745605469,62.07814407348633,87.37000274658203
2009-04-15,62.62786865234375,27.982769012451172,36.480743408203125,61.97053146362305,87.5
2009-04-16,63.546142578125,28.708251953125,37.535499572753906,61.480255126953125,85.80999755859375
2009-04-17,63.972225189208984,28.768709182739258,37.868587493896484,60.80465316772461,85.22000122070312
2009-04-20,61.29082489013672,27.844579696655273,35.92559814453125,61.725318908691406,86.94999694824219
2009-04-21,62.48829650878906,28.233232498168945,37.17070388793945,61.11552810668945,86.88999938964844
2009-04-22,62.10623550415039,28.319602966308594,37.16277313232422,60.744869232177734,87.37999725341797
2009-04-23,62.71599197387695,28.595970153808594,37.075538635253906,60.738868713378906,88.80000305175781
2009-04-24,63.6636962890625,29.096893310546875,37.7654914855957,60.12904357910156,89.72000122070312
2009-04-27,63.0612678527832,29.131439208984375,37.36103057861328,60.386104583740234,89.01000213623047
2009-04-28,62.86292266845703,28.91552734375,37.41655349731445,59.39964294433594,87.75
2009-04-29,64.19995880126953,29.312822341918945,38.83613204956055,58.87354278564453,88.33000183105469
2009-04-30,64.22197723388672,29.60646629333496,38.479244232177734,58.64036560058594,87.2699966430664
2009-05-01,64.56732177734375,29.68419075012207,38.71715545654297,58.23671340942383,86.94999694824219
2009-05-04,66.76383209228516,30.271484375,40.128822326660156,58.42861557006836,88.63999938964844
2009-05-05,66.53610229492188,30.245561599731445,39.930572509765625,58.356712341308594,88.25
2009-05-06,67.68949890136719,30.25421905517578,40.04157638549805,58.218780517578125,89.54000091552734
2009-05-07,66.7491226196289,29.54600715637207,39.09784698486328,56.79744338989258,89.44000244140625
2009-05-08,68.30659484863281,29.56328582763672,40.4539680480957,56.93539810180664,89.9800033569336
2009-05-11,67.0283203125,29.666919708251953,39.859169006347656,57.7449951171875,89.69000244140625
2009-05-12,66.8299789428711,29.304183959960938,39.29608917236328,57.95487594604492,90.69999694824219
2009-05-13,65.14765167236328,28.518238067626953,37.49586868286133,58.58452224731445,91.08999633789062
2009-05-14,65.70597839355469,28.83779525756836,38.019264221191406,58.812442779541016,91.02999877929688
2009-05-15,65.16969299316406,28.82051658630371,37.87651824951172,58.79441452026367,91.55000305175781
2009-05-18,67.02098846435547,29.5719051361084,39.14542007446289,57.88290023803711,90.36000061035156
2009-05-19,66.94017028808594,29.710100173950195,39.16128158569336,57.57700729370117,90.95999908447266
2009-05-20,66.49201965332031,29.60646629333496,38.796470642089844,58.182716369628906,92.25
2009-05-21,65.53701782226562,29.06235122680664,38.296852111816406,56.719478607177734,93.8499984741211
2009-05-22,65.39740753173828,28.967348098754883,37.90031814575195,56.08980178833008,94.1500015258789
2009-05-26,67.07240295410156,30.04692840576172,39.708492279052734,55.244178771972656,93.76000213623047
2009-05-27,65.87491607666016,29.839645385742188,38.9392204284668,54.266727447509766,93.44999694824219
2009-05-28,66.7932357788086,30.18512725830078,38.98682403564453,55.05228805541992,94.23999786376953
2009-05-29,67.97603607177734,30.556489944458008,39.78780746459961,56.47356414794922,96.19999694824219
2009-06-01,69.62158966064453,31.428787231445312,41.342185974121094,54.80400085449219,95.7300033569336
2009-06-02,69.68036651611328,31.471965789794922,41.85767364501953,55.09885025024414,96.36000061035156
2009-06-03,68.79877471923828,31.376976013183594,41.580116271972656,55.616214752197266,94.41000366210938
2009-06-04,69.44527435302734,31.7310848236084,42.174903869628906,54.46711730957031,96.2300033569336
2009-06-05,69.46000671386719,31.765636444091797,42.1907844543457,54.05195236206055,93.70999908447266
2009-06-08,69.1734619140625,31.67060661315918,41.691131591796875,53.913604736328125,93.55999755859375
2009-06-09,69.52606964111328,31.912445068359375,41.881473541259766,53.907554626464844,93.83000183105469
2009-06-10,69.34979248046875,31.80017852783203,41.71492004394531,53.05928039550781,93.86000061035156
2009-06-11,69.65834045410156,31.80017852783203,41.730796813964844,53.64885711669922,93.69999694824219
2009-06-12,69.84931945800781,31.653348922729492,41.85767364501953,54.13016891479492,92.16999816894531
2009-06-15,68.24784851074219,31.005598068237305,40.73154067993164,54.617523193359375,91.0999984741211
2009-06-16,67.32218170166016,30.703311920166016,40.049503326416016,55.568077087402344,91.93000030517578
2009-06-17,67.25607299804688,30.996957778930664,40.26362228393555,55.255252838134766,92.3499984741211
2009-06-18,67.74827575683594,30.936513900756836,40.44603729248047,54.418968200683594,91.61000061035156
2009-06-19,67.99800109863281,31.2685546875,40.69188690185547,55.16500473022461,91.9000015258789
2009-06-22,65.95891571044922,30.33464241027832,39.248504638671875,55.700523376464844,90.54000091552734
2009-06-23,66.01065063476562,30.26548194885254,38.931297302246094,56.35628128051758,90.91999816894531
2009-06-24,66.57951354980469,30.77566146850586,39.35160827636719,55.79073715209961,91.44999694824219
2009-06-25,68.02750396728516,31.380979537963867,40.48570251464844,56.81351852416992,92.30999755859375
2009-06-26,67.8502197265625,31.450162887573242,40.628440856933594,56.90977478027344,92.29000091552734
2009-06-29,68.48554992675781,31.519346237182617,40.628440856933594,56.9940071105957,92.04000091552734
2009-06-30,67.93148803710938,31.45880126953125,40.50947570800781,56.89776611328125,91.18000030517578
2009-07-01,68.21223449707031,31.476091384887695,41.135986328125,56.7849235534668,92.38999938964844
2009-07-02,66.35052490234375,30.784313201904297,39.720211029052734,56.917686462402344,91.25
2009-07-06,66.34309387207031,30.620010375976562,39.37003707885742,56.80903625488281,90.76000213623047
2009-07-07,65.0576400756836,29.859060287475586,38.51850128173828,57.18930435180664,90.70999908447266
2009-07-08,65.01326751708984,30.01471710205078,38.25587844848633,58.245567321777344,89.2699966430664
2009-07-09,65.13887786865234,30.06659698486328,38.09669494628906,57.551422119140625,89.51000213623047
2009-07-10,64.98377227783203,30.19630241394043,38.279747009277344,58.082603454589844,89.58000183105469
2009-07-13,66.56473541259766,30.77566146850586,39.202903747558594,57.756675720214844,90.19000244140625
2009-07-14,66.94154357910156,30.88808250427246,39.43370056152344,56.796958923339844,90.80999755859375
2009-07-15,68.89930725097656,31.925743103027344,40.95375061035156,55.33631134033203,92.23999786376953
2009-07-16,68.78849029541016,32.30623245239258,41.46309280395508,55.933868408203125,91.9800033569336
2009-07-17,69.54203796386719,32.47917938232422,41.30392837524414,55.070716857910156,91.93000030517578
2009-07-20,70.28083038330078,32.79048538208008,41.81328582763672,55.36046600341797,93.27999877929688
2009-07-21,70.60588836669922,33.01531219482422,41.74164581298828,56.465003967285156,93.12999725341797
2009-07-22,70.59114074707031,33.29201889038086,42.067928314208984,55.958003997802734,93.44000244140625
2009-07-23,72.14994812011719,34.02705001831055,43.396976470947266,54.9318962097168,93.26000213623047
2009-07-24,72.44544982910156,33.76762771606445,43.61981201171875,55.197425842285156,93.41000366210938
2009-07-27,72.65971374511719,34.02705001831055,43.8426399230957,54.56367874145508,93.70999908447266
2009-07-28,72.31989288330078,33.7935676574707,43.86653137207031,55.04658508300781,92.11000061035156
2009-07-29,72.142578125,34.01838302612305,43.643680572509766,55.34835433959961,91.19999694824219
2009-07-30,72.89613342285156,34.21729278564453,44.407684326171875,56.13302993774414,91.62000274658203
2009-07-31,72.99958038330078,34.11350631713867,44.224632263183594,57.2254638671875,93.3499984741211
2009-08-03,74.2038345336914,34.62369918823242,44.99661636352539,56.35824966430664,93.87000274658203
2009-08-04,74.3958740234375,34.62369918823242,45.450233459472656,55.91014099121094,94.68000030517578
2009-08-05,74.1816635131836,34.35564041137695,44.99661636352539,55.07437515258789,94.77999877929688
2009-08-06,73.79750061035156,34.052974700927734,44.36789321899414,55.2620849609375,94.5999984741211
2009-08-07,74.7652587890625,34.4853630065918,45.43431091308594,54.801876068115234,93.75
2009-08-10,74.61013793945312,34.24322509765625,45.5139045715332,55.486202239990234,92.93000030517578
2009-08-11,73.67926788330078,33.949214935302734,44.7817497253418,56.128170013427734,92.79000091552734
2009-08-12,74.46978759765625,34.47669982910156,45.45819091796875,55.528594970703125,92.94999694824219
2009-08-13,75.03865814208984,34.66694259643555,45.83223342895508,56.31589889526367,93.72000122070312
2009-08-14,74.46239471435547,34.269161224365234,44.893150329589844,56.53391647338867,93.0
2009-08-17,72.63017272949219,33.27474594116211,43.627777099609375,57.369659423828125,91.61000061035156
2009-08-18,73.2063980102539,33.750343322753906,44.2087287902832,57.03654861450195,92.05999755859375
2009-08-19,73.84919738769531,33.98380661010742,44.7498893737793,57.508914947509766,92.52999877929688
2009-08-20,74.61013793945312,34.381568908691406,45.23535919189453,57.98126983642578,92.2699966430664
2009-08-21,76.07292938232422,34.839900970458984,46.27790451049805,56.78824996948242,93.6500015258789
2009-08-24,76.06553649902344,34.8052978515625,46.26198959350586,57.81778335571289,92.33999633789062
2009-08-25,76.21331024169922,34.909053802490234,46.4609375,58.144805908203125,92.76000213623047
2009-08-26,76.22066497802734,34.84855270385742,46.564388275146484,58.41130447387695,92.79000091552734
2009-08-27,76.3906021118164,34.935020446777344,46.49275588989258,58.18120574951172,93.19000244140625
2009-08-28,76.37580871582031,34.96958541870117,46.19831848144531,58.447669982910156,93.87000274658203
2009-08-31,75.69617462158203,34.61505889892578,45.52186965942383,58.50210952758789,93.4000015258789
2009-09-01,74.0264663696289,33.966522216796875,44.503177642822266,58.36058044433594,93.9000015258789
2009-09-02,73.74576568603516,33.94058609008789,44.28036117553711,59.211116790771484,96.19000244140625
2009-09-03,74.35896301269531,34.16539764404297,44.77375411987305,58.846622467041016,97.45999908447266
2009-09-04,75.40066528320312,34.900421142578125,45.40248489379883,57.84417724609375,97.52999877929688
2009-09-08,76.05075073242188,35.22901916503906,45.903873443603516,57.43711471557617,97.43000030517578
2009-09-09,76.63442993164062,35.53166198730469,46.69173812866211,57.37027359008789,97.08000183105469
2009-09-10,77.41751098632812,35.86890411376953,47.272705078125,58.42743682861328,97.69999694824219
2009-09-11,77.40274810791016,35.90351104736328,47.28860092163086,58.7493896484375,98.77999877929688
2009-09-14,77.77952575683594,36.0418701171875,47.78998565673828,58.1661491394043,97.95999908447266
2009-09-15,78.10459899902344,36.154296875,48.179954528808594,57.86843490600586,98.9000015258789
2009-09-16,79.28668975830078,36.6817512512207,49.17475509643555,57.971744537353516,99.91000366210938
2009-09-17,79.16847229003906,36.67311477661133,49.07129669189453,58.70082473754883,99.33999633789062
2009-09-18,79.21891784667969,36.73455810546875,49.27027130126953,58.17836380004883,98.66999816894531
2009-09-21,79.01849365234375,36.84708786010742,49.13496017456055,58.3120002746582,98.36000061035156
2009-09-22,79.47872924804688,36.91633605957031,49.4739875793457,58.433494567871094,99.66999816894531
2009-09-23,78.81807708740234,36.743221282958984,49.003334045410156,58.609676361083984,98.83000183105469
2009-09-24,77.9496078491211,36.4143180847168,48.02214813232422,58.77979278564453,97.55000305175781
2009-09-25,77.53387451171875,36.094058990478516,47.726993560791016,59.52705001831055,97.0
2009-09-28,78.92201232910156,36.70859909057617,48.867713928222656,60.0495491027832,97.05000305175781
2009-09-29,78.6844711303711,36.54412841796875,48.6523323059082,59.99488830566406,97.43000030517578
2009-09-30,78.38011169433594,36.57011795043945,48.0540657043457,59.940185546875,98.8499984741211
2009-10-01,76.43527221679688,35.488155364990234,46.61818313598633,60.76107406616211,97.88999938964844
2009-10-02,76.07897186279297,35.38428497314453,46.26719665527344,60.3405876159668,98.37000274658203
2009-10-05,77.2146987915039,35.669921875,47.096797943115234,60.34666061401367,99.81999969482422
2009-10-06,78.32073974609375,36.301780700683594,47.97429275512695,59.74943923950195,102.27999877929688
2009-10-07,78.5360107421875,36.40565490722656,47.9902458190918,60.45033264160156,102.36000061035156
2009-10-08,79.13726043701172,36.56146240234375,48.428977966308594,59.81650161743164,103.63999938964844
2009-10-09,79.61976623535156,36.76918029785156,48.99534606933594,58.445228576660156,102.83999633789062
2009-10-12,79.93154907226562,36.84708786010742,49.003334045410156,58.53666687011719,103.55999755859375
2009-10-13,79.76821899414062,36.855751037597656,48.79593276977539,58.84138870239258,104.26000213623047
2009-10-14,81.14148712158203,37.357757568359375,49.72926712036133,57.969913482666016,104.18000030517578
2009-10-15,81.43839263916016,37.27122116088867,49.69733428955078,57.70168685913086,102.86000061035156
2009-10-16,80.82970428466797,37.02885437011719,49.202762603759766,58.17095184326172,103.18000030517578
2009-10-19,81.49781799316406,37.401058197021484,49.609596252441406,58.62806701660156,104.2300033569336
2009-10-20,81.06727600097656,37.40971374511719,48.9235725402832,58.94495391845703,103.41999816894531
2009-10-21,80.33980560302734,37.34046936035156,48.26144790649414,58.59149932861328,103.75
2009-10-22,81.15635681152344,37.48760986328125,48.931549072265625,58.305076599121094,103.91999816894531
2009-10-23,80.22846221923828,37.3317985534668,47.91048049926758,57.86629104614258,103.48999786376953
2009-10-26,79.35997009277344,37.21062088012695,47.47970962524414,57.116615295410156,101.86000061035156
2009-10-27,78.99623107910156,36.64801025390625,46.89737319946289,57.89677047729492,101.8499984741211
2009-10-28,77.50418853759766,35.82571792602539,45.33385467529297,58.17095184326172,100.7300033569336
2009-10-29,79.16694641113281,36.43162536621094,46.195396423339844,57.53715896606445,102.69000244140625
2009-10-30,76.87321472167969,35.45353317260742,44.93501663208008,58.37208938598633,102.52999877929688
2009-11-02,77.43743896484375,35.60068130493164,44.847259521484375,58.11408996582031,103.94999694824219
2009-11-03,77.6823501586914,35.71321105957031,45.52532958984375,57.53325653076172,106.45999908447266
2009-11-04,77.88279724121094,35.77378845214844,44.871192932128906,57.0074462890625,107.0999984741211
2009-11-05,79.31541442871094,36.65665817260742,46.299095153808594,57.0074462890625,106.9800033569336
2009-11-06,79.52326965332031,36.8730583190918,46.33100891113281,57.06250762939453,107.43000030517578
2009-11-09,81.33451080322266,37.66073989868164,47.24039077758789,57.12971115112305,108.19000244140625
2009-11-10,81.34938049316406,37.75595474243164,46.945228576660156,57.02577590942383,108.38999938964844
2009-11-11,81.7650375366211,37.998291015625,47.27228927612305,57.264251708984375,109.5999984741211
2009-11-12,80.93363189697266,37.78189468383789,46.40279006958008,57.16029357910156,108.20999908447266
2009-11-13,81.37158966064453,38.0934944152832,46.84950256347656,57.42319107055664,109.73999786376953
2009-11-16,82.55183410644531,38.48301696777344,48.085960388183594,58.095726013183594,111.62999725341797
2009-11-17,82.64837646484375,38.604183197021484,48.085960388183594,58.40753173828125,111.97000122070312
2009-11-18,82.596435546875,38.38779830932617,47.9902458190918,58.065216064453125,112.25
2009-11-19,81.52006530761719,37.79058074951172,46.79366683959961,58.16910934448242,112.30000305175781
2009-11-20,81.23059844970703,37.60012435913086,46.73782730102539,58.15688705444336,112.94000244140625
2009-11-23,82.26240539550781,38.206031799316406,47.55149841308594,58.0835075378418,114.29000091552734
2009-11-24,82.38856506347656,38.0761833190918,47.33612060546875,58.45036315917969,114.7300033569336
2009-11-25,82.67806243896484,38.24065017700195,47.32815170288086,58.71937561035156,116.62000274658203
2009-11-27,81.33451080322266,37.66073989868164,45.932151794433594,58.93950653076172,115.05999755859375
2009-11-30,81.60916137695312,37.704002380371094,46.338966369628906,59.08012008666992,115.63999938964844
2009-12-01,82.61868286132812,38.0934944152832,47.056922912597656,58.4219856262207,117.37999725341797
2009-12-02,82.58159637451172,38.145442962646484,47.61531448364258,58.47108840942383,119.18000030517578
2009-12-03,81.935791015625,37.98963165283203,47.03299331665039,57.86381912231445,118.69999694824219
2009-12-04,82.40342712402344,38.188720703125,48.1976432800293,57.250465393066406,113.75
2009-12-07,82.27722930908203,38.00694274902344,48.269439697265625,57.324058532714844,113.11000061035156
2009-12-08,81.36421966552734,37.77324676513672,47.8945198059082,57.409950256347656,110.94999694824219
2009-12-09,81.66857147216797,38.15408706665039,47.742942810058594,57.14620590209961,110.83999633789062
2009-12-10,82.1287612915039,38.34449005126953,47.55149841308594,56.489933013916016,110.81999969482422
2009-12-11,82.4776611328125,38.1973762512207,47.998207092285156,56.483787536621094,109.31999969482422
2009-12-14,83.04181671142578,38.56089782714844,48.72412872314453,56.551246643066406,110.23999786376953
2009-12-15,82.65581512451172,38.34449005126953,48.58851623535156,56.299713134765625,110.20999908447266
2009-12-16,82.78197479248047,38.39645767211914,48.89963150024414,56.2322998046875,111.58999633789062
2009-12-17,81.78731536865234,37.929054260253906,48.35719680786133,57.158451080322266,107.33999633789062
2009-12-18,82.25000762939453,38.5472297668457,48.80390167236328,56.91313171386719,108.94999694824219
2009-12-21,83.08590698242188,38.9807243347168,49.45005798339844,55.901119232177734,106.94999694824219
2009-12-22,83.38439178466797,39.21480941772461,49.91273880004883,55.588279724121094,106.16999816894531
2009-12-23,83.54859924316406,39.50093078613281,50.555885314941406,55.60055923461914,106.55000305175781
2009-12-24,83.94412994384766,39.86508560180664,50.748104095458984,55.02402114868164,108.36000061035156
2009-12-28,84.12325286865234,40.073158264160156,50.66801834106445,54.87066650390625,108.55000305175781
2009-12-29,84.00384521484375,39.90842056274414,50.64399719238281,55.23260498046875,107.47000122070312
2009-12-30,83.97394561767578,40.029815673828125,50.61195755004883,55.59581756591797,106.93000030517578
2009-12-31,83.16796112060547,39.66565704345703,50.0112419128418,55.33110809326172,107.30999755859375
2010-01-04,84.57848358154297,40.24656295776367,51.24469757080078,55.28184509277344,109.80000305175781
2010-01-05,84.80237579345703,40.24656295776367,51.0684928894043,55.63883590698242,109.69999694824219
2010-01-06,84.86207580566406,40.0037956237793,51.02043151855469,54.894020080566406,111.51000213623047
2010-01-07,85.2203369140625,40.029815673828125,51.3968620300293,54.98637390136719,110.81999969482422
2010-01-08,85.50387573242188,40.359283447265625,51.67721176147461,54.961769104003906,111.37000274658203
2010-01-11,85.62329864501953,40.194522857666016,51.46896743774414,54.66013717651367,112.8499984741211
2010-01-12,84.82477569580078,39.69166946411133,50.908287048339844,55.59581756591797,110.48999786376953
2010-01-13,85.54122924804688,40.18585205078125,51.56508255004883,54.94944763183594,111.54000091552734
2010-01-14,85.77257537841797,40.220550537109375,51.75731658935547,55.71888732910156,112.02999877929688
2010-01-15,84.80982971191406,39.75236511230469,51.00442123413086,56.06357192993164,110.86000061035156
2010-01-19,85.86959838867188,40.393959045410156,51.94151306152344,55.90352249145508,111.5199966430664
2010-01-20,84.99638366699219,39.81304931640625,51.18862533569336,56.46984100341797,108.94000244140625
2010-01-21,83.36200714111328,39.44022750854492,50.34763717651367,56.728355407714844,107.37000274658203
2010-01-22,81.50370025634766,38.28711700439453,49.442562103271484,56.62990951538086,107.16999816894531
2010-01-25,81.92161560058594,38.41716766357422,49.498634338378906,56.37132263183594,107.4800033569336
2010-01-26,81.57833099365234,38.45185089111328,49.01005172729492,56.38981246948242,107.55999755859375
2010-01-27,81.9664306640625,38.755306243896484,49.53065872192383,56.35905838012695,106.52999877929688
2010-01-28,81.02606964111328,37.758243560791016,48.681678771972656,56.32823944091797,106.4800033569336
2010-01-29,80.14546203613281,37.099308013916016,48.1450309753418,56.82069778442383,105.95999908447266
2010-02-01,81.39177703857422,37.50680923461914,48.71369934082031,56.304893493652344,108.3499984741211
2010-02-02,82.37688446044922,37.84493637084961,49.250343322753906,56.46549606323242,109.12999725341797
2010-02-03,81.9664306640625,38.05302047729492,48.921939849853516,55.8107795715332,108.69999694824219
2010-02-04,79.43647003173828,36.95192337036133,47.28800964355469,56.694026947021484,104.37000274658203
2010-02-05,79.60062408447266,37.2640380859375,47.472232818603516,56.817630767822266,104.68000030517578
2010-02-08,79.02597045898438,36.99527359008789,46.99968338012695,56.891754150390625,104.04000091552734
2010-02-09,80.01859283447266,37.376766204833984,47.648433685302734,56.32344055175781,105.41000366210938
2010-02-10,79.86185455322266,37.29873275756836,47.76056671142578,55.785972595214844,105.12000274658203
2010-02-11,80.69767761230469,37.86228942871094,48.521484375,55.48332977294922,107.12999725341797
2010-02-12,80.63053894042969,37.94032287597656,48.873897552490234,55.71192169189453,107.04000091552734
2010-02-16,81.89929962158203,38.42584991455078,49.6988525390625,55.816898345947266,109.62000274658203
2010-02-17,82.28734588623047,38.64259719848633,50.03527069091797,55.1806526184082,109.25
2010-02-18,82.7724609375,38.88536071777344,50.44374465942383,54.95833969116211,109.9800033569336
2010-02-19,82.94405364990234,38.86802673339844,50.50783920288086,55.254756927490234,109.47000122070312
2010-02-22,82.95899200439453,38.78999328613281,50.66001510620117,55.02625274658203,109.06999969482422
2010-02-23,81.95148468017578,38.28711700439453,50.067291259765625,55.88490676879883,107.88999938964844
2010-02-24,82.70528411865234,38.67727279663086,50.491817474365234,56.02073287963867,107.36000061035156
2010-02-25,82.59332275390625,38.668601989746094,50.50783920288086,56.33577346801758,108.30999755859375
2010-02-26,82.64556884765625,38.80731964111328,50.29958724975586,56.626094818115234,109.43000030517578
2010-03-01,83.50379943847656,39.37087631225586,51.46896743774414,56.60134506225586,109.43000030517578
2010-03-02,83.73516082763672,39.492271423339844,51.86140441894531,56.52699279785156,111.0199966430664
2010-03-03,83.80979919433594,39.53560256958008,52.15778350830078,56.38443374633789,111.62999725341797
2010-03-04,84.06352233886719,39.66565704345703,52.293941497802734,56.68187713623047,110.83000183105469
2010-03-05,85.26509857177734,40.26388931274414,53.35920333862305,55.93824768066406,110.80999755859375
2010-03-08,85.2800064086914,40.3419189453125,53.455326080322266,55.64701843261719,109.87999725341797
2010-03-09,85.42179870605469,40.567359924316406,53.64753723144531,55.65943145751953,109.72000122070312
2010-03-10,85.80241394042969,40.89680480957031,54.104087829589844,55.51689147949219,108.47000122070312
2010-03-11,86.1606216430664,41.052879333496094,54.2642707824707,55.72137451171875,108.5999984741211
2010-03-12,86.1680908203125,41.061553955078125,54.24026107788086,56.06839370727539,107.94999694824219
2010-03-15,86.19050598144531,40.95750427246094,54.0560302734375,55.99406433105469,108.36000061035156
2010-03-16,86.8770980834961,41.217613220214844,54.52058410644531,56.440223693847656,110.4000015258789
2010-03-17,87.39202880859375,41.330326080322266,54.84096145629883,56.68187713623047,109.58999633789062
2010-03-18,87.3472671508789,41.469058990478516,54.672760009765625,56.49599075317383,110.33999633789062
2010-03-19,86.90513610839844,41.21820831298828,53.991943359375,56.55173873901367,108.27999877929688
2010-03-22,87.36972045898438,41.5914192199707,54.75285339355469,56.613704681396484,107.75
2010-03-23,87.98424530029297,41.87784957885742,55.44966506958008,56.347225189208984,108.31999969482422
2010-03-24,87.55709075927734,41.67821502685547,54.81695556640625,55.31857681274414,106.30000305175781
2010-03-25,87.41470336914062,41.617469787597656,54.4716796875,54.965370178222656,106.77999877929688
2010-03-26,87.36225891113281,41.66084289550781,54.44759750366211,55.120304107666016,108.58999633789062
2010-03-29,87.91680908203125,41.86048126220703,54.74470901489258,54.909603118896484,108.75
2010-03-30,87.97674560546875,41.99936294555664,54.91331481933594,55.08309555053711,107.97000122070312
2010-03-31,87.67696380615234,41.79972457885742,54.43959045410156,55.46115493774414,108.94999694824219
2010-04-01,88.27649688720703,41.79972457885742,54.945411682128906,55.32553482055664,110.26000213623047
2010-04-05,88.99588775634766,42.1902961730957,55.973209381103516,54.40504455566406,110.88999938964844
2010-04-06,89.20572662353516,42.31181716918945,56.30239486694336,54.49208450317383,111.02999877929688
2010-04-07,88.6961441040039,42.207664489746094,56.125755310058594,55.188690185546875,112.48999786376953
2010-04-08,89.00337982177734,42.30314254760742,56.06956481933594,55.21356201171875,112.6500015258789
2010-04-09,89.587890625,42.554832458496094,56.40681457519531,55.344181060791016,113.63999938964844
2010-04-12,89.73025512695312,42.589561462402344,56.6396598815918,55.63654327392578,113.01000213623047
2010-04-13,89.7977294921875,42.80652618408203,56.76810836791992,55.81687545776367,112.69000244140625
2010-04-14,90.81688690185547,43.31861114501953,57.980560302734375,55.42505645751953,113.02999877929688
2010-04-15,90.89181518554688,43.50956726074219,58.15719985961914,55.48724365234375,113.6500015258789
2010-04-16,89.44551086425781,42.98879623413086,57.37834548950195,55.89151382446289,111.23999786376953
2010-04-19,89.7827377319336,42.96276092529297,57.097320556640625,55.75468063354492,111.1500015258789
2010-04-20,90.58452606201172,43.17974090576172,57.87617492675781,55.95376205444336,111.45999908447266
2010-04-21,90.41972351074219,43.422767639160156,58.277652740478516,56.414005279541016,112.30999755859375
2010-04-22,90.68946075439453,43.66579055786133,58.89591979980469,56.246055603027344,111.83999633789062
2010-04-23,91.28148651123047,43.84805679321289,59.5222053527832,56.04703903198242,113.19000244140625
2010-04-26,90.93677520751953,43.75259017944336,59.2973747253418,56.10927963256836,112.75
2010-04-27,88.78604888916016,42.82389450073242,57.94042205810547,56.899173736572266,114.62999725341797
2010-04-28,89.46050262451172,42.849945068359375,58.036773681640625,56.414005279541016,114.30999755859375
2010-04-29,90.56956481933594,43.596351623535156,59.2652702331543,56.650367736816406,114.27999877929688
2010-04-30,89.03338623046875,42.73708724975586,57.530921936035156,57.303428649902344,115.36000061035156
2010-05-03,90.1873779296875,43.33595657348633,58.82365036010742,57.228553771972656,115.7300033569336
2010-05-04,88.0666732788086,42.03407669067383,56.97687911987305,58.25836944580078,114.87000274658203
2010-05-05,87.54209899902344,41.81708526611328,56.141822814941406,58.60166549682617,115.08999633789062
2010-05-06,84.63449096679688,40.41970443725586,54.03810119628906,60.41169357299805,118.48999786376953
2010-05-07,83.37560272216797,39.41292190551758,52.480403900146484,59.6564826965332,118.2699966430664
2010-05-10,87.04753112792969,41.46124267578125,55.427207946777344,58.4206657409668,117.56999969482422
2010-05-11,86.80023193359375,41.41783142089844,55.796512603759766,58.270870208740234,120.66000366210938
2010-05-12,88.01420593261719,42.19896697998047,57.5068473815918,57.82769775390625,121.4000015258789
2010-05-13,86.92012023925781,41.530670166015625,56.952789306640625,58.20844650268555,120.55999755859375
2010-05-14,85.346435546875,40.73217010498047,55.852760314941406,59.21963882446289,120.37000274658203
2010-05-17,85.39141082763672,40.86235809326172,55.957149505615234,59.001136779785156,119.36000061035156
2010-05-18,84.22984313964844,40.2982063293457,54.8812141418457,59.90620040893555,119.48999786376953
2010-05-19,83.75025177001953,39.97705841064453,54.2308235168457,60.10589599609375,116.62999725341797
2010-05-20,80.58792114257812,38.492897033691406,51.48473358154297,61.37290573120117,115.83999633789062
2010-05-21,81.76439666748047,38.91819381713867,52.247554779052734,61.43532943725586,115.22000122070312
2010-05-24,80.71531677246094,38.7619743347168,51.54898452758789,61.22311782836914,116.83999633789062
2010-05-25,80.79772186279297,38.79667282104492,51.540958404541016,61.522705078125,117.36000061035156
2010-05-26,80.31063079833984,38.36271286010742,51.669429779052734,61.34790802001953,118.47000122070312
2010-05-27,83.00090789794922,39.812137603759766,53.885555267333984,59.956111907958984,118.69000244140625
2010-05-28,81.95925903320312,39.577816009521484,53.19503402709961,60.23072052001953,118.87999725341797
2010-06-01,80.58040618896484,39.21327590942383,51.581092834472656,60.65413284301758,119.91000366210938
2010-06-02,82.67866516113281,40.141963958740234,53.05049133300781,60.077911376953125,119.77999877929688
2010-06-03,82.96343994140625,40.52385330200195,53.73298645019531,59.639522552490234,117.95999908447266
2010-06-04,80.04834747314453,39.13516616821289,51.035091400146484,61.242767333984375,119.19000244140625
2010-06-07,79.05164337158203,38.4234504699707,49.71826171875,61.712459564208984,121.48999786376953
2010-06-08,79.8984603881836,38.354026794433594,49.69417190551758,61.405574798583984,121.0
2010-06-09,79.47130584716797,38.03289794921875,49.72630310058594,61.33671951293945,120.55999755859375
2010-06-10,81.79438018798828,39.11781311035156,51.444610595703125,60.240726470947266,118.97000122070312
2010-06-11,82.19156646728516,39.49101257324219,52.14316940307617,61.0047607421875,120.01000213623047
2010-06-14,82.06417846679688,39.48233413696289,52.47236251831055,60.69166946411133,119.5999984741211
2010-06-15,83.93009185791016,40.54121398925781,53.789180755615234,60.44113540649414,120.98999786376953
2010-06-16,83.90013885498047,40.70612335205078,53.5402717590332,60.78558349609375,120.33000183105469
2010-06-17,84.03501892089844,40.8363037109375,53.604522705078125,61.280330657958984,121.9000015258789
2010-06-18,84.12614440917969,40.87022399902344,53.63662338256836,61.180137634277344,122.83000183105469
2010-06-21,83.88520050048828,40.52238845825195,53.08259963989258,61.0047607421875,120.38999938964844
2010-06-22,82.49980163574219,40.2093505859375,51.990577697753906,61.731258392333984,121.44999694824219
2010-06-23,82.2437744140625,40.04412078857422,51.84608459472656,62.15087890625,120.94999694824219
2010-06-24,80.88093566894531,39.43540954589844,51.01902770996094,61.78139877319336,121.30000305175781
2010-06-25,81.21975708007812,39.44328308105469,51.89423370361328,62.03187942504883,122.76000213623047
2010-06-28,80.96375274658203,39.30388259887695,51.59716033935547,62.614322662353516,121.08999633789062
2010-06-29,78.46399688720703,37.78781509399414,49.64600372314453,63.29690170288086,121.2699966430664
2010-06-30,77.71859741210938,37.2127685546875,49.0759162902832,63.722755432128906,121.68000030517578
2010-07-01,77.37223815917969,37.10821533203125,48.72261428833008,63.82328414916992,117.04000091552734
2010-07-02,76.9505844116211,37.003662109375,48.19013214111328,63.31448745727539,118.48999786376953
2010-07-06,77.455078125,37.116920471191406,47.5617561340332,63.83588790893555,116.51000213623047
2010-07-07,79.89459228515625,38.3018798828125,49.221282958984375,63.088340759277344,117.7300033569336
2010-07-08,80.68517303466797,38.511009216308594,49.930179595947266,62.686302185058594,117.20999908447266
2010-07-09,81.28754425048828,38.87692642211914,50.70355987548828,62.3282356262207,118.36000061035156
2010-07-12,81.34022521972656,38.99019241333008,50.131591796875,62.303104400634766,117.33999633789062
2010-07-13,82.56753540039062,39.495548248291016,51.718597412109375,61.76911163330078,118.36000061035156
2010-07-14,82.56000518798828,39.69593811035156,51.533302307128906,62.391021728515625,118.30000305175781
2010-07-15,82.58259582519531,39.73080062866211,51.05802536010742,63.012935638427734,118.2300033569336
2010-07-16,80.30874633789062,38.63296890258789,49.197105407714844,63.3207893371582,116.66999816894531
2010-07-19,80.78307342529297,38.96405792236328,49.406558990478516,62.931270599365234,115.7300033569336
2010-07-20,81.6790542602539,39.434547424316406,50.2363395690918,63.025516510009766,116.6500015258789
2010-07-21,80.617431640625,38.89435577392578,49.33406066894531,64.09342193603516,115.8499984741211
2010-07-22,82.41696166992188,39.87891387939453,51.090240478515625,63.35216522216797,116.86000061035156
2010-07-23,83.13225555419922,40.131587982177734,52.346946716308594,62.68001174926758,116.08999633789062
2010-07-26,83.99811553955078,40.46268844604492,53.539215087890625,62.573177337646484,115.5199966430664
2010-07-27,83.99059295654297,40.44525146484375,53.34587478637695,61.9702262878418,113.51000213623047
2010-07-28,83.44849395751953,40.122867584228516,52.48390197753906,62.17122268676758,113.77999877929688
2010-07-29,83.04190063476562,39.82664108276367,52.346946716308594,62.15230941772461,114.29000091552734
2010-07-30,83.02682495117188,39.91377258300781,52.37916946411133,63.11971664428711,115.48999786376953
2010-08-02,84.90166473388672,40.66309356689453,53.289493560791016,62.233638763427734,115.54000091552734
2010-08-03,84.49508666992188,40.48881912231445,52.862525939941406,62.592857360839844,115.98999786376953
2010-08-04,85.05974578857422,40.898319244384766,53.41837692260742,62.11392593383789,116.72000122070312
2010-08-05,84.96943664550781,40.802490234375,52.7900276184082,62.403804779052734,116.9800033569336
2010-08-06,84.62303924560547,40.741485595703125,52.475830078125,63.084468841552734,117.83999633789062
2010-08-09,85.0748291015625,41.02032470703125,53.05587387084961,62.85123825073242,117.4000015258789
2010-08-10,84.61553192138672,40.66309356689453,52.05694580078125,62.98358154296875,117.7300033569336
2010-08-11,82.2965087890625,39.556541442871094,50.01074981689453,63.82815933227539,117.33999633789062
2010-08-12,81.79202270507812,39.242862701416016,49.76102066040039,63.67051696777344,118.7699966430664
2010-08-13,81.55106353759766,38.96405792236328,49.197105407714844,64.464599609375,118.73999786376953
2010-08-16,81.51339721679688,39.033775329589844,49.59185791015625,66.07795715332031,119.7300033569336
2010-08-17,82.51483917236328,39.530391693115234,50.445762634277344,65.6998519897461,119.75
2010-08-18,82.6654281616211,39.68723678588867,50.59882736206055,65.87630462646484,120.22000122070312
2010-08-19,81.22730255126953,39.086029052734375,49.21323013305664,66.90351867675781,120.38999938964844
2010-08-20,80.96375274658203,39.1383171081543,49.261558532714844,66.82791900634766,119.97000122070312
2010-08-23,80.65506744384766,38.75495910644531,48.59292221069336,66.84049224853516,119.77999877929688
2010-08-24,79.45789337158203,38.031803131103516,48.03706359863281,67.9118881225586,120.36000061035156
2010-08-25,79.7666015625,38.39771270751953,48.762107849121094,67.6912841796875,121.36000061035156
2010-08-26,79.2320556640625,37.93595504760742,48.39958572387695,68.32783508300781,120.95999908447266
2010-08-27,80.45929718017578,38.39771270751953,49.66435241699219,66.39310455322266,121.01000213623047
2010-08-30,79.29225158691406,37.9969367980957,48.57681655883789,67.66608428955078,120.91000366210938
2010-08-31,79.29225158691406,37.86623001098633,48.48013687133789,68.41606140136719,122.08000183105469
2010-09-01,81.66401672363281,38.9989128112793,50.35714340209961,67.00141906738281,121.69000244140625
2010-09-02,82.42449188232422,39.434547424316406,50.91300964355469,66.29347229003906,122.29000091552734
2010-09-03,83.49369049072266,40.088016510009766,51.82331466674805,65.47175598144531,121.86000061035156
2010-09-07,82.55247497558594,39.81792068481445,50.84050369262695,66.81181335449219,122.69999694824219
2010-09-08,83.13225555419922,40.29713821411133,51.13856887817383,66.2808609008789,122.70999908447266
2010-09-09,83.51625061035156,40.4539680480957,51.17079162597656,64.97241973876953,121.55999755859375
2010-09-10,83.93788146972656,40.602081298828125,51.33192443847656,64.67534637451172,121.7300033569336
2010-09-13,84.87152862548828,41.16841125488281,52.58055877685547,64.99140930175781,121.62000274658203
2010-09-14,84.81884765625,41.34267807006836,52.35498809814453,65.61717224121094,124.0199966430664
2010-09-15,85.14258575439453,41.60406494140625,52.653072357177734,64.64370727539062,123.94000244140625
2010-09-16,85.1199951171875,41.76959991455078,52.314735412597656,64.00533294677734,124.62999725341797
2010-09-17,85.15178680419922,41.911075592041016,52.5322380065918,64.26449584960938,124.54000091552734
2010-09-20,86.45381164550781,42.644683837890625,53.990325927734375,64.63741302490234,124.87000274658203
2010-09-21,86.27967834472656,42.63596725463867,53.67616653442383,65.53496551513672,126.01000213623047
2010-09-22,85.85578155517578,42.52244567871094,53.03975296020508,66.122802734375,126.19999694824219
2010-09-23,85.15938568115234,42.50494384765625,52.397701263427734,66.31246948242188,126.30000305175781
2010-09-24,86.91551971435547,43.369537353515625,54.101749420166016,65.42121887207031,126.69000244140625
2010-09-27,86.49920654296875,43.133766174316406,53.96445846557617,66.55894470214844,126.72000122070312
2010-09-28,86.802001953125,43.116294860839844,54.49748611450195,67.01409149169922,127.8499984741211
2010-09-29,86.65060424804688,43.046417236328125,54.65092468261719,66.73594665527344,127.94999694824219
2010-09-30,86.39324188232422,42.85430908203125,54.513648986816406,66.69172668457031,127.91000366210938
2010-10-01,86.75657653808594,42.8018798828125,54.80437088012695,66.36945343017578,128.91000366210938
2010-10-04,86.10558319091797,42.33903121948242,54.0613899230957,66.54069519042969,128.4600067138672
2010-10-05,87.83907318115234,43.369537353515625,55.595848083496094,66.14099884033203,130.99000549316406
2010-10-06,87.83150482177734,42.994014739990234,55.410099029541016,66.97216033935547,131.80999755859375
2010-10-07,87.7254867553711,43.151206970214844,55.248565673828125,66.413818359375,130.3699951171875
2010-10-08,88.21755981445312,43.448150634765625,55.95116424560547,66.12200927734375,131.66000366210938
2010-10-11,88.30081939697266,43.465606689453125,55.999637603759766,66.13467407226562,132.2899932861328
2010-10-12,88.57332611083984,43.762550354003906,56.1450080871582,65.48119354248047,131.9600067138672
2010-10-13,89.26216888427734,44.120628356933594,57.001094818115234,65.37962341308594,134.07000732421875
2010-10-14,88.9139633178711,44.03327941894531,56.9606819152832,64.40254974365234,134.75
2010-10-15,89.09561920166016,44.967742919921875,56.76686096191406,63.61594009399414,133.67999267578125
2010-10-18,89.53466796875,44.80180740356445,57.243350982666016,64.12980651855469,134.27999877929688
2010-10-19,88.36135864257812,44.382625579833984,56.12887191772461,64.5168228149414,130.11000061035156
2010-10-20,89.22429656982422,44.705745697021484,56.702274322509766,64.65641784667969,131.32000732421875
2010-10-21,89.42112731933594,44.793094635009766,56.427677154541016,63.888729095458984,129.47000122070312
2010-10-22,89.5876693725586,45.0987434387207,56.791099548339844,64.32012176513672,129.72999572753906
2010-10-25,89.85260772705078,45.317073822021484,57.13029479980469,64.5041275024414,130.85000610351562
2010-10-26,89.86774444580078,45.439334869384766,57.08992004394531,63.50809097290039,130.8800048828125
2010-10-27,89.61036682128906,45.57909393310547,56.94455337524414,62.94972229003906,129.52000427246094
2010-10-28,89.62552642822266,45.675148010253906,56.59727096557617,63.121028900146484,131.24000549316406
2010-10-29,89.69364929199219,45.570350646972656,56.77495193481445,63.71110916137695,132.6199951171875
2010-11-01,89.72389221191406,45.60526657104492,56.38729476928711,63.4367790222168,131.9199981689453
2010-11-02,90.43547058105469,46.0943489074707,57.55831527709961,64.27056884765625,132.49000549316406
2010-11-03,90.79883575439453,46.303932189941406,57.784454345703125,62.95940017700195,131.57000732421875
2010-11-04,92.54740142822266,46.871604919433594,59.24624252319336,63.4494743347168,136.02999877929688
2010-11-05,92.8956298828125,46.871604919433594,59.57737350463867,62.36118698120117,136.3800048828125
2010-11-08,92.72151947021484,46.9327392578125,59.52888107299805,62.64115905761719,137.77999877929688
2010-11-09,92.05538940429688,46.67946243286133,58.737449645996094,61.260032653808594,135.58999633789062
2010-11-10,92.4262924194336,46.91526794433594,59.39157485961914,61.342811584472656,137.24000549316406
2010-11-11,92.07806396484375,46.61833190917969,59.15739440917969,61.31098556518555,137.66000366210938
2010-11-12,90.98805236816406,45.85853958129883,58.172096252441406,60.97999572753906,133.69000244140625
2010-11-15,90.85938262939453,45.68388366699219,58.180213928222656,59.70703125,132.4199981689453
2010-11-16,89.44383239746094,44.93282699584961,57.049537658691406,61.19005584716797,130.97000122070312
2010-11-17,89.48925018310547,45.063812255859375,57.20295333862305,60.85270690917969,130.3800048828125
2010-11-18,90.80636596679688,45.788673400878906,58.31747817993164,61.10092544555664,132.08999633789062
2010-11-19,91.05618286132812,45.82361602783203,58.51128005981445,61.4764404296875,132.1999969482422
2010-11-22,90.98049926757812,46.20787811279297,58.79399871826172,61.73738098144531,133.47999572753906
2010-11-23,89.66336059570312,45.47427749633789,58.23673629760742,62.04289245605469,134.41000366210938
2010-11-24,90.98805236816406,46.39128112792969,59.545066833496094,60.93547058105469,134.17999267578125
2010-11-26,89.92830657958984,46.08560562133789,59.13316345214844,61.78194046020508,133.11000061035156
2010-11-29,90.20081329345703,46.05066680908203,59.22202682495117,62.310237884521484,133.50999450683594
2010-11-30,89.69364929199219,45.49174118041992,58.75358581542969,62.63482666015625,135.4199981689453
2010-12-01,91.6011962890625,46.452415466308594,60.069976806640625,61.242488861083984,135.3800048828125
2010-12-02,92.77452087402344,46.92402648925781,60.67568588256836,61.0828742980957,135.1999969482422
2010-12-03,93.02433013916016,47.04627990722656,61.11179733276367,60.60382843017578,138.07000732421875
2010-12-06,92.9259262084961,47.028804779052734,61.49141311645508,61.45963668823242,139.11000061035156
2010-12-07,92.97887420654297,47.05499267578125,61.84672546386719,60.143978118896484,136.5
2010-12-08,93.31952667236328,47.229698181152344,61.806339263916016,59.562767028808594,134.7899932861328
2010-12-09,93.682861328125,47.273338317871094,62.01633834838867,59.85658264160156,135.3699951171875
2010-12-10,94.22789001464844,47.587730407714844,62.7916259765625,59.49251937866211,135.41000366210938
2010-12-13,94.28843688964844,47.42181396484375,62.46856689453125,59.71603012084961,136.0500030517578
2010-12-14,94.37174987792969,47.50914001464844,62.43626403808594,58.84746551513672,136.17999267578125
2010-12-15,93.94023895263672,47.299522399902344,62.24245834350586,58.081058502197266,134.6999969482422
2010-12-16,94.48528289794922,47.66633987426758,62.81587219238281,58.48341751098633,133.80999755859375
2010-12-17,94.58647155761719,47.70833969116211,63.00969314575195,59.55002212524414,134.1999969482422
2010-12-20,94.81477355957031,47.74333572387695,63.260066986083984,59.486175537109375,135.11000061035156
2010-12-21,95.4159164428711,48.03211212158203,63.962646484375,59.901275634765625,135.32000732421875
2010-12-22,95.71268463134766,48.02335739135742,63.94400405883789,59.473384857177734,135.0500030517578
2010-12-23,95.57571411132812,47.90084457397461,63.86288833618164,59.35202407836914,134.66000366210938
2010-12-27,95.61376953125,47.92709732055664,64.05757141113281,59.88212966918945,135.02000427246094
2010-12-28,95.750732421875,47.83959197998047,63.87912368774414,58.70932388305664,137.22000122070312
2010-12-29,95.81925964355469,47.944602966308594,64.01701354980469,59.70266342163086,137.7100067138672
2010-12-30,95.66704559326172,47.830848693847656,63.89534378051758,59.65780258178711,137.02999877929688
2010-12-31,95.68988800048828,47.65583038330078,63.47346878051758,60.31792068481445,138.72000122070312
2011-01-03,96.67913818359375,48.39961242675781,64.5768051147461,59.862918853759766,138.0
2011-01-04,96.62581634521484,48.36463165283203,63.61949920654297,59.93342208862305,134.75
2011-01-05,97.1280746459961,48.77591323852539,64.36590576171875,58.613243103027344,134.3699951171875
2011-01-06,96.93781280517578,48.93342971801758,64.06570434570312,58.869564056396484,133.8300018310547
2011-01-07,96.74756622314453,48.889671325683594,63.70063781738281,59.18356704711914,133.5800018310547
2011-01-10,96.62581634521484,49.073429107666016,64.06570434570312,59.504024505615234,134.1199951171875
2011-01-11,96.96826171875,49.143436431884766,64.32530975341797,59.170780181884766,134.91000366210938
2011-01-12,97.84336853027344,49.493446350097656,64.87698364257812,58.70932388305664,135.4600067138672
2011-01-13,97.68356323242188,49.510982513427734,64.85261535644531,59.234840393066406,134.0500030517578
2011-01-14,98.39126586914062,49.87849426269531,65.33936309814453,58.85673904418945,132.69000244140625
2011-01-18,98.55866241455078,50.01848602294922,65.38809967041016,58.58120346069336,133.42999267578125
2011-01-19,97.59223937988281,49.44970703125,63.7087287902832,59.00416564941406,133.72000122070312
2011-01-20,97.4628677368164,49.09967803955078,63.04352569580078,58.19023895263672,131.1999969482422
2011-01-21,97.68356323242188,48.723411560058594,62.62165451049805,58.651649475097656,131.02999877929688
2011-01-24,98.23905181884766,49.397193908691406,63.08406066894531,58.67732620239258,130.36000061035156
2011-01-25,98.29232788085938,49.46721649169922,63.18143081665039,59.234840393066406,130.10000610351562
2011-01-26,98.67280578613281,49.72972106933594,64.18739318847656,58.3376579284668,131.16000366210938
2011-01-27,98.91632080078125,50.0359992980957,64.37397766113281,58.60041046142578,127.93000030517578
2011-01-28,97.1889419555664,48.767173767089844,62.80014419555664,58.90802001953125,130.27999877929688
2011-01-31,97.91943359375,49.00342559814453,63.23820495605469,58.45944595336914,129.8699951171875
2011-02-01,99.48703002929688,49.92223358154297,64.69852447509766,58.17001724243164,130.8000030517578
2011-02-02,99.29676818847656,49.84347915649414,64.45512390136719,58.1828727722168,130.4499969482422
2011-02-03,99.5174331665039,49.93100357055664,64.6822738647461,57.70052719116211,132.1999969482422
2011-02-04,99.79902648925781,50.21101379394531,64.79582977294922,57.11529541015625,131.66000366210938
2011-02-07,100.42301177978516,50.44728088378906,65.4367446899414,57.411163330078125,131.67999267578125
2011-02-08,100.87959289550781,50.7797966003418,65.8991470336914,56.88378143310547,133.13999938964844
2011-02-09,100.6512680053711,50.692298889160156,65.60710144042969,57.37894821166992,133.07000732421875
2011-02-10,100.68933868408203,50.77105712890625,65.86672973632812,56.716575622558594,132.85000610351562
2011-02-11,101.29047393798828,51.138572692871094,66.58061981201172,57.53330612182617,132.32000732421875
2011-02-14,101.53397369384766,51.2610969543457,66.92137145996094,57.57190704345703,132.9499969482422
2011-02-15,101.21438598632812,51.191078186035156,66.54004669189453,57.829185485839844,133.97000122070312
2011-02-16,101.85358428955078,51.52360916137695,67.07552337646484,57.64264678955078,134.10000610351562
2011-02-17,102.15796661376953,51.5061149597168,67.5460205078125,57.73268127441406,135.0399932861328
2011-02-18,102.37100219726562,51.39234924316406,67.61907958984375,57.55265426635742,135.41000366210938
2011-02-22,100.31644439697266,49.90475082397461,65.88294982910156,58.414390563964844,136.2899932861328
2011-02-23,99.70010375976562,49.493446350097656,64.74720001220703,58.62664031982422,137.50999450683594
2011-02-24,99.63160705566406,49.75597381591797,65.160888671875,58.99964141845703,136.47999572753906
2011-02-25,100.69692993164062,50.44728088378906,66.66986083984375,59.34691619873047,137.3800048828125
2011-02-28,101.32093048095703,50.552268981933594,66.74288940429688,59.42406463623047,137.66000366210938
2011-03-01,99.63160705566406,49.738502502441406,65.40430450439453,59.596370697021484,140.02999877929688
2011-03-02,99.84466552734375,50.000999450683594,65.68014526367188,58.6801872253418,139.9199981689453
2011-03-03,101.564453125,50.989810943603516,67.1728515625,58.105960845947266,138.08999633789062
2011-03-04,100.8034896850586,50.72730255126953,66.88082122802734,58.58982849121094,139.35000610351562
2011-03-07,100.01202392578125,50.044734954833984,65.78557586669922,58.215660095214844,139.72000122070312
2011-03-08,100.88716888427734,50.246009826660156,66.85647583007812,57.86079788208008,139.36000061035156
2011-03-09,100.74261474609375,49.90475082397461,66.58876037597656,58.42210388183594,139.41000366210938
2011-03-10,98.87825012207031,49.12594223022461,64.87698364257812,59.40280532836914,137.77000427246094
2011-03-11,99.5631332397461,49.43220901489258,65.04732513427734,59.067264556884766,138.22000122070312
2011-03-14,98.96195220947266,49.2571907043457,64.69852447509766,59.041500091552734,138.86000061035156
2011-03-15,97.82813262939453,48.55715560913086,64.12246704101562,59.925437927246094,136.27000427246094
2011-03-16,96.01708221435547,47.38457489013672,63.48160171508789,60.6029052734375,136.24000549316406
2011-03-17,97.28787231445312,47.82209014892578,63.61949920654297,60.13832473754883,136.97000122070312
2011-03-18,97.6417236328125,47.71432113647461,64.46321105957031,60.299591064453125,138.3699951171875
2011-03-21,99.15494537353516,48.634429931640625,65.95597076416016,59.94475555419922,139.13999938964844
2011-03-22,98.81102752685547,48.54679489135742,65.60710144042969,60.144771575927734,139.0500030517578
2011-03-23,99.09381866455078,48.81844711303711,65.80992889404297,60.067344665527344,140.33999633789062
2011-03-24,100.04149627685547,49.68597412109375,66.26436614990234,59.61569595336914,139.22000122070312
2011-03-25,100.34716033935547,49.80866622924805,66.84156799316406,59.46731948852539,139.25999450683594
2011-03-28,100.10260772705078,49.537010192871094,66.69524383544922,59.55122375488281,138.5399932861328
2011-03-29,100.77521514892578,50.01897430419922,67.32122039794922,59.093082427978516,138.2100067138672
2011-03-30,101.47065734863281,50.25557327270508,68.19109344482422,59.56407165527344,138.6699981689453
2011-03-31,101.33308410644531,50.32567596435547,68.42683410644531,59.44152069091797,139.86000061035156
2011-04-01,101.7610855102539,50.35194778442383,68.72764587402344,59.73050308227539,139.1999969482422
2011-04-04,101.84512329101562,50.18545150756836,68.88211822509766,59.795318603515625,139.83999633789062
2011-04-05,101.82987976074219,50.05403518676758,69.25606536865234,59.555519104003906,142.0500030517578
2011-04-06,102.15087127685547,50.17670440673828,69.41056060791016,58.66141128540039,142.3800048828125
2011-04-07,101.8909912109375,50.141639709472656,68.99591064453125,58.54483413696289,142.50999450683594
2011-04-08,101.53941345214844,49.90506362915039,68.27239990234375,58.233829498291016,143.66000366210938
2011-04-11,101.23373413085938,49.73856735229492,67.66268157958984,58.285648345947266,142.63999938964844
2011-04-12,100.47713470458984,49.39680862426758,66.77655029296875,58.91409683227539,141.61000061035156
2011-04-13,100.46949005126953,49.81743621826172,66.86597442626953,59.28342819213867,141.89999389648438
2011-04-14,100.54588317871094,49.72978591918945,67.17486572265625,59.238101959228516,143.80999755859375
2011-04-15,100.9127197265625,49.64216232299805,67.8902816772461,60.041473388671875,145.0500030517578
2011-04-18,99.78164672851562,49.291648864746094,66.76840209960938,60.177528381347656,145.92999267578125
2011-04-19,100.35482788085938,49.59834289550781,66.78467559814453,60.436729431152344,145.92999267578125
2011-04-20,101.72283172607422,50.720001220703125,68.1504135131836,60.047943115234375,146.5
2011-04-21,102.24259185791016,51.12310791015625,68.65448760986328,59.99610137939453,146.74000549316406
2011-04-25,102.13555145263672,51.254554748535156,68.56504821777344,60.222869873046875,146.8699951171875
2011-04-26,103.01446533203125,51.543701171875,69.24794006347656,60.80601501464844,146.3800048828125
2011-04-27,103.68696594238281,51.89425277709961,69.66254425048828,60.184051513671875,149.1999969482422
2011-04-28,104.02327728271484,51.81538009643555,69.97962188720703,60.644065856933594,149.82000732421875
2011-04-29,104.26782989501953,51.77156448364258,70.23163604736328,60.831932067871094,152.3699951171875
2011-05-02,104.10734558105469,51.675167083740234,69.41056060791016,60.92951965332031,150.41000366210938
2011-05-03,103.73284912109375,51.429805755615234,68.53255462646484,61.27433395385742,149.8800048828125
2011-05-04,103.04502868652344,51.3509407043457,67.6463851928711,61.547607421875,147.72999572753906
2011-05-05,102.1126480102539,51.07052230834961,67.33746337890625,62.133277893066406,143.47000122070312
2011-05-06,102.5635757446289,51.23701477050781,67.69517517089844,61.859954833984375,145.3000030517578
2011-05-09,102.96096801757812,51.429805755615234,68.48375701904297,61.7949104309082,147.3800048828125
2011-05-10,103.83984375,51.867958068847656,69.53246307373047,61.35247039794922,147.89999389648438
2011-05-11,102.74697875976562,51.491153717041016,68.24799346923828,61.70380401611328,146.5399932861328
2011-05-12,103.23609924316406,51.7978515625,68.84961700439453,61.31341552734375,146.58999633789062
2011-05-13,102.44127655029297,51.1844482421875,67.8902816772461,61.86648941040039,145.6300048828125
2011-05-16,101.7916030883789,50.29938888549805,66.89846801757812,62.21136474609375,145.3699951171875
2011-05-17,101.7763671875,50.4395866394043,66.6871109008789,62.84901809692383,144.74000549316406
2011-05-18,102.68580627441406,50.86021041870117,67.71144104003906,62.01613998413086,145.60000610351562
2011-05-19,102.93040466308594,51.00918197631836,67.85778045654297,61.990150451660156,145.64999389648438
2011-05-20,102.1126480102539,50.62360382080078,67.36190795898438,62.02265167236328,147.49000549316406
2011-05-23,100.92800903320312,49.87875747680664,66.15057373046875,62.32197570800781,147.8300018310547
2011-05-24,100.84396362304688,49.57205581665039,65.8335189819336,62.55620574951172,148.58999633789062
2011-05-25,101.18024444580078,49.764854431152344,66.66270446777344,62.26340866088867,148.5800018310547
2011-05-26,101.64643096923828,50.07154083251953,67.54074096679688,62.79697036743164,148.22000122070312
2011-05-27,102.03620910644531,50.32567596435547,68.00408935546875,62.77093505859375,149.6999969482422
2011-05-31,103.09854888916016,51.140625,68.97152709960938,62.91413116455078,149.63999938964844
2011-06-01,100.78282928466797,50.027732849121094,66.75213623046875,63.764400482177734,149.91000366210938
2011-06-02,100.67579650878906,50.13290023803711,66.7277603149414,62.5496826171875,149.5
2011-06-03,99.67461395263672,49.37929153442383,65.752197265625,62.90888595581055,150.22000122070312
2011-06-06,98.6199722290039,48.97618103027344,64.67095947265625,62.43213653564453,150.47999572753906
2011-06-07,98.5588607788086,48.88855743408203,64.82543182373047,62.71947479248047,150.4199981689453
2011-06-08,98.14612579345703,48.538021087646484,64.10189819335938,63.20930099487305,149.80999755859375
2011-06-09,98.89508819580078,48.62567901611328,64.4433364868164,62.95456314086914,150.55999755859375
2011-06-10,97.5194091796875,47.88080596923828,63.41089630126953,63.4378547668457,149.24000549316406
2011-06-13,97.59587097167969,47.88080596923828,63.232059478759766,63.11783218383789,147.77000427246094
2011-06-14,98.8339614868164,48.49421310424805,64.58967590332031,62.16438674926758,148.6699981689453
2011-06-15,97.076171875,47.57411575317383,63.435279846191406,63.29414367675781,149.1199951171875
2011-06-16,97.29015350341797,47.39008331298828,63.58161163330078,63.581512451171875,148.97000122070312
2011-06-17,97.58049011230469,47.24165725708008,63.597877502441406,63.28105926513672,149.94000244140625
2011-06-20,98.07971954345703,47.48756790161133,64.18316650390625,63.359493255615234,150.02999877929688
2011-06-21,99.42378997802734,48.506351470947266,65.5733642578125,63.07865524291992,150.75999450683594
2011-06-22,98.82472229003906,48.15504455566406,65.0693359375,63.11783218383789,150.99000549316406
2011-06-23,98.54055786132812,48.60296630859375,65.32135009765625,63.601112365722656,148.33999633789062
2011-06-24,97.3961410522461,47.759822845458984,64.98806762695312,63.33335494995117,146.25999450683594
2011-06-27,98.26404571533203,48.52389907836914,65.49208068847656,62.46482467651367,145.72999572753906
2011-06-28,99.54671478271484,49.24409103393555,66.50826263427734,61.961910247802734,146.24000549316406
2011-06-29,100.39920043945312,49.44609832763672,66.82530975341797,61.55049514770508,147.17999267578125
2011-06-30,101.3592529296875,50.10478973388672,67.31310272216797,61.45254135131836,146.0
2011-07-01,102.8569564819336,50.86008834838867,68.36180114746094,61.354244232177734,144.92999267578125
2011-07-05,102.77245330810547,51.11479568481445,68.5265121459961,61.491878509521484,147.6300048828125
2011-07-06,102.89535522460938,51.28166961669922,68.80374145507812,61.806392669677734,148.91000366210938
2011-07-07,103.96297454833984,51.984275817871094,69.83930206298828,61.62290954589844,149.14999389648438
2011-07-08,103.22563171386719,51.84372329711914,69.41531372070312,62.49443435668945,150.25
2011-07-11,101.3592529296875,50.90399932861328,67.93941497802734,63.431488037109375,151.58999633789062
2011-07-12,100.9214859008789,50.51757049560547,67.55619049072266,63.64774703979492,152.77000427246094
2011-07-13,101.2594223022461,50.72834777832031,68.15958404541016,63.824684143066406,154.13999938964844
2011-07-14,100.56050109863281,50.139923095703125,67.07508087158203,62.91386413574219,154.5399932861328
2011-07-15,101.14421081542969,50.80738830566406,67.52357482910156,63.018680572509766,155.1999969482422
2011-07-18,100.31476593017578,50.53514862060547,66.43910217285156,62.40926742553711,156.57000732421875
2011-07-19,101.94298553466797,51.6856575012207,67.93941497802734,63.706729888916016,154.66000366210938
2011-07-20,101.8815689086914,51.46608352661133,67.82527923583984,62.953147888183594,156.02000427246094
2011-07-21,103.29475402832031,51.80860900878906,68.44499969482422,62.46818542480469,154.8300018310547
2011-07-22,103.36388397216797,52.3443489074707,68.5346908569336,62.94001770019531,156.1199951171875
2011-07-25,102.78787231445312,52.23896408081055,67.72742462158203,62.25201416015625,157.33999633789062
2011-07-26,102.40380096435547,52.37071990966797,67.21370697021484,62.677974700927734,157.77000427246094
2011-07-27,100.30704498291016,51.0181884765625,65.20783996582031,62.684471130371094,157.19000244140625
2011-07-28,100.01522827148438,51.10600662231445,65.10183715820312,62.920387268066406,157.32000732421875
2011-07-29,99.33162689208984,50.93914031982422,65.02030944824219,64.16546630859375,158.2899932861328
2011-08-01,98.90921783447266,50.701995849609375,64.59627532958984,64.81304168701172,157.72000122070312
2011-08-02,96.38231658935547,49.41974639892578,62.58221435546875,66.75911712646484,161.52000427246094
2011-08-03,96.90461730957031,49.894004821777344,62.998085021972656,66.89060974121094,161.49000549316406
2011-08-04,92.36541748046875,47.57539367675781,59.19832229614258,69.27066040039062,160.63999938964844
2011-08-05,92.2271957397461,47.27679443359375,58.16276168823242,67.2719497680664,161.75
2011-08-08,86.22107696533203,44.431217193603516,53.099090576171875,69.39558410644531,167.1199951171875
2011-08-09,90.23025512695312,46.57416915893555,56.6379280090332,69.60594177246094,168.61000061035156
2011-08-10,86.24409484863281,44.668357849121094,53.86555480957031,71.677001953125,174.5800018310547
2011-08-11,90.11504364013672,46.63566589355469,56.55636978149414,68.06090545654297,170.75
2011-08-12,90.72183227539062,47.04842758178711,56.907012939453125,69.40869903564453,169.97000122070312
2011-08-15,92.6419448852539,47.74224853515625,58.51335906982422,68.70524597167969,171.8000030517578
2011-08-16,91.85088348388672,47.3382682800293,57.43702697753906,69.84264373779297,173.9199981689453
2011-08-17,91.91229248046875,47.05722427368164,57.45336151123047,71.06550598144531,174.4199981689453
2011-08-18,87.94918060302734,44.74740219116211,54.18357849121094,72.52510070800781,177.72000122070312
2011-08-19,86.51289367675781,43.93938446044922,53.22953796386719,73.11021423339844,179.9499969482422
2011-08-22,86.58203125,44.097476959228516,53.04201889038086,72.92613220214844,184.58999633789062
2011-08-23,89.43151092529297,45.91549301147461,55.602386474609375,71.92024230957031,177.6699981689453
2011-08-24,90.69107055664062,46.275569915771484,56.42593765258789,69.8755111694336,171.64999389648438
2011-08-25,89.30860137939453,45.520259857177734,55.03974533081055,70.63164520263672,172.36000061035156
2011-08-26,90.60661315917969,46.662010192871094,56.35255432128906,71.32852172851562,177.47000122070312
2011-08-29,93.21027374267578,47.96182632446289,59.01890182495117,70.34234619140625,173.88999938964844
2011-08-30,93.45606231689453,48.278011322021484,59.36138153076172,71.47311401367188,179.10000610351562
2011-08-31,93.87081146240234,48.3570442199707,59.239078521728516,70.36862182617188,177.72000122070312
2011-09-01,92.8877182006836,47.91790008544922,57.967041015625,71.86029815673828,177.8699951171875
2011-09-02,90.51443481445312,46.79374313354492,55.822532653808594,74.19476318359375,183.24000549316406
2011-09-06,89.8539047241211,46.80253219604492,55.66761779785156,74.96632385253906,182.89999389648438
2011-09-07,92.38849639892578,47.98817443847656,57.771339416503906,73.53533172607422,177.0800018310547
2011-09-08,91.42840576171875,47.76862716674805,56.71133041381836,74.19476318359375,181.80999755859375
2011-09-09,89.03208923339844,46.70590591430664,55.03974533081055,74.98609161376953,180.6999969482422
2011-09-12,89.60813903808594,47.30314254760742,55.512691497802734,75.06520080566406,176.6699981689453
2011-09-13,90.42997741699219,47.93547439575195,56.40962600708008,73.9969711303711,178.5399932861328
2011-09-14,91.681884765625,48.62051010131836,57.42072296142578,74.62336730957031,177.2100067138672
2011-09-15,93.26404571533203,49.340702056884766,58.22798156738281,73.48251342773438,174.39999389648438
2011-09-16,93.81604766845703,49.792964935302734,58.317657470703125,74.01671600341797,176.02999877929688
2011-09-19,92.88188934326172,49.810569763183594,57.273963928222656,75.42794799804688,173.30999755859375
2011-09-20,92.77381134033203,49.59060287475586,56.38515853881836,75.74442291259766,175.77999877929688
2011-09-21,90.0408706665039,48.72830581665039,54.29773712158203,78.2503662109375,173.58999633789062
2011-09-22,87.13033294677734,47.14449691772461,52.781089782714844,81.19149780273438,169.0500030517578
2011-09-23,87.65530395507812,47.64605712890625,53.32133483886719,79.681396484375,159.8000030517578
2011-09-26,89.73977661132812,48.20037078857422,54.32817077636719,78.40205383300781,157.5800018310547
2011-09-27,90.74337768554688,48.701904296875,55.49873733520508,77.20182800292969,160.6300048828125
2011-09-28,88.89054107666016,47.98038101196289,53.370445251464844,77.17543029785156,156.22000122070312
2011-09-29,89.59310150146484,47.4084587097168,54.29543685913086,77.7096176147461,157.6999969482422
2011-09-30,87.35423278808594,46.1854133605957,52.63374710083008,79.66157531738281,158.05999755859375
2011-10-03,84.86830139160156,44.99755859375,49.92428970336914,81.85389709472656,160.9600067138672
2011-10-04,86.72888946533203,45.92145538330078,53.03483963012695,80.81591033935547,157.63999938964844
2011-10-05,88.3346939086914,47.10049819946289,53.763370513916016,80.23412322998047,159.4600067138672
2011-10-06,89.93276977539062,47.89240646362305,54.958473205566406,78.75322723388672,160.49000549316406
2011-10-07,89.33061981201172,47.57563781738281,53.616004943847656,78.17137908935547,159.17999267578125
2011-10-10,92.31834411621094,49.221038818359375,55.965293884277344,77.0673828125,163.27000427246094
2011-10-11,92.41094207763672,49.555397033691406,56.35002136230469,76.8094711303711,162.10000610351562
2011-10-12,93.22159576416016,49.80175018310547,57.15222930908203,75.69223022460938,163.25999450683594
2011-10-13,93.03632354736328,50.259307861328125,57.10310745239258,76.44588470458984,162.3000030517578
2011-10-14,94.6266860961914,51.19198226928711,58.232723236083984,75.33518981933594,163.39999389648438
2011-10-17,92.82013702392578,50.400089263916016,56.464603424072266,76.63762664794922,162.6199951171875
2011-10-18,94.63440704345703,51.024803161621094,57.96260070800781,76.16162109375,161.83999633789062
2011-10-19,93.51496124267578,50.039329528808594,56.832977294921875,76.13518524169922,159.8699951171875
2011-10-20,93.92412567138672,49.792964935302734,56.98851013183594,75.59307098388672,157.77000427246094
2011-10-21,95.70747375488281,50.41768264770508,58.22450637817383,74.79310607910156,159.52000427246094
2011-10-24,96.88097381591797,51.46476745605469,60.099063873291016,74.918701171875,161.02000427246094
2011-10-25,94.99724578857422,50.452877044677734,58.41279983520508,76.82274627685547,165.58999633789062
2011-10-26,95.96224975585938,50.39128112792969,59.419647216796875,75.48062133789062,167.39999389648438
2011-10-27,99.30509948730469,51.781517028808594,62.55475616455078,72.9220962524414,169.5500030517578
2011-10-28,99.28199005126953,51.860713958740234,62.235511779785156,73.68898010253906,169.6199951171875
2011-10-31,96.88867950439453,50.98960494995117,60.58201217651367,76.6111831665039,167.33999633789062
2011-11-01,94.18661499023438,49.660980224609375,58.437374114990234,79.17566680908203,167.3800048828125
2011-11-02,95.72295379638672,50.083316802978516,59.878013610839844,78.18809509277344,169.05999755859375
2011-11-03,97.46772003173828,51.12160873413086,61.36782455444336,77.11430358886719,171.72000122070312
2011-11-04,96.87326049804688,50.85763168334961,61.06496810913086,77.20708465576172,170.85000610351562
2011-11-07,97.47542572021484,51.218387603759766,60.94218444824219,77.69750213623047,174.97999572753906
2011-11-08,98.72608184814453,51.80790710449219,61.83442687988281,76.70333862304688,173.52999877929688
2011-11-09,95.08216094970703,49.986541748046875,58.88755798339844,78.29414367675781,172.07000732421875
2011-11-10,95.9776840209961,49.960147857666016,59.32140350341797,77.12750244140625,171.13999938964844
2011-11-11,97.78422546386719,50.901611328125,60.88486862182617,76.65694427490234,173.9600067138672
2011-11-14,96.85784912109375,50.584861755371094,60.009029388427734,77.88980865478516,173.1999969482422
2011-11-15,97.33648681640625,51.14799118041992,60.77027893066406,77.7837142944336,173.36000061035156
2011-11-16,95.79241943359375,50.30330276489258,59.788021087646484,78.492919921875,171.50999450683594
2011-11-17,94.27153778076172,49.124267578125,58.936676025390625,79.12264251708984,167.10000610351562
2011-11-18,94.1711654663086,48.74590301513672,58.920326232910156,79.1027603149414,167.6199951171875
2011-11-21,92.3801040649414,47.81320571899414,57.51239776611328,79.5733871459961,163.5
2011-11-22,92.01725769042969,47.97158432006836,57.0294189453125,80.46153259277344,165.30999755859375
2011-11-23,89.98682403564453,46.88932800292969,55.236785888671875,81.25035858154297,164.8300018310547
2011-11-25,89.8169937133789,46.528560638427734,54.53282165527344,80.07049560546875,163.39999389648438
2011-11-28,92.41869354248047,48.14756393432617,57.127647399902344,80.03073120117188,166.6300048828125
2011-11-29,92.6811752319336,47.8484001159668,57.02124786376953,79.37451171875,166.8800048828125
2011-11-30,96.49494171142578,49.61699295043945,60.35282516479492,78.13499450683594,170.1300048828125
2011-12-01,96.47949981689453,49.960147857666016,59.91897964477539,77.74298858642578,169.6300048828125
2011-12-02,96.39459991455078,49.81936264038086,60.16455078125,78.83272552490234,169.82000732421875
2011-12-05,97.44454193115234,50.364891052246094,61.1959342956543,78.6732406616211,167.32000732421875
2011-12-06,97.47542572021484,50.224117279052734,61.25321960449219,77.92243957519531,168.17999267578125
2011-12-07,97.83826446533203,50.224117279052734,61.130455017089844,78.20147705078125,169.39999389648438
2011-12-08,95.69206237792969,49.37942123413086,59.231380462646484,79.17826080322266,165.97999572753906
2011-12-09,97.31331634521484,50.17131805419922,61.01585006713867,77.55029296875,166.39999389648438
2011-12-12,95.89277648925781,49.608192443847656,60.13998794555664,78.41413879394531,161.99000549316406
2011-12-13,94.99724578857422,49.062652587890625,58.88755798339844,79.14501953125,158.4499969482422
2011-12-14,93.98589324951172,48.297157287597656,58.150875091552734,80.64002990722656,152.88999938964844
2011-12-15,94.32557678222656,48.1651725769043,58.69113540649414,80.34103393554688,152.3300018310547
2011-12-16,94.46540832519531,48.41313934326172,59.14952087402344,81.27796173095703,155.22999572753906
2011-12-19,93.45542907714844,47.93661880493164,58.126304626464844,82.307861328125,154.8699951171875
2011-12-20,96.28340911865234,49.35741424560547,60.459224700927734,80.25467681884766,156.97999572753906
2011-12-21,96.46984100341797,48.65142059326172,60.704769134521484,79.13835906982422,157.16000366210938
2011-12-22,97.32447814941406,49.06618881225586,61.09138107299805,79.47064971923828,156.0399932861328
2011-12-23,98.19462585449219,49.48978042602539,61.32171630859375,78.5868148803711,156.30999755859375
2011-12-27,98.27233123779297,49.674373626708984,61.502655029296875,78.96015930175781,154.91000366210938
2011-12-28,96.98262786865234,49.100276947021484,60.38400650024414,80.42002868652344,151.02999877929688
2011-12-29,97.98485565185547,49.45356750488281,60.992679595947266,80.5666732788086,150.33999633789062
2011-12-30,97.5031967163086,49.31224822998047,60.66365432739258,80.82670593261719,151.99000549316406
2012-01-03,99.05701446533203,50.2573356628418,61.667171478271484,79.61343383789062,155.9199981689453
2012-01-04,99.21239471435547,50.469303131103516,61.32989501953125,78.66690826416016,156.7100067138672
2012-01-05,99.47653198242188,50.88444137573242,61.67540740966797,78.5268783569336,157.77999877929688
2012-01-06,99.22017669677734,51.06108474731445,61.519142150878906,79.1468505859375,157.1999969482422
2012-01-09,99.46100616455078,50.89326858520508,61.831722259521484,79.0068359375,156.5
2012-01-10,100.32337951660156,51.264244079589844,62.736515045166016,78.8735122680664,158.63999938964844
2012-01-11,100.37777709960938,51.370235443115234,62.9832763671875,79.90010833740234,159.6699981689453
2012-01-12,100.61859130859375,51.57337951660156,63.172462463378906,79.78675079345703,160.3800048828125
2012-01-13,100.09809112548828,51.387908935546875,62.835227966308594,80.58006286621094,159.25999450683594
2012-01-17,100.48655700683594,51.856014251708984,62.810523986816406,80.95335388183594,160.5
2012-01-18,101.59752655029297,52.54497146606445,63.929203033447266,79.973388671875,161.60000610351562
2012-01-19,102.13359832763672,52.87177276611328,64.32402038574219,78.8735122680664,161.22000122070312
2012-01-20,102.51431274414062,52.79227066040039,64.36515808105469,77.9802474975586,162.07000732421875
2012-01-23,102.25012969970703,52.80991744995117,64.28289031982422,77.48692321777344,163.16000366210938
2012-01-24,102.13359832763672,52.71278762817383,64.65306091308594,77.6269760131836,162.00999450683594
2012-01-25,102.98817443847656,53.375221252441406,65.2042007446289,77.44025421142578,166.4199981689453
2012-01-26,102.45991516113281,53.18974685668945,65.13011932373047,78.46684265136719,167.27000427246094
2012-01-27,102.41326904296875,53.34872817993164,65.5743179321289,78.7135238647461,168.97000122070312
2012-01-30,102.06369018554688,53.39289855957031,65.06436157226562,79.64006042480469,168.02999877929688
2012-01-31,102.02483367919922,53.46356201171875,64.99853515625,80.55998992919922,169.30999755859375
2012-02-01,102.91828155517578,53.8963508605957,66.39690399169922,79.63722229003906,169.55999755859375
2012-02-02,103.08143615722656,54.06416702270508,66.77525329589844,79.60385131835938,171.0500030517578
2012-02-03,104.5264892578125,54.80610656738281,68.23121643066406,77.89321899414062,167.63999938964844
2012-02-06,104.4565658569336,54.76193618774414,68.00907897949219,78.66838836669922,167.17999267578125
2012-02-07,104.72074127197266,54.87676239013672,67.96800994873047,77.69275665283203,169.6999969482422
2012-02-08,105.03150939941406,55.16823196411133,68.11602020263672,77.75289154052734,168.5
2012-02-09,105.1635971069336,55.56572341918945,67.77880096435547,77.17156219482422,168.02000427246094
2012-02-10,104.38666534423828,55.17705535888672,66.84928894042969,78.17387390136719,167.13999938964844
2012-02-13,105.1635971069336,55.689361572265625,67.71297454833984,78.27410125732422,167.50999450683594
2012-02-14,105.03150939941406,55.830684661865234,67.40864562988281,78.68838500976562,167.1199951171875
2012-02-15,104.54207611083984,55.442047119140625,66.84928894042969,78.54801177978516,168.11000061035156
2012-02-16,105.69964599609375,56.201663970947266,68.10779571533203,77.91992950439453,168.0
2012-02-17,105.97931671142578,56.02499771118164,68.09955596923828,77.89990997314453,167.35000610351562
2012-02-21,106.02594757080078,56.18399429321289,67.63896179199219,77.03791809082031,171.02000427246094
2012-02-22,105.68412017822266,55.92784118652344,67.10428619384766,78.0068130493164,172.94000244140625
2012-02-23,106.15028381347656,56.29880905151367,68.10779571533203,78.0068130493164,173.02000427246094
2012-02-24,106.38334655761719,56.49311447143555,67.97621154785156,78.51461791992188,172.22999572753906
2012-02-27,106.56202697753906,56.57262420654297,67.86106872558594,79.20960235595703,171.6999969482422
2012-02-28,106.87281799316406,57.14675521850586,67.6800765991211,78.94894409179688,173.49000549316406
2012-02-29,106.45325469970703,56.89059066772461,66.66836547851562,78.4678726196289,164.2899932861328
2012-03-01,107.0048599243164,57.34105682373047,67.0138168334961,77.72913360595703,166.61000061035156
2012-03-02,106.67857360839844,57.29689025878906,66.01029205322266,78.4592056274414,166.33999633789062
2012-03-05,106.24349975585938,56.705108642578125,66.08433532714844,77.8363265991211,165.64999389648438
2012-03-06,104.68964385986328,56.148651123046875,64.76821899414062,78.7806167602539,162.6999969482422
2012-03-07,105.41998291015625,56.581443786621094,65.3769302368164,78.29842376708984,163.6300048828125
2012-03-08,106.46879577636719,57.190895080566406,66.22416687011719,77.51482391357422,165.27999877929688
2012-03-09,106.88060760498047,57.42937088012695,67.12076568603516,77.66887664794922,166.3800048828125
2012-03-12,106.88835906982422,57.45588684082031,66.98914337158203,77.6554946899414,165.07000732421875
2012-03-13,108.81507873535156,58.52460861206055,68.32166290283203,76.28923797607422,162.3000030517578
2012-03-14,108.69856262207031,58.72776794433594,67.7623519897461,74.3670654296875,159.57000732421875
2012-03-15,109.32787322998047,58.89558792114258,68.3299331665039,74.48096466064453,161.0800018310547
2012-03-16,109.47920989990234,58.85401153564453,68.27230834960938,74.62834167480469,161.3000030517578
2012-03-19,109.90840911865234,59.269832611083984,68.84809875488281,73.737548828125,161.58999633789062
2012-03-20,109.5885238647461,59.37601089477539,68.23121643066406,74.0322265625,160.1300048828125
2012-03-21,109.40898895263672,59.38485336303711,68.21473693847656,74.86942291259766,160.2100067138672
2012-03-22,108.62088775634766,59.260986328125,67.55670928955078,75.11050415039062,159.57000732421875
2012-03-23,108.97203826904297,59.22559356689453,68.21758270263672,75.82042694091797,161.52999877929688
2012-03-26,110.50145721435547,60.260780334472656,69.63672637939453,75.43195343017578,164.39999389648438
2012-03-27,110.15811920166016,60.34921646118164,69.14993286132812,75.97447967529297,163.24000549316406
2012-03-28,109.61192321777344,60.110355377197266,68.74564361572266,75.86731719970703,161.50999450683594
2012-03-29,109.4246597290039,59.880332946777344,68.54762268066406,76.43657684326172,161.27999877929688
2012-03-30,109.8772201538086,59.76531219482422,68.3248291015625,75.14399719238281,162.1199951171875
2012-04-02,110.6809310913086,60.38462448120117,69.16642761230469,75.56035614013672,162.94000244140625
2012-04-03,110.22834014892578,60.36693572998047,68.70438385009766,74.25098419189453,159.88999938964844
2012-04-04,109.13592529296875,59.544097900390625,67.60700988769531,75.27156066894531,157.2100067138672
2012-04-05,109.08129119873047,59.91571807861328,67.31000518798828,75.81546020507812,158.30999755859375
2012-04-09,107.85617065429688,59.46445846557617,66.20439147949219,77.58812713623047,159.3699951171875
2012-04-10,106.0457992553711,58.50895309448242,64.64498138427734,78.46772003173828,161.10000610351562
2012-04-11,106.90416717529297,58.792076110839844,65.56082916259766,77.52771759033203,161.07000732421875
2012-04-12,108.30091094970703,59.46445846557617,66.50141143798828,77.20539855957031,162.6999969482422
2012-04-13,107.01343536376953,58.562034606933594,65.62684631347656,78.4543228149414,160.85000610351562
2012-04-16,106.94320678710938,57.90731430053711,65.7341079711914,78.34017944335938,160.4600067138672
2012-04-17,108.52727508544922,59.08403778076172,66.68294525146484,78.29317474365234,160.25
2012-04-18,108.16047668457031,58.93362808227539,66.17967987060547,78.5214614868164,159.30999755859375
2012-04-19,107.46600341796875,58.270057678222656,65.80009460449219,78.59530639648438,159.42999267578125
2012-04-20,107.64549255371094,58.11079406738281,66.17967987060547,78.6087417602539,159.5399932861328
2012-04-23,106.74028778076172,57.57996368408203,65.2637939453125,79.17953491210938,159.07000732421875
2012-04-24,107.14610290527344,57.27029037475586,65.75885009765625,78.62218475341797,159.3000030517578
2012-04-25,108.6130599975586,58.792076110839844,66.78194427490234,78.21929931640625,159.6199951171875
2012-04-26,109.3700180053711,59.137115478515625,67.44204711914062,78.68932342529297,161.02999877929688
2012-04-27,109.54946899414062,59.491004943847656,67.97007751464844,78.75650787353516,161.3800048828125
2012-04-30,109.1436996459961,59.06632614135742,67.21924591064453,78.7765884399414,161.8800048828125
2012-05-01,109.82259368896484,59.163658142089844,67.28523254394531,78.36810302734375,161.32000732421875
2012-05-02,109.49486541748047,59.33177947998047,67.46675109863281,78.92000579833984,160.58999633789062
2012-05-03,108.65988159179688,58.70357894897461,66.51792907714844,78.89981842041016,158.97000122070312
2012-05-04,106.90416717529297,57.24376678466797,65.25553131103516,79.51905059814453,159.47000122070312
2012-05-07,106.98221588134766,57.29684066772461,65.42880249023438,79.53251647949219,159.0800018310547
2012-05-08,106.55307006835938,57.08448791503906,65.3875503540039,79.95652770996094,156.0
2012-05-09,105.92096710205078,56.907527923583984,65.01631164550781,80.01040649414062,154.47000122070312
2012-05-10,106.13945007324219,56.792510986328125,65.2637939453125,79.77481079101562,154.77000427246094
2012-05-11,105.81951904296875,56.783668518066406,65.09878540039062,80.43443298339844,153.55999755859375
2012-05-14,104.6490707397461,56.252803802490234,64.2324447631836,81.55851745605469,151.3300018310547
2012-05-15,104.0481948852539,56.067020416259766,64.11693572998047,81.88835906982422,149.74000549316406
2012-05-16,103.6502456665039,55.68657302856445,63.654911041259766,82.12395477294922,149.4600067138672
2012-05-17,102.11298370361328,54.50983810424805,62.211002349853516,83.57777404785156,152.8000030517578
2012-05-18,101.2389907836914,53.802040100097656,61.625179290771484,83.59801483154297,154.5500030517578
2012-05-21,102.97917175292969,55.306121826171875,63.077327728271484,83.42296600341797,154.64999389648438
2012-05-22,103.15860748291016,55.24419403076172,62.69780349731445,82.4941177368164,152.0800018310547
2012-05-23,103.21327209472656,55.35036087036133,63.10210037231445,83.06622314453125,151.6199951171875
2012-05-24,103.41613006591797,54.98761749267578,63.23412322998047,82.74989318847656,151.41000366210938
2012-05-25,103.0805892944336,54.91682815551758,63.192848205566406,83.05946350097656,152.67999267578125
2012-05-29,104.32910919189453,55.61579132080078,64.10868072509766,82.8037109375,151.02000427246094
2012-05-30,102.8153076171875,55.14687728881836,62.87932205200195,84.90379333496094,151.91000366210938
2012-05-31,102.58901977539062,54.90800094604492,62.79678726196289,85.88652801513672,151.6199951171875
2012-06-01,100.0061264038086,53.448143005371094,60.907386779785156,87.92544555664062,157.5
2012-06-04,99.95931243896484,53.855133056640625,60.767112731933594,87.2307357788086,157.32000732421875
2012-06-05,100.71622467041016,54.076324462890625,61.550933837890625,86.06389617919922,157.13999938964844
2012-06-06,102.97917175292969,55.314979553222656,63.069087982177734,84.34394836425781,157.2100067138672
2012-06-07,103.04158782958984,55.09378433227539,62.65654373168945,84.47209930419922,154.5
2012-06-08,103.8609390258789,55.62464904785156,63.506378173828125,84.4518814086914,154.72999572753906
2012-06-11,102.54217529296875,54.68680191040039,62.1037483215332,84.83631134033203,155.36000061035156
2012-06-12,103.7204818725586,55.35036087036133,62.887577056884766,84.06066131591797,156.4600067138672
2012-06-13,103.05719757080078,54.96992111206055,62.161476135253906,84.89028930664062,157.1199951171875
2012-06-14,104.14965057373047,55.17341613769531,62.87108612060547,84.7823486328125,157.75
2012-06-15,105.21481323242188,55.85890197753906,63.71263885498047,85.25450134277344,157.83999633789062
2012-06-18,105.41874694824219,56.38210678100586,63.786922454833984,85.7131576538086,157.92999267578125
2012-06-19,106.43843841552734,56.96737289428711,64.89252471923828,84.59353637695312,157.16000366210938
2012-06-20,106.265869140625,57.011722564697266,64.79354095458984,85.01172637939453,155.97000122070312
2012-06-21,103.88140106201172,55.59287643432617,63.21761703491211,85.46353149414062,152.02000427246094
2012-06-22,104.68146514892578,56.17814636230469,63.935428619384766,84.32374572753906,152.63999938964844
2012-06-25,103.00289916992188,55.09626388549805,62.93709182739258,85.55126953125,153.75999450683594
2012-06-26,103.5206069946289,55.44210433959961,63.18334197998047,85.21401977539062,152.6199951171875
2012-06-27,104.45398712158203,55.77909469604492,64.21154022216797,85.34892272949219,152.8300018310547
2012-06-28,104.1559066772461,55.1583366394043,64.10371398925781,85.55801391601562,151.0500030517578
2012-06-29,106.7521743774414,56.89645767211914,65.96936798095703,84.44510650634766,155.19000244140625
2012-07-02,107.0737533569336,57.06494140625,66.73224639892578,85.3164291381836,155.08999633789062
2012-07-03,107.7796859741211,57.543792724609375,67.60285949707031,84.6607437133789,157.4600067138672
2012-07-05,107.29336547851562,57.57926559448242,67.5282211303711,85.0933609008789,155.67999267578125
2012-07-06,106.27371215820312,56.86097717285156,66.77366638183594,85.8841781616211,153.7100067138672
2012-07-09,106.140380859375,56.75455856323242,66.51664733886719,86.64126586914062,154.0399932861328
2012-07-10,105.21481323242188,56.19588088989258,65.77865600585938,86.81697845458984,152.14999389648438
2012-07-11,105.2304916381836,55.88551712036133,65.5547866821289,86.92511749267578,152.99000549316406
2012-07-12,104.72063446044922,55.3623046875,65.3309097290039,87.54024505615234,152.58999633789062
2012-07-13,106.47765350341797,56.20474624633789,66.1435317993164,87.31038665771484,154.13999938964844
2012-07-16,106.22661590576172,56.04513168334961,65.878173828125,87.71599578857422,154.2100067138672
2012-07-17,106.9560775756836,56.337772369384766,66.11032104492188,87.0265121459961,153.47000122070312
2012-07-18,107.74830627441406,57.10040283203125,66.51664733886719,87.07386779785156,153.0500030517578
2012-07-19,108.03067779541016,57.73002243041992,66.29276275634766,86.8508071899414,153.3800048828125
2012-07-20,107.0423812866211,56.96737289428711,65.44703674316406,87.91197967529297,153.6699981689453
2012-07-23,105.9599838256836,56.27568435668945,64.4022445678711,88.40543365478516,153.02999877929688
2012-07-24,105.05007934570312,55.83230972290039,63.55648422241211,89.10163879394531,153.52000427246094
2012-07-25,105.07361602783203,55.45985794067383,63.697418212890625,89.33140563964844,155.6699981689453
2012-07-26,106.80706787109375,56.19588088989258,64.24470520019531,88.51358032226562,156.77000427246094
2012-07-27,108.77584075927734,57.52607727050781,65.77037048339844,86.8440170288086,157.5399932861328
2012-07-30,108.77584075927734,57.48174285888672,65.5465316772461,87.49290466308594,157.42999267578125
2012-07-31,108.0150375366211,57.463993072509766,64.96605682373047,87.668701171875,156.49000549316406
2012-08-01,107.92085266113281,57.295501708984375,63.89641571044922,87.23041534423828,155.13999938964844
2012-08-02,107.17576599121094,57.091552734375,63.664268493652344,87.72490692138672,154.1300048828125
2012-08-03,109.3013687133789,58.17342758178711,65.181640625,86.30916595458984,155.5500030517578
2012-08-06,109.51315307617188,58.616825103759766,65.68746185302734,86.34308624267578,156.3000030517578
2012-08-07,110.06221771240234,59.104549407958984,66.28450775146484,85.23219299316406,156.27999877929688
2012-08-08,110.19556427001953,59.077938079833984,66.18497467041016,84.77833557128906,156.47999572753906
2012-08-09,110.2896499633789,59.25529098510742,66.50004577636719,84.71739196777344,156.99000549316406
2012-08-10,110.47004699707031,59.290771484375,66.26786041259766,85.1441421508789,157.17999267578125
2012-08-13,110.41512298583984,59.432655334472656,66.16009521484375,85.00189971923828,155.99000549316406
2012-08-14,110.43085479736328,59.45928192138672,66.00253295898438,83.85037994384766,155.1300048828125
2012-08-15,110.55635070800781,59.6099967956543,66.58299255371094,82.67179107666016,155.6300048828125
2012-08-16,111.37213897705078,60.31945037841797,67.27945709228516,81.96734619140625,156.55999755859375
2012-08-17,111.52108764648438,60.58549880981445,67.75210571289062,82.36695098876953,156.72000122070312
2012-08-20,111.5289535522461,60.674171447753906,67.60285949707031,82.53629302978516,157.25999450683594
2012-08-21,111.19168090820312,60.434722900390625,67.5614013671875,82.90202331542969,158.8300018310547
2012-08-22,111.23877716064453,60.683048248291016,67.2380142211914,84.27037048339844,160.5399932861328
2012-08-23,110.32887268066406,60.18645095825195,66.76539611816406,84.62259674072266,161.88999938964844
2012-08-24,110.99555969238281,60.55888748168945,66.94779968261719,84.54131317138672,161.97000122070312
2012-08-27,111.01911926269531,60.65643310546875,67.14683532714844,85.03572845458984,161.36000061035156
2012-08-28,110.90929412841797,60.65643310546875,67.45360565185547,85.23896026611328,161.63999938964844
2012-08-29,110.99555969238281,60.65643310546875,67.6609115600586,84.8664321899414,160.58999633789062
2012-08-30,110.19556427001953,60.04454803466797,66.98930358886719,85.30672454833984,160.52000427246094
2012-08-31,110.72103881835938,60.443603515625,67.26290130615234,86.51241302490234,164.22000122070312
2012-09-04,110.61907958984375,60.381526947021484,68.08377075195312,86.42552947998047,164.47999572753906
2012-09-05,110.5249252319336,60.31945037841797,68.10034942626953,86.01824951171875,164.30999755859375
2012-09-06,112.76824188232422,61.658485412597656,69.35242462158203,84.5859375,164.88999938964844
2012-09-07,113.20748138427734,61.569820404052734,69.86651611328125,84.19231414794922,168.44000244140625
2012-09-10,112.56432342529297,60.780574798583984,69.5514144897461,84.39588928222656,167.2899932861328
2012-09-11,112.87804412841797,60.683048248291016,69.7006607055664,83.86641693115234,167.89999389648438
2012-09-12,113.25457763671875,60.86040496826172,70.05721282958984,82.82106018066406,167.9199981689453
2012-09-13,114.9801254272461,61.68509292602539,70.97762298583984,82.49523162841797,171.30999755859375
2012-09-14,115.49002838134766,62.234920501708984,71.64096069335938,80.30268859863281,171.8000030517578
2012-09-17,115.09782409667969,62.26152801513672,71.30925750732422,81.2665786743164,170.39999389648438
2012-09-18,115.00373077392578,62.31474685668945,71.07714080810547,81.67394256591797,171.72000122070312
2012-09-19,115.06644439697266,62.43002700805664,70.9527359008789,82.21012878417969,171.74000549316406
2012-09-20,115.07425689697266,62.36793518066406,70.63765716552734,82.4137954711914,171.47000122070312
2012-09-21,115.02619171142578,62.3857421875,70.89468383789062,82.50884246826172,171.9600067138672
2012-09-24,114.85269927978516,62.02108383178711,70.663330078125,83.15369415283203,171.0500030517578
2012-09-25,113.63043975830078,61.149566650390625,69.6477279663086,83.97500610351562,170.77000427246094
2012-09-26,112.99171447753906,60.65156173706055,69.20657348632812,84.8778305053711,169.80999755859375
2012-09-27,114.05628204345703,61.48751449584961,69.95572662353516,84.27371215820312,172.33999633789062
2012-09-28,113.5279769897461,60.98060989379883,69.45630645751953,84.32122802734375,171.88999938964844
2012-10-01,113.82760620117188,60.891666412353516,69.6893539428711,84.63416290283203,172.2899932861328
2012-10-02,113.94589233398438,61.06953811645508,69.82254028320312,84.51850891113281,172.10000610351562
2012-10-03,114.4111557006836,61.460838317871094,69.62275695800781,84.54570770263672,172.41000366210938
2012-10-04,115.23121643066406,61.67427444458008,70.09723663330078,83.49138641357422,173.61000061035156
2012-10-05,115.23910522460938,61.345218658447266,70.01400756835938,82.40977478027344,172.6199951171875
2012-10-08,114.84477233886719,60.78495407104492,69.57283782958984,83.10362243652344,172.0500030517578
2012-10-09,113.7093276977539,59.815582275390625,68.7570571899414,82.95391845703125,170.99000549316406
2012-10-10,112.98384857177734,59.51322555541992,68.64886474609375,83.53898620605469,170.83999633789062
2012-10-11,113.0468978881836,59.326454162597656,68.8985595703125,84.11711883544922,171.32000732421875
2012-10-12,112.67630767822266,59.29978561401367,68.34086608886719,84.32806396484375,170.05999755859375
2012-10-15,113.61469268798828,59.73555374145508,68.79035949707031,84.13752746582031,168.35000610351562
2012-10-16,114.76594543457031,60.580413818359375,69.29811096191406,82.97440338134766,169.4199981689453
2012-10-17,115.28646087646484,60.54483413696289,69.92243957519531,82.20571899414062,169.5399932861328
2012-10-18,114.98680114746094,59.842281341552734,69.53954315185547,81.70231628417969,168.7899932861328
2012-10-19,113.07057189941406,58.41047286987305,68.13274383544922,82.81108093261719,166.97000122070312
2012-10-22,113.08637237548828,58.71284866333008,68.11610412597656,82.28056335449219,167.5800018310547
2012-10-23,111.51715087890625,58.152565002441406,67.77483367919922,83.45735931396484,165.42999267578125
2012-10-24,111.20172882080078,57.948028564453125,67.59171295166016,82.6342544555664,164.86000061035156
2012-10-25,111.52500915527344,57.948028564453125,67.86640167236328,82.21253967285156,166.02000427246094
2012-10-26,111.4619369506836,58.11699676513672,67.54171752929688,83.42333984375,165.92999267578125
2012-10-31,111.4619369506836,57.761287689208984,67.94962310791016,83.91310119628906,166.8300018310547
2012-11-01,112.62899780273438,58.57943344116211,68.66546630859375,83.22605895996094,166.07000732421875
2012-11-02,111.62754821777344,57.956932067871094,67.58338165283203,83.1648178100586,162.60000610351562
2012-11-05,111.85620880126953,58.339332580566406,68.03287506103516,83.63418579101562,163.22999572753906
2012-11-06,112.73152923583984,58.44606018066406,68.54060363769531,82.84513092041016,166.3000030517578
2012-11-07,110.1765365600586,57.06759262084961,66.87582397460938,84.34845733642578,166.49000549316406
2012-11-08,108.8518295288086,56.16938781738281,65.93521881103516,85.60006713867188,167.99000549316406
2012-11-09,108.94644165039062,56.40950393676758,66.07672119140625,85.69532012939453,167.82000732421875
2012-11-12,109.0331802368164,56.40061950683594,65.88525390625,85.8381118774414,167.4499969482422
2012-11-13,108.65467834472656,56.009307861328125,65.51068115234375,86.12380981445312,167.10000610351562
2012-11-14,107.18798828125,55.35121536254883,64.29535675048828,86.20547485351562,167.13999938964844
2012-11-15,107.00660705566406,55.16444778442383,63.96240234375,86.035400390625,166.08999633789062
2012-11-16,107.53496551513672,55.404579162597656,64.49515533447266,85.96055603027344,165.8800048828125
2012-11-19,109.71135711669922,56.72075653076172,65.86029052734375,85.47762298583984,167.8699951171875
2012-11-20,109.75863647460938,56.73854064941406,65.9768295288086,84.62051391601562,167.38999938964844
2012-11-21,109.96368408203125,56.85417175292969,66.326416015625,84.57292938232422,167.55999755859375
2012-11-23,111.4619369506836,57.716800689697266,66.98402404785156,84.4913101196289,169.61000061035156
2012-11-26,111.22537994384766,57.96583557128906,67.20047760009766,84.89261627197266,169.42999267578125
2012-11-27,110.65760803222656,57.770164489746094,67.11724090576172,85.22589874267578,168.7100067138672
2012-11-28,111.54869842529297,58.268165588378906,67.6832504272461,85.103515625,166.5500030517578
2012-11-29,112.0691146850586,58.61502456665039,68.45738220214844,85.11705780029297,167.17999267578125
2012-11-30,112.0927505493164,58.5172119140625,68.32422637939453,84.88581848144531,166.0500030517578
2012-12-03,111.54076385498047,58.40156173706055,68.24931335449219,84.96421813964844,166.1300048828125
2012-12-04,111.38309478759766,58.365989685058594,68.33255004882812,85.4549331665039,164.4199981689453
2012-12-05,111.58024597167969,57.716800689697266,68.24931335449219,85.4140396118164,164.1199951171875
2012-12-06,111.95874786376953,58.09030532836914,68.35749053955078,85.59805297851562,164.5
2012-12-07,112.29781341552734,57.74348068237305,68.40748596191406,84.80740356445312,165.16000366210938
2012-12-10,112.34514617919922,57.912452697753906,68.7071533203125,85.18228149414062,165.8000030517578
2012-12-11,113.10999298095703,58.66839599609375,69.43131256103516,84.5348129272461,165.64999389648438
2012-12-12,113.16519165039062,58.54387283325195,69.04007720947266,83.55326843261719,165.77000427246094
2012-12-13,112.47128295898438,58.08142852783203,68.59892272949219,83.61469268798828,164.3699951171875
2012-12-14,112.05337524414062,57.530052185058594,68.55731201171875,84.24170684814453,164.1300048828125
2012-12-17,113.37022399902344,58.29484558105469,69.52287292480469,82.98084259033203,164.44000244140625
2012-12-18,114.63191223144531,59.18416213989258,70.47184753417969,82.13563537597656,162.0800018310547
2012-12-19,113.7802734375,58.92627716064453,70.62884521484375,82.40830993652344,161.69000244140625
2012-12-20,114.43472290039062,58.92627716064453,70.98149108886719,82.42194366455078,159.72999572753906
2012-12-21,113.39607238769531,58.306541442871094,70.68760681152344,83.32162475585938,160.3300018310547
2012-12-24,113.046630859375,58.190284729003906,70.34336853027344,83.17168426513672,160.6199951171875
2012-12-26,112.57007598876953,57.68056869506836,69.83960723876953,83.47084045410156,160.77999877929688
2012-12-27,112.41922760009766,57.59113311767578,69.78921508789062,83.75091552734375,161.16000366210938
2012-12-28,111.20418548583984,57.03667068481445,69.29383087158203,84.22907257080078,160.5399932861328
2012-12-31,113.0942611694336,58.24393844604492,70.7967529296875,82.77413177490234,162.02000427246094
2013-01-02,115.99287414550781,60.09505081176758,72.8790283203125,81.66757202148438,163.1699981689453
2013-01-03,115.7308120727539,59.782081604003906,72.71110534667969,80.56095123291016,161.1999969482422
2013-01-04,116.23910522460938,59.5853385925293,73.2484359741211,80.8752212524414,160.44000244140625
2013-01-07,115.92140197753906,59.60323715209961,72.97138977050781,80.90933990478516,159.42999267578125
2013-01-08,115.58786010742188,59.486995697021484,72.92101287841797,81.442138671875,160.55999755859375
2013-01-09,115.8817138671875,59.71054458618164,73.27364349365234,81.36701202392578,160.49000549316406
2013-01-10,116.80290985107422,60.068260192871094,73.44158935546875,81.14157104492188,161.97999572753906
2013-01-11,116.79500579833984,60.14872741699219,73.3324203491211,81.86566162109375,161.05999755859375
2013-01-14,116.71556854248047,59.88046646118164,73.37440490722656,81.6402587890625,161.5399932861328
2013-01-15,116.79500579833984,59.5853385925293,73.69344329833984,82.01592254638672,162.55999755859375
2013-01-16,116.77906036376953,59.82681655883789,73.47514343261719,82.18669128417969,162.64999389648438
2013-01-17,117.53351593017578,60.11295700073242,74.15522766113281,81.36701202392578,163.35000610351562
2013-01-18,117.79559326171875,59.97883605957031,74.36515808105469,81.99542236328125,163.08999633789062
2013-01-22,118.43095397949219,60.077205657958984,74.90248107910156,82.1525650024414,163.6699981689453
2013-01-23,118.62152099609375,60.44386672973633,74.7261962890625,82.02954864501953,163.2100067138672
2013-01-24,118.65330505371094,59.6121826171875,74.96965789794922,81.74269104003906,161.4199981689453
2013-01-25,119.32036590576172,59.91623306274414,75.51544189453125,80.62247467041016,160.64999389648438
2013-01-28,119.17742156982422,60.0504035949707,75.56581115722656,80.32875061035156,160.2899932861328
2013-01-29,119.64593505859375,60.05933380126953,75.60780334472656,79.8847427368164,160.99000549316406
2013-01-30,119.17742156982422,59.934120178222656,74.70098876953125,79.74810791015625,162.19000244140625
2013-01-31,118.88359832763672,59.79998016357422,75.21315002441406,80.13750457763672,161.1999969482422
2013-02-01,120.10657501220703,60.5064697265625,75.87650299072266,79.09693145751953,161.4499969482422
2013-02-04,118.7564926147461,59.45121765136719,74.96126556396484,80.1100845336914,162.0
2013-02-05,119.95571899414062,60.32757568359375,75.63299560546875,79.39810943603516,161.9600067138672
2013-02-06,120.04300689697266,60.13085174560547,75.95204162597656,80.04854583740234,162.38999938964844
2013-02-07,119.88419342041016,60.18452835083008,75.70015716552734,79.8704833984375,161.83999633789062
2013-02-08,120.55131530761719,60.801570892333984,76.23749542236328,80.17852783203125,161.57000732421875
2013-02-11,120.52745819091797,60.8194580078125,76.15353393554688,80.116943359375,159.6999969482422
2013-02-12,120.72599029541016,60.569053649902344,76.48937225341797,79.91841125488281,159.88999938964844
2013-02-13,120.82926177978516,60.78365707397461,76.80844116210938,79.2680892944336,159.0500030517578
2013-02-14,120.94039154052734,60.76579284667969,77.00154876708984,79.98686218261719,158.35000610351562
2013-02-15,120.79747772216797,60.58693313598633,77.0267562866211,79.75415802001953,155.75999450683594
2013-02-19,121.70281982421875,61.025108337402344,77.70684814453125,79.3570785522461,155.3300018310547
2013-02-20,120.18595123291016,60.08613967895508,76.2626724243164,79.59666442871094,151.44000244140625
2013-02-21,119.45536041259766,59.44227600097656,75.52383422851562,80.06217193603516,152.6199951171875
2013-02-22,120.62274169921875,60.041446685791016,76.43063354492188,80.116943359375,152.97000122070312
2013-02-25,118.32769775390625,59.2991828918457,74.74299621582031,81.69146728515625,154.33999633789062
2013-02-26,119.13765716552734,59.52275848388672,75.03683471679688,81.21916961669922,156.22000122070312
2013-02-27,120.63861083984375,60.13085174560547,75.82608032226562,80.97949981689453,154.57000732421875
2013-02-28,120.40042114257812,60.00565719604492,75.96881866455078,81.1301498413086,153.0
2013-03-01,120.79747772216797,60.25606155395508,76.31307220458984,81.5719223022461,152.44000244140625
2013-03-04,121.44076538085938,60.524349212646484,76.51455688476562,81.13976287841797,152.3000030517578
2013-03-05,122.52874755859375,61.418617248535156,77.40457916259766,80.9065170288086,152.3800048828125
2013-03-06,122.69546508789062,61.26658248901367,77.6061019897461,80.17243194580078,153.22999572753906
2013-03-07,122.91786193847656,61.42755889892578,77.97552490234375,79.55496978759766,152.69000244140625
2013-03-08,123.4419937133789,61.49910354614258,78.69761657714844,78.72483825683594,152.7100067138672
2013-03-11,123.91048431396484,61.67797088623047,78.67240142822266,78.80028533935547,152.99000549316406
2013-03-12,123.6325912475586,61.45441436767578,78.51287841796875,79.36971282958984,154.19000244140625
2013-03-13,123.80725860595703,61.37388610839844,78.8067855834961,79.28739929199219,153.66000366210938
2013-03-14,124.46642303466797,61.57957458496094,79.59599304199219,79.04727935791016,153.67999267578125
2013-03-15,124.30213165283203,61.408382415771484,79.55399322509766,79.41777801513672,154.0
2013-03-18,123.61609649658203,61.273929595947266,79.11740112304688,80.02153015136719,155.3800048828125
2013-03-19,123.32891845703125,61.15740966796875,78.78155517578125,80.5634536743164,156.0800018310547
2013-03-20,124.19041442871094,61.58765411376953,79.51202392578125,79.6646499633789,155.3699951171875
2013-03-21,123.12952423095703,60.888492584228516,78.81512451171875,80.43310546875,156.25
2013-03-22,124.11866760253906,61.4800910949707,79.05863952636719,80.49481201171875,155.5500030517578
2013-03-25,123.60012817382812,61.256004333496094,79.10408782958984,80.41938781738281,155.24000549316406
2013-03-26,124.58927154541016,61.58765411376953,79.35671997070312,80.51537322998047,154.72000122070312
2013-03-27,124.58927154541016,61.66831588745117,79.40719604492188,81.20143127441406,155.36000061035156
2013-03-28,124.9721450805664,61.82070541381836,79.50826263427734,80.78988647460938,154.4499969482422
2013-04-01,124.47759246826172,61.39939498901367,78.43896484375,81.39832305908203,154.6699981689453
2013-04-02,125.09181213378906,61.88341522216797,77.9505844116211,81.0683364868164,152.42999267578125
2013-04-03,123.82352447509766,61.31874465942383,76.72969818115234,81.79708099365234,150.72999572753906
2013-04-04,124.32601928710938,61.33669662475586,77.38645935058594,82.77342987060547,150.2899932861328
2013-04-05,123.76763916015625,60.82575607299805,77.23487854003906,84.44416809082031,152.80999755859375
2013-04-08,124.6052017211914,61.148441314697266,77.87480926513672,83.79786682128906,152.16000366210938
2013-04-09,125.0359878540039,61.56076431274414,77.6474609375,83.59160614013672,153.33999633789062
2013-04-10,126.56747436523438,62.76185989379883,79.05358123779297,82.44344329833984,150.75
2013-04-11,126.98229217529297,62.73497009277344,79.16302490234375,82.60152435302734,151.0500030517578
2013-04-12,126.6712417602539,62.69011306762695,78.84305572509766,83.8322525024414,143.9499969482422
2013-04-15,123.73578643798828,61.453189849853516,75.87089538574219,84.5610122680664,131.30999755859375
2013-04-16,125.56243133544922,62.268863677978516,77.18437194824219,83.86661529541016,132.8000030517578
2013-04-17,123.72776794433594,61.04986572265625,75.84561920166016,84.42353057861328,132.8699951171875
2013-04-18,122.95404815673828,60.20729064941406,75.42462158203125,84.62979888916016,134.3000030517578
2013-04-19,124.02294158935547,61.03190612792969,76.29187774658203,84.4510269165039,135.47000122070312
2013-04-22,124.57333374023438,61.65935516357422,76.51079559326172,84.51292419433594,137.89999389648438
2013-04-23,125.85761260986328,62.25094223022461,77.72323608398438,84.21720886230469,136.8800048828125
2013-04-24,125.93729400634766,62.22404098510742,78.12737274169922,84.43046569824219,138.3699951171875
2013-04-25,126.44786834716797,62.55569839477539,78.64102172851562,84.06602478027344,141.6300048828125
2013-04-26,126.22449493408203,62.35848617553711,78.2199935913086,84.83601379394531,140.91000366210938
2013-04-29,127.06998443603516,62.932167053222656,78.78411102294922,84.52665710449219,142.3000030517578
2013-04-30,127.3731460571289,63.38930130004883,79.23038482666016,84.57473754882812,142.77000427246094
2013-05-01,126.25638580322266,63.0934944152832,77.31070709228516,85.44361114501953,141.11000061035156
2013-05-02,127.42900085449219,63.89126968383789,78.53994750976562,85.33338165283203,141.9199981689453
2013-05-03,128.72120666503906,64.64418029785156,79.78610229492188,83.32146453857422,142.08999633789062
2013-05-06,129.04833984375,64.8951644897461,80.29969024658203,83.11479187011719,142.14999389648438
2013-05-07,129.70240783691406,64.85931396484375,80.95645141601562,82.79093933105469,140.3800048828125
2013-05-08,130.29263305664062,65.17300415039062,81.19223022460938,82.92189025878906,142.4600067138672
2013-05-09,129.9257049560547,65.0833969116211,80.91436767578125,82.7082748413086,140.80999755859375
2013-05-10,130.34849548339844,65.47779083251953,81.52900695800781,81.8194580078125,139.60000610351562
2013-05-13,130.45220947265625,65.55842590332031,81.47005462646484,81.19245910644531,138.42999267578125
2013-05-14,131.8002166748047,65.8990478515625,82.51411437988281,80.31047821044922,137.80999755859375
2013-05-15,132.5102081298828,66.03350067138672,82.6824951171875,80.84793853759766,134.6300048828125
2013-05-16,131.88803100585938,65.9617919921875,82.47200775146484,81.68858337402344,134.08999633789062
2013-05-17,133.1642608642578,66.59821319580078,83.39820861816406,80.65502166748047,131.07000732421875
2013-05-20,133.1563262939453,66.49958038330078,83.53289794921875,80.55859375,135.1199951171875
2013-05-21,133.3477325439453,66.57131958007812,83.54975891113281,81.19245910644531,132.8800048828125
2013-05-22,132.35862731933594,65.98867797851562,82.32884979248047,79.98667907714844,131.94000244140625
2013-05-23,131.97573852539062,65.83629608154297,82.429931640625,80.36563873291016,134.61000061035156
2013-05-24,131.86404418945312,65.80045318603516,82.41307067871094,80.47589111328125,133.75999450683594
2013-05-28,132.65379333496094,66.230712890625,83.48239135742188,78.43645477294922,133.49000549316406
2013-05-29,131.79234313964844,65.91697692871094,82.707763671875,79.3183364868164,134.8300018310547
2013-05-30,132.2788848876953,66.2665786743164,83.26346588134766,79.1255111694336,136.6999969482422
2013-05-31,130.38037109375,65.65702819824219,82.34574890136719,78.85668182373047,133.9199981689453
2013-06-03,131.09832763671875,65.77352905273438,83.1287612915039,79.27457427978516,136.50999450683594
2013-06-04,130.4681396484375,65.43296813964844,82.24466705322266,78.54246520996094,135.22999572753906
2013-06-05,128.64151000976562,64.58143615722656,81.19223022460938,79.62683868408203,135.52000427246094
2013-06-06,129.80606079101562,64.8951644897461,82.05101776123047,79.57843780517578,136.52999877929688
2013-06-07,131.457275390625,65.78252410888672,82.6824951171875,78.15572357177734,133.27999877929688
2013-06-10,131.457275390625,65.80941009521484,83.18769836425781,77.78275299072266,133.94000244140625
2013-06-11,130.10122680664062,65.15512084960938,82.28677368164062,78.7082748413086,133.25
2013-06-12,129.0243377685547,64.40216827392578,81.47005462646484,77.58245086669922,134.25
2013-06-13,130.9866485595703,65.21781921386719,82.90985107421875,78.79801177978516,133.74000549316406
2013-06-14,130.16502380371094,64.78758239746094,82.26993560791016,78.61161041259766,134.42999267578125
2013-06-17,131.170166015625,65.41506958007812,82.8088150024414,78.1971435546875,133.77000427246094
2013-06-18,132.20712280273438,65.95283508300781,83.7854995727539,78.23857116699219,132.1300048828125
2013-06-19,130.38037109375,65.21781921386719,82.75829315185547,77.43052673339844,130.58999633789062
2013-06-20,127.14981079101562,63.667152404785156,80.56916809082031,76.15969848632812,123.5999984741211
2013-06-21,127.55801391601562,63.3291015625,80.80491638183594,74.86815643310547,125.05000305175781
2013-06-24,125.94613647460938,62.699642181396484,79.74398803710938,75.17893981933594,123.93000030517578
2013-06-25,127.15703582763672,63.15823745727539,80.51019287109375,74.50902557373047,123.47000122070312
2013-06-26,128.4159393310547,63.72469711303711,80.88909149169922,74.99248504638672,118.27999877929688
2013-06-27,129.16983032226562,63.994449615478516,82.14364624023438,75.75909423828125,115.94000244140625
2013-06-28,128.64051818847656,64.0843734741211,81.67212677001953,76.27706146240234,119.11000061035156
2013-07-01,129.3943328857422,64.48001861572266,83.00244903564453,76.43077850341797,121.12999725341797
2013-07-02,129.2740478515625,64.50695037841797,82.94327545166016,76.38233184814453,120.05000305175781
2013-07-03,129.33013916015625,64.76776123046875,83.11239624023438,76.15383911132812,120.73999786376953
2013-07-05,130.7254638671875,65.2623062133789,84.28785705566406,73.5579605102539,118.08999633789062
2013-07-08,131.4712371826172,65.32523345947266,84.62613677978516,74.27096557617188,119.51000213623047
2013-07-09,132.41751098632812,65.72087860107422,85.41262817382812,74.34709167480469,120.62000274658203
2013-07-10,132.4656219482422,66.09852600097656,85.64940643310547,73.76561737060547,120.94999694824219
2013-07-11,134.26983642578125,67.41133117675781,86.65574645996094,74.63090515136719,124.23999786376953
2013-07-12,134.3259735107422,67.70806884765625,86.83335876464844,74.56861877441406,124.12999725341797
2013-07-15,134.8392333984375,67.8609390258789,87.59445190429688,74.96321105957031,124.18000030517578
2013-07-16,134.3340606689453,67.77100372314453,87.15470886230469,75.21934509277344,124.88999938964844
2013-07-17,134.67880249023438,67.94185638427734,87.49295806884766,75.35777282714844,123.31999969482422
2013-07-18,135.4166259765625,67.77100372314453,88.07649230957031,74.41633605957031,124.01000213623047
2013-07-19,135.65711975097656,67.06963348388672,88.2117691040039,75.59317779541016,125.11000061035156
2013-07-22,135.9217529296875,67.26747131347656,88.39783477783203,75.7039566040039,128.83999633789062
2013-07-23,135.63308715820312,66.77293395996094,88.3386459350586,75.38544464111328,129.7100067138672
2013-07-24,135.13589477539062,66.98871612548828,87.60289764404297,74.43018341064453,127.4800033569336
2013-07-25,135.46469116210938,67.41133117675781,88.4062728881836,74.40251922607422,128.6699981689453
2013-07-26,135.6090545654297,67.77100372314453,88.05109405517578,74.85935974121094,128.77999877929688
2013-07-29,135.19203186035156,67.6451416015625,87.43374633789062,74.3125,128.47000122070312
2013-07-30,135.19203186035156,68.00480651855469,87.5099105834961,74.2847900390625,128.1199951171875
2013-07-31,135.2882537841797,68.13066864013672,87.66209411621094,74.55477905273438,127.95999908447266
2013-08-01,136.85198974609375,68.82303619384766,88.85453033447266,73.11821746826172,126.61000061035156
2013-08-02,137.0845184326172,69.20970153808594,88.93059539794922,73.92325592041016,126.36000061035156
2013-08-05,136.8840789794922,69.25464630126953,89.23503875732422,73.35418701171875,125.69999694824219
2013-08-06,136.10618591308594,68.84101104736328,88.3386459350586,73.56932067871094,123.97000122070312
2013-08-07,135.6652069091797,68.71515655517578,87.71284484863281,74.11761474609375,124.1500015258789
2013-08-08,136.162353515625,69.05683898925781,88.07649230957031,74.31881713867188,126.86000061035156
2013-08-09,135.76943969726562,68.77808380126953,87.9834976196289,74.43682861328125,126.86000061035156
2013-08-12,135.6090545654297,68.93990325927734,88.44859313964844,73.93018341064453,129.1300048828125
2013-08-13,136.0099639892578,69.32659912109375,88.33015441894531,72.86140441894531,127.73999786376953
2013-08-14,135.31234741210938,69.06584167480469,87.9834976196289,72.97254180908203,129.0
2013-08-15,133.4198760986328,67.89690399169922,86.35132598876953,71.987060546875,131.69000244140625
2013-08-16,132.97877502441406,67.86994934082031,85.98766326904297,71.73723602294922,132.5800018310547
2013-08-19,132.12881469726562,67.7530288696289,85.11664581298828,71.11262512207031,132.00999450683594
2013-08-20,132.7783203125,68.04975891113281,86.34286499023438,71.66085815429688,132.4499969482422
2013-08-21,131.96041870117188,67.81597137451172,85.81856536865234,70.87664794921875,132.07000732421875
2013-08-22,133.16323852539062,68.48135375976562,87.02783203125,71.59841918945312,132.80999755859375
2013-08-23,133.61233520507812,68.93990325927734,87.24771881103516,72.37570190429688,134.89999389648438
2013-08-26,133.1151123046875,68.97589874267578,87.25621032714844,72.73656463623047,135.4499969482422
2013-08-27,130.9740753173828,67.56417846679688,85.20967864990234,73.6525650024414,136.75
2013-08-28,131.43917846679688,67.824951171875,85.37881469726562,73.05577087402344,136.7100067138672
2013-08-29,131.6476593017578,68.30152130126953,86.23292541503906,73.6387939453125,135.8699951171875
2013-08-30,131.2306365966797,67.8609390258789,84.88832092285156,73.55545043945312,134.6199951171875
2013-09-03,131.8240966796875,68.24756622314453,85.46338653564453,72.51798248291016,136.4199981689453
2013-09-04,132.91458129882812,68.97589874267578,86.21597290039062,72.35794830322266,134.66000366210938
2013-09-05,133.0830535888672,69.09280395507812,86.35132598876953,71.3490219116211,132.1999969482422
2013-09-06,133.1471710205078,69.17371368408203,86.5881118774414,71.7038803100586,134.14999389648438
2013-09-09,134.42222595214844,69.9830322265625,87.89889526367188,71.7386703491211,133.91000366210938
2013-09-10,135.4166259765625,70.3246841430664,88.76145935058594,71.23765563964844,131.74000549316406
2013-09-11,135.84161376953125,70.18980407714844,88.80376434326172,71.87091064453125,131.6999969482422
2013-09-12,135.48074340820312,70.14485931396484,88.15259552001953,71.77340698242188,127.66999816894531
2013-09-13,135.7854766845703,70.18980407714844,88.63460540771484,72.05177307128906,127.81999969482422
2013-09-16,136.57135009765625,70.00096893310547,88.82909393310547,71.57169342041016,126.44999694824219
2013-09-17,137.18075561523438,70.4685287475586,89.7086181640625,72.1630859375,126.5
2013-09-18,138.76852416992188,71.3137435913086,90.56275177001953,73.05374908447266,132.00999450683594
2013-09-19,138.5359344482422,71.4845962524414,90.46975708007812,72.62242126464844,131.75
2013-09-20,137.5673370361328,71.23929595947266,90.1399154663086,73.00508880615234,127.95999908447266
2013-09-23,136.9308319091797,71.09500122070312,90.14837646484375,73.54084014892578,127.55000305175781
2013-09-24,136.6084747314453,71.09500122070312,90.44769287109375,74.33405303955078,127.66000366210938
2013-09-25,136.21365356445312,70.85149383544922,90.2780990600586,74.48710632324219,128.7899932861328
2013-09-26,136.73739624023438,71.4016342163086,90.77838897705078,73.9653091430664,127.79000091552734
2013-09-27,136.10885620117188,71.31143951416016,90.37136840820312,74.14620971679688,128.97000122070312
2013-09-30,135.38368225097656,71.14009857177734,90.39680480957031,74.03484344482422,128.17999267578125
2013-10-01,136.4553680419922,71.86161804199219,91.44824981689453,73.81022644042969,124.58999633789062
2013-10-02,136.3264617919922,71.83453369140625,91.0751724243164,73.92184448242188,127.05999755859375
2013-10-03,135.06939697265625,70.99580383300781,90.14242553710938,73.80323791503906,127.18000030517578
2013-10-04,136.0927734375,71.60906219482422,90.74446105957031,73.74739074707031,126.52999877929688
2013-10-07,134.91629028320312,71.01382446289062,89.6845703125,74.04743957519531,127.63999938964844
2013-10-08,133.34495544433594,69.64297485351562,88.2345962524414,74.06838989257812,127.4000015258789
2013-10-09,133.44166564941406,69.42652893066406,87.87847900390625,73.475341796875,126.11000061035156
2013-10-10,136.318359375,70.89656066894531,89.998291015625,73.59393310546875,124.2699966430664
2013-10-11,137.1967315673828,71.45574951171875,91.30409240722656,73.57303619384766,122.5999984741211
2013-10-14,137.74465942382812,71.96080017089844,91.76193237304688,72.98005676269531,122.83000183105469
2013-10-15,136.7454376220703,71.68123626708984,90.8631820678711,72.93119049072266,123.7300033569336
2013-10-16,138.6552276611328,72.4928970336914,91.99089813232422,73.84510040283203,123.54000091552734
2013-10-17,139.58192443847656,72.90774536132812,92.79645538330078,74.51485443115234,127.41999816894531
2013-10-18,140.5247039794922,74.0892105102539,93.8563461303711,74.67530059814453,126.8499984741211
2013-10-21,140.53277587890625,74.2515869140625,93.66978454589844,74.4380874633789,126.9800033569336
2013-10-22,141.34666442871094,74.3597640991211,93.91566467285156,75.26830291748047,129.33999633789062
2013-10-23,140.66970825195312,73.90886688232422,93.60194396972656,75.56130981445312,128.69000244140625
2013-10-24,141.1371612548828,74.2335433959961,94.10224151611328,75.26830291748047,129.89999389648438
2013-10-25,141.78172302246094,74.76566314697266,94.1870346069336,75.54733276367188,130.4600067138672
2013-10-28,142.00735473632812,74.78368377685547,94.14460754394531,75.2892074584961,130.55999755859375
2013-10-29,142.7648162841797,74.90992736816406,94.41594696044922,75.38692474365234,129.77000427246094
2013-10-30,142.05572509765625,74.83778381347656,93.12712860107422,74.9334487915039,129.60000610351562
2013-10-31,141.65280151367188,74.66641998291016,92.58444213867188,75.0938949584961,127.73999786376953
2013-11-01,141.9912872314453,74.68447875976562,92.18594360351562,74.28103637695312,126.94999694824219
2013-11-04,142.49087524414062,74.7927017211914,93.24580383300781,74.35099029541016,126.80999755859375
2013-11-05,142.03956604003906,74.87386322021484,92.9236068725586,73.46260070800781,126.55999755859375
2013-11-06,142.7648162841797,74.85581970214844,92.52508544921875,73.4975814819336,127.19999694824219
2013-11-07,140.9598388671875,73.44889068603516,90.96492767333984,74.12014770507812,126.16000366210938
2013-11-08,142.8615264892578,74.44096374511719,92.61836242675781,72.33641815185547,124.27999877929688
2013-11-11,142.88565063476562,74.32373046875,92.74555969238281,72.06361389160156,123.87000274658203
2013-11-12,142.5956573486328,74.44096374511719,92.82184600830078,72.39930725097656,122.44999694824219
2013-11-13,143.73985290527344,75.34282684326172,93.71221923828125,72.66519165039062,122.8499984741211
2013-11-14,144.45704650878906,75.57733917236328,93.61890411376953,73.11285400390625,124.2699966430664
2013-11-15,145.0855712890625,75.72164916992188,93.97501373291016,73.25975036621094,124.31999969482422
2013-11-18,144.57794189453125,74.98209381103516,93.31365203857422,73.70043182373047,122.9000015258789
2013-11-19,144.26364135742188,74.76566314697266,92.73707580566406,73.1408462524414,122.94999694824219
2013-11-20,143.81240844726562,74.58528137207031,92.70317077636719,71.89573669433594,120.12000274658203
2013-11-21,144.97271728515625,75.34282684326172,94.37358093261719,72.0146713256836,119.94000244140625
2013-11-22,145.69793701171875,75.7486572265625,94.83992004394531,72.68616485595703,119.91999816894531
2013-11-25,145.55296325683594,75.92903137207031,94.9586181640625,72.89605712890625,120.45999908447266
2013-11-26,145.59323120117188,76.32588195800781,95.66239929199219,73.1688232421875,119.81999969482422
2013-11-27,145.94776916503906,76.85799407958984,96.19657897949219,73.04293060302734,119.45999908447266
2013-11-29,145.85105895996094,77.31795501708984,96.24747467041016,73.06394958496094,120.69999694824219
2013-12-02,145.47238159179688,77.09247589111328,95.28083801269531,72.49566650390625,117.58000183105469
2013-12-03,144.84384155273438,77.02937316894531,94.82295227050781,72.76220703125,117.95999908447266
2013-12-04,144.8277130126953,77.10151672363281,94.56858825683594,72.067626953125,119.95999908447266
2013-12-05,144.19113159179688,77.00228881835938,94.63641357421875,71.86419677734375,118.30000305175781
2013-12-06,145.802734375,77.56147003173828,95.37409973144531,72.20794677734375,118.55000305175781
2013-12-09,146.17347717285156,77.87710571289062,95.34867858886719,72.37639617919922,119.72000122070312
2013-12-10,145.64967346191406,77.82301330566406,94.48380279541016,72.89550018310547,121.81999969482422
2013-12-11,144.01382446289062,76.82194519042969,92.93212890625,72.33425903320312,120.86000061035156
2013-12-12,143.53846740722656,76.62350463867188,93.1355972290039,72.06065368652344,118.29000091552734
2013-12-13,143.5223388671875,76.52433013916016,93.44084930419922,72.41143035888672,119.37999725341797
2013-12-16,144.41671752929688,76.94815826416016,94.55162811279297,72.14479064941406,119.69000244140625
2013-12-17,143.9574737548828,76.79483795166016,94.41594696044922,72.46753692626953,118.6500015258789
2013-12-18,146.41517639160156,77.68773651123047,95.71328735351562,72.10270690917969,117.61000061035156
2013-12-19,146.24594116210938,77.47127532958984,95.00104522705078,72.03254699707031,114.81999969482422
2013-12-20,147.09657287597656,78.26020050048828,96.60359191894531,73.1410903930664,115.94000244140625
2013-12-23,147.8824920654297,79.08354949951172,97.69905090332031,72.72711181640625,115.56999969482422
2013-12-24,148.20657348632812,79.11971282958984,98.07359313964844,72.14479064941406,116.0999984741211
2013-12-26,148.96002197265625,79.3821029663086,98.08209991455078,71.86680603027344,116.73999786376953
2013-12-27,148.9519500732422,79.18305969238281,98.02252197265625,71.66262817382812,117.12000274658203
2013-12-30,148.92764282226562,79.06544494628906,97.96293640136719,72.15535736083984,115.38999938964844
2013-12-31,149.6324920654297,79.5811538696289,98.19278717041016,71.69783782958984,116.12000274658203
2014-01-02,148.19845581054688,78.95689392089844,97.1288070678711,71.91604614257812,118.0
2014-01-03,148.1741943359375,78.3868637084961,97.62246704101562,71.91604614257812,119.29000091552734
2014-01-06,147.7447967529297,78.09736633300781,96.83087158203125,72.21870422363281,119.5
2014-01-07,148.6521759033203,78.82115936279297,97.63948822021484,72.40171813964844,118.81999969482422
2014-01-08,148.68458557128906,78.99308013916016,97.76717376708984,72.20462799072266,118.12000274658203
2014-01-09,148.7818603515625,78.73065948486328,97.79269409179688,72.62698364257812,118.45999908447266
2014-01-10,149.18685913085938,78.98401641845703,98.32891845703125,73.49272918701172,120.26000213623047
2014-01-13,147.2019500732422,77.81689453125,96.98405456542969,73.8587646484375,121.0199966430664
2014-01-14,148.80612182617188,79.3006591796875,98.17572784423828,73.52091217041016,119.88999938964844
2014-01-15,149.608154296875,79.95206451416016,98.90774536132812,73.44346618652344,119.66000366210938
2014-01-16,149.4137725830078,79.96112060546875,99.02690124511719,73.93623352050781,119.79000091552734
2014-01-17,148.7818603515625,79.50875854492188,98.67793273925781,74.24590301513672,120.93000030517578
2014-01-21,149.21929931640625,80.11495971679688,99.26524353027344,74.30220794677734,119.69999694824219
2014-01-22,149.31649780273438,80.32302856445312,99.76744842529297,74.11921691894531,119.19000244140625
2014-01-23,148.0930938720703,80.05159759521484,99.09497833251953,75.16798400878906,121.79000091552734
2014-01-24,144.93345642089844,78.4773178100586,96.56700134277344,75.65369415283203,122.29000091552734
2014-01-27,144.22042846679688,77.71736145019531,95.1540298461914,75.12577056884766,120.95999908447266
2014-01-28,145.0792694091797,77.67214965820312,96.15841674804688,75.30879211425781,120.94999694824219
2014-01-29,143.68580627441406,76.8397445678711,94.77098846435547,75.92820739746094,122.47000122070312
2014-01-30,145.2089385986328,78.26020050048828,96.18394470214844,75.70999145507812,119.7699966430664
2014-01-31,144.3582305908203,78.05213928222656,95.468994140625,76.2168197631836,120.08999633789062
2014-02-03,141.109375,76.26071166992188,92.48129272460938,77.1454849243164,121.31999969482422
2014-02-04,142.0978240966797,76.8216781616211,93.17926025390625,76.326904296875,120.98999786376953
2014-02-05,141.91957092285156,76.62267303466797,92.48129272460938,75.62118530273438,121.29000091552734
2014-02-06,143.79107666015625,77.59974670410156,93.21329498291016,75.29660034179688,121.23999786376953
2014-02-07,145.57351684570312,78.98401641845703,94.26879119873047,75.360107421875,122.16999816894531
2014-02-10,145.84085083007812,79.4363784790039,94.51563262939453,75.57179260253906,122.91999816894531
2014-02-11,147.43690490722656,80.34113311767578,95.35829162597656,75.1343002319336,124.36000061035156
2014-02-12,147.5098114013672,80.49491119384766,95.73281860351562,74.74613952636719,124.43000030517578
2014-02-13,148.2714080810547,81.09207916259766,96.95003509521484,75.16956329345703,125.48999786376953
2014-02-14,149.0896453857422,81.25489044189453,97.0862045288086,75.2118911743164,127.1500015258789
2014-02-18,149.2679901123047,81.6529769897461,98.09912872314453,75.38129425048828,127.4000015258789
2014-02-19,148.2794647216797,81.09207916259766,97.09473419189453,75.06370544433594,126.2699966430664
2014-02-20,149.1544647216797,81.47203063964844,98.14167022705078,74.88021087646484,127.5999984741211
2014-02-21,148.98439025878906,81.36348724365234,98.44808959960938,75.27543640136719,127.58000183105469
2014-02-24,149.8107452392578,81.79773712158203,99.17161560058594,75.0848617553711,128.99000549316406
2014-02-25,149.7540283203125,81.70726013183594,99.27375793457031,75.75530242919922,129.2100067138672
2014-02-26,149.76217651367188,81.63493347167969,99.8865966796875,76.15754699707031,128.11000061035156
2014-02-27,150.5480499267578,82.16454315185547,100.43134307861328,76.5738525390625,128.1999969482422
2014-02-28,150.92881774902344,82.07366180419922,100.03131103515625,76.61620330810547,127.62000274658203
2014-03-03,149.86746215820312,81.46501159667969,99.49507141113281,77.12767028808594,130.2899932861328
2014-03-04,151.97389221191406,82.50071716308594,101.99754333496094,75.96756744384766,128.67999267578125
2014-03-05,152.11166381835938,82.72783660888672,101.93797302246094,76.1302261352539,128.88999938964844
2014-03-06,152.46005249023438,82.65516662597656,101.92092895507812,75.38040161132812,130.1699981689453
2014-03-07,152.52479553222656,82.2463150024414,101.88690185546875,74.90641021728516,129.08999633789062
2014-03-10,152.44386291503906,82.31901550292969,101.54643249511719,75.01256561279297,129.1300048828125
2014-03-11,151.69033813476562,81.9646987915039,100.49099731445312,75.21060180664062,129.86000061035156
2014-03-12,151.7308807373047,82.27356719970703,100.7973861694336,75.73410034179688,131.75999450683594
2014-03-13,150.02947998046875,81.11066436767578,99.63126373291016,76.75274658203125,132.2100067138672
2014-03-14,149.608154296875,80.55652618408203,100.04833221435547,76.76688385009766,133.10000610351562
2014-03-17,150.9612274169922,81.26515197753906,100.49099731445312,76.19388580322266,131.63999938964844
2014-03-18,152.03875732421875,82.2463150024414,101.95498657226562,76.46975708007812,130.6199951171875
2014-03-19,151.22860717773438,81.80116271972656,101.29106140136719,75.8755874633789,128.08999633789062
2014-03-20,152.11166381835938,82.02826690673828,101.42724609375,75.7412109375,127.86000061035156
2014-03-21,151.5216522216797,81.04122924804688,100.9591064453125,76.56177520751953,128.47000122070312
2014-03-24,150.89500427246094,80.3309555053711,99.81002044677734,77.10650634765625,126.18000030517578
2014-03-25,151.6112060546875,80.59502410888672,99.78607177734375,76.81642150878906,126.41000366210938
2014-03-26,150.52072143554688,79.5569839477539,97.87454986572266,77.41773223876953,125.41000366210938
2014-03-27,150.2034149169922,79.11076354980469,97.6270523071289,77.8067855834961,124.58999633789062
2014-03-28,150.94390869140625,79.26560974121094,97.53321075439453,77.36817169189453,124.55999755859375
2014-03-31,152.18084716796875,79.83015441894531,99.28260803222656,77.17719268798828,123.61000061035156
2014-04-01,153.1898651123047,81.23243713378906,100.58827209472656,76.51762390136719,123.38999938964844
2014-04-02,153.70254516601562,81.44187927246094,101.04058074951172,76.07789611816406,124.31999969482422
2014-04-03,153.49917602539062,80.79537963867188,100.01651000976562,76.41121673583984,123.91999816894531
2014-04-04,151.68443298339844,78.64643859863281,97.7038345336914,76.92182922363281,125.56999969482422
2014-04-07,150.00811767578125,77.89974212646484,96.27869415283203,77.38286590576172,124.91000366210938
2014-04-08,150.62655639648438,78.61909484863281,96.95286560058594,77.56724548339844,126.08999633789062
2014-04-09,152.2458953857422,79.96672821044922,98.35243225097656,77.18423461914062,126.31999969482422
2014-04-10,149.04783630371094,77.4899673461914,95.54479217529297,77.90058135986328,127.01000213623047
2014-04-11,147.70513916015625,76.58850860595703,94.2220458984375,78.53177642822266,126.93000030517578
2014-04-14,148.8688201904297,77.18949890136719,94.48660278320312,78.32613372802734,127.8499984741211
2014-04-15,149.89413452148438,77.44446563720703,94.85356140136719,78.8154067993164,125.48999786376953
2014-04-16,151.46469116210938,78.47339630126953,95.88615417480469,78.91471099853516,125.54000091552734
2014-04-17,151.67630004882812,78.4916000366211,96.36405181884766,78.04953002929688,124.75
2014-04-21,152.20521545410156,79.07437133789062,96.81634521484375,77.98566436767578,124.23999786376953
2014-04-22,152.89688110351562,79.70266723632812,97.81477355957031,78.24808502197266,123.77999877929688
2014-04-23,152.5388641357422,79.00153350830078,97.20037078857422,78.6949234008789,123.76000213623047
2014-04-24,152.84812927246094,79.75731658935547,96.95286560058594,78.84386444091797,124.55999755859375
2014-04-25,151.5949249267578,78.4825210571289,95.24613189697266,78.95732879638672,125.43000030517578
2014-04-28,152.07501220703125,78.73744201660156,94.69140625,78.57434844970703,124.87999725341797
2014-04-29,152.78298950195312,79.36576080322266,94.93035888671875,78.46794128417969,124.86000061035156
2014-04-30,153.2386932373047,79.5752182006836,95.56184387207031,78.79417419433594,124.22000122070312
2014-05-01,153.25497436523438,79.81194305419922,95.5277328491211,79.63951873779297,123.80000305175781
2014-05-02,153.0352783203125,79.66625213623047,95.6045150756836,80.13006591796875,125.05999755859375
2014-05-05,153.32823181152344,80.08509826660156,95.48503875732422,79.6466293334961,126.22000122070312
2014-05-06,151.99366760253906,79.04706573486328,93.93189239501953,79.96656799316406,125.9800033569336
2014-05-07,152.88880920410156,78.81941223144531,93.99161529541016,79.68213653564453,124.16999816894531
2014-05-08,152.72601318359375,78.74656677246094,93.0444107055664,79.34090423583984,124.16999816894531
2014-05-09,152.953857421875,79.03792572021484,93.89775848388672,79.08499908447266,124.0999984741211
2014-05-12,154.4430694580078,80.34008026123047,96.03123474121094,78.76508331298828,124.94000244140625
2014-05-13,154.58140563964844,80.39469146728516,95.09249114990234,79.44752502441406,124.5999984741211
2014-05-14,153.84901428222656,79.9758529663086,93.54786682128906,80.30774688720703,125.80999755859375
2014-05-15,152.4981231689453,79.34756469726562,92.91639709472656,80.9476318359375,124.7699966430664
2014-05-16,153.0271759033203,79.8666000366211,93.50520324707031,80.72015380859375,124.5
2014-05-19,153.588623046875,80.42200469970703,94.51219940185547,80.12294006347656,124.58000183105469
2014-05-20,152.62025451660156,80.1306381225586,93.06999969482422,80.3006591796875,124.69000244140625
2014-05-21,153.9059600830078,80.89555358886719,93.54786682128906,79.81016540527344,124.38999938964844
2014-05-22,154.28030395507812,81.25064849853516,94.5207290649414,79.69639587402344,124.66999816894531
2014-05-23,154.8987579345703,81.842529296875,95.55335998535156,80.12294006347656,124.51000213623047
2014-05-27,155.8509063720703,82.86237335205078,96.9272689819336,80.59217071533203,121.8499984741211
2014-05-28,155.73695373535156,82.60741424560547,96.42375946044922,81.58750915527344,121.19999694824219
2014-05-29,156.5425567626953,83.13555908203125,96.74807739257812,81.15380096435547,120.94000244140625
2014-05-30,156.79481506347656,83.14463806152344,96.3128433227539,81.11827087402344,120.43000030517578
2014-06-02,156.9738311767578,83.06269073486328,95.7922592163086,80.51522064208984,119.69999694824219
2014-06-03,156.8925018310547,83.02629089355469,95.56184387207031,79.52448272705078,120.01000213623047
2014-06-04,157.20985412597656,83.33589172363281,95.93733978271484,79.50310516357422,119.76000213623047
2014-06-05,158.2351531982422,84.0370101928711,97.95132446289062,79.53875732421875,120.66000366210938
2014-06-06,158.991943359375,84.51961517333984,98.89006805419922,79.53875732421875,120.61000061035156
2014-06-09,159.15467834472656,84.45589447021484,99.76051330566406,79.4247055053711,120.6500015258789
2014-06-10,159.1710205078125,84.60157012939453,99.564208984375,79.13249969482422,121.38999938964844
2014-06-11,158.6176300048828,84.58335876464844,99.07780456542969,79.27500915527344,121.41000366210938
2014-06-12,157.49462890625,83.8184585571289,98.4719009399414,79.98065948486328,122.63999938964844
2014-06-13,157.9747772216797,84.06433868408203,98.64257049560547,79.93790435791016,122.95999908447266
2014-06-16,158.10498046875,84.13716888427734,99.12045288085938,80.13748168945312,122.41999816894531
2014-06-17,158.54441833496094,84.18268585205078,99.8202133178711,79.50310516357422,122.27999877929688
2014-06-18,159.70809936523438,84.65620422363281,100.49442291259766,80.11612701416016,122.66999816894531
2014-06-19,159.88706970214844,84.60157012939453,100.57975769042969,79.08972930908203,126.94000244140625
2014-06-20,160.2117156982422,84.7010726928711,100.91255950927734,79.68843078613281,126.5
2014-06-23,160.1626739501953,84.71932220458984,100.71627807617188,79.43899536132812,126.8499984741211
2014-06-24,159.1978302001953,84.63719177246094,99.64102935791016,80.24441528320312,126.9800033569336
2014-06-25,159.91737365722656,85.17587280273438,100.4858627319336,80.45111083984375,126.98999786376953
2014-06-26,159.8028564453125,85.22152709960938,100.31520080566406,80.8360366821289,126.7300033569336
2014-06-27,160.11358642578125,85.59584045410156,100.98936462402344,80.71484375,126.66000366210938
2014-06-30,160.0318603515625,85.74193572998047,101.39044952392578,80.9144287109375,128.0399932861328
2014-07-01,161.10296630859375,86.68234252929688,102.4230728149414,80.23699951171875,127.69999694824219
2014-07-02,161.26651000976562,86.82841491699219,102.02816772460938,79.37939453125,127.69999694824219
2014-07-03,162.05960083007812,87.37622833251953,102.64492797851562,79.09357452392578,127.16000366210938
2014-07-07,161.4954376220703,87.11148834228516,100.88877868652344,79.67241668701172,127.0199966430664
2014-07-08,160.45701599121094,86.06147003173828,99.66374969482422,80.5656967163086,127.06999969482422
2014-07-09,161.17657470703125,86.70063018798828,99.79224395751953,80.62996673583984,127.83999633789062
2014-07-10,160.53880310058594,86.42671203613281,98.72999572753906,80.65141296386719,128.5399932861328
2014-07-11,160.759521484375,86.98363494873047,98.60147857666016,81.16596984863281,128.77999877929688
2014-07-14,161.569091796875,87.50405883789062,99.10692596435547,80.81578826904297,125.72000122070312
2014-07-15,161.26651000976562,87.2027816772461,98.13033294677734,80.65141296386719,124.52999877929688
2014-07-16,161.8634033203125,87.54973602294922,97.86475372314453,81.08021545410156,124.97000122070312
2014-07-17,160.0236358642578,86.39019012451172,96.35704803466797,82.1021499633789,127.08999633789062
2014-07-18,161.6589813232422,87.75970458984375,97.856201171875,81.83769226074219,126.12999725341797
2014-07-21,161.35638427734375,87.65013122558594,97.46211242675781,82.24504089355469,126.33999633789062
2014-07-22,162.05960083007812,88.20710754394531,98.2845458984375,82.41654205322266,125.73999786376953
2014-07-23,162.41940307617188,88.77316284179688,98.40446472167969,82.309326171875,125.62000274658203
2014-07-24,162.4275665283203,88.6727294921875,98.20744323730469,81.69475555419922,124.3499984741211
2014-07-25,161.66714477539062,88.3258056640625,97.31652069091797,82.65950775146484,125.79000091552734
2014-07-28,161.7325439453125,88.35317993164062,96.82821655273438,82.54521179199219,125.58000183105469
2014-07-29,161.03753662109375,88.19798278808594,97.09378814697266,82.84528350830078,125.19999694824219
2014-07-30,161.06202697753906,88.54492950439453,97.47930145263672,81.69475555419922,124.83000183105469
2014-07-31,157.88133239746094,86.75538635253906,95.2519760131836,81.4518051147461,123.38999938964844
2014-08-01,157.39898681640625,86.4358139038086,94.81507873535156,82.0822982788086,124.37999725341797
2014-08-04,158.53553771972656,87.0293197631836,95.65462493896484,81.86740112304688,123.98999786376953
2014-08-05,156.99832153320312,86.36278533935547,95.41476440429688,82.13248443603516,123.87000274658203
2014-08-06,157.04734802246094,86.29888153076172,95.71458435058594,82.18265533447266,125.66999816894531
2014-08-07,156.19700622558594,86.02497863769531,95.2519760131836,82.94924926757812,126.18000030517578
2014-08-08,158.0040283203125,86.64583587646484,96.1771469116211,82.77015686035156,126.19000244140625
2014-08-11,158.46188354492188,87.15711975097656,97.09378814697266,82.76305389404297,125.95999908447266
2014-08-12,158.24118041992188,87.1205825805664,96.42558288574219,82.22563171386719,125.98999786376953
2014-08-13,159.3123321533203,88.04273986816406,97.17945861816406,82.76305389404297,126.19999694824219
2014-08-14,160.06451416015625,88.4992446899414,97.32506561279297,83.42939758300781,126.30999755859375
2014-08-15,160.0318603515625,88.9283676147461,97.1366195678711,84.33930969238281,125.4800033569336
2014-08-18,161.3727569580078,89.6131591796875,98.55007934570312,83.5009765625,124.95999908447266
2014-08-19,162.21495056152344,90.11531829833984,98.89276885986328,83.24301147460938,124.68000030517578
2014-08-20,162.64833068847656,90.11531829833984,98.47297668457031,83.10688018798828,124.22000122070312
2014-08-21,163.12257385253906,90.29792022705078,98.68714904785156,83.57266235351562,122.87999725341797
2014-08-22,162.86911010742188,90.43489074707031,98.69573211669922,84.03836822509766,123.19000244140625
2014-08-25,163.69493103027344,90.75442504882812,99.15830993652344,84.35362243652344,122.73999786376953
2014-08-26,163.80123901367188,90.84573364257812,100.05784606933594,84.08137512207031,123.3499984741211
2014-08-27,163.7357940673828,90.86397552490234,99.80939483642578,84.79788208007812,123.31999969482422
2014-08-28,163.64585876464844,90.7635726928711,99.29540252685547,85.24211120605469,124.0
2014-08-29,164.11192321777344,91.10137176513672,99.85224151611328,85.29944610595703,123.86000061035156
2014-09-02,164.03018188476562,91.36612701416016,100.40049743652344,83.82797241210938,121.6500015258789
2014-09-03,163.9402618408203,90.82747650146484,99.76657104492188,84.29470825195312,122.1500015258789
2014-09-04,163.70309448242188,90.74527740478516,99.38105010986328,83.2677993774414,121.4800033569336
2014-09-05,164.4390106201172,91.20178985595703,99.69804382324219,83.10983276367188,122.05999755859375
2014-09-08,164.01380920410156,91.37530517578125,99.85224151611328,83.14573669433594,120.7300033569336
2014-09-09,162.97540283203125,90.61747741699219,98.67003631591797,83.08106994628906,120.87000274658203
2014-09-10,163.58859252929688,91.36612701416016,99.25254821777344,82.55683135986328,120.26000213623047
2014-09-11,163.7766876220703,91.2931137084961,99.89506530761719,82.28394317626953,119.47000122070312
2014-09-12,162.82005310058594,90.82747650146484,98.83281707763672,81.42217254638672,118.37999725341797
2014-09-15,162.6973876953125,89.9509506225586,97.75343322753906,81.54431915283203,118.63999938964844
2014-09-16,163.9238739013672,90.73614501953125,98.02752685546875,81.21395111083984,118.83000183105469
2014-09-17,164.14462280273438,90.87313842773438,98.2845458984375,81.00568389892578,117.54000091552734
2014-09-18,165.01950073242188,91.55787658691406,98.88421630859375,81.26422119140625,117.77999877929688
2014-09-19,164.87086486816406,91.50114440917969,97.63347625732422,82.2983169555664,117.08999633789062
2014-09-22,163.59754943847656,90.65000915527344,96.26284790039062,82.39885711669922,116.8499984741211
2014-09-23,162.66102600097656,90.40290832519531,95.36331939697266,82.90875244140625,117.5999984741211
2014-09-24,163.9343719482422,91.37300109863281,96.22663879394531,82.4491195678711,117.05000305175781
2014-09-25,161.2892303466797,89.45110321044922,94.6031265258789,83.42581939697266,117.38999938964844
2014-09-26,162.57066345214844,90.40290832519531,95.45354461669922,83.3037109375,117.05999755859375
2014-09-29,162.27499389648438,90.28395080566406,95.376220703125,83.9715347290039,117.02999877929688
2014-09-30,161.8478240966797,90.41204071044922,93.9330825805664,83.49761962890625,116.20999908447266
2014-10-01,159.6544952392578,88.96604919433594,92.60160827636719,85.1167221069336,116.7699966430664
2014-10-02,159.67909240722656,88.96604919433594,93.48636627197266,84.37521362304688,116.73999786376953
2014-10-03,161.43711853027344,89.8446273803711,94.19078063964844,84.73513793945312,114.61000061035156
2014-10-06,161.24818420410156,89.6524429321289,93.38330841064453,84.78550720214844,116.02999877929688
2014-10-07,158.75904846191406,88.38032531738281,91.84567260742188,85.93025970458984,116.36000061035156
2014-10-08,161.53565979003906,90.10089874267578,93.6066665649414,85.95185089111328,117.47000122070312
2014-10-09,158.33189392089844,88.64572143554688,91.08114624023438,85.57748413085938,117.63999938964844
2014-10-10,156.52459716796875,86.43097686767578,89.97301483154297,86.4270248413086,117.58999633789062
2014-10-13,153.95335388183594,85.07648468017578,89.61225128173828,86.95249938964844,118.5199966430664
2014-10-14,154.19161987304688,85.08563232421875,90.66021728515625,87.52130126953125,118.58999633789062
2014-10-15,153.14837646484375,84.53651428222656,91.57079315185547,88.21241760253906,118.98999786376953
2014-10-16,153.01686096191406,84.00569152832031,92.60160827636719,87.65086364746094,119.22000122070312
2014-10-17,154.82415771484375,85.11308288574219,92.32674407958984,87.1612777709961,118.98999786376953
2014-10-20,156.3274383544922,86.38520812988281,93.4090805053711,87.47806549072266,119.80000305175781
2014-10-21,159.42445373535156,88.65486145019531,94.94668579101562,86.77975463867188,120.0199966430664
2014-10-22,158.2908477783203,88.19730377197266,93.58946228027344,86.8733139038086,119.33999633789062
2014-10-23,160.13088989257812,89.52432250976562,95.24736022949219,86.1030044555664,118.5199966430664
2014-10-24,161.36305236816406,90.2564926147461,95.41056823730469,86.18942260742188,118.3499984741211
2014-10-27,161.14138793945312,90.32054901123047,95.35903930664062,86.34781646728516,118.05999755859375
2014-10-28,162.98965454101562,91.6841812133789,98.0735092163086,85.80783081054688,118.0999984741211
2014-10-29,162.7432098388672,91.34553527832031,97.8415756225586,86.0022201538086,116.41000366210938
2014-10-30,163.78651428222656,91.53772735595703,98.67481994628906,86.07416534423828,115.19000244140625
2014-10-31,165.659423828125,92.80069732666016,100.12655639648438,85.85104370117188,112.66000366210938
2014-11-03,165.74984741210938,93.0752944946289,99.95475769042969,85.85103607177734,112.1500015258789
2014-11-04,165.17481994628906,92.76409912109375,99.49088287353516,86.11805725097656,112.22000122070312
2014-11-05,166.21810913085938,92.77327728271484,99.67131042480469,85.99537658691406,109.79000091552734
2014-11-06,166.88345336914062,93.06612396240234,100.1008071899414,85.43966674804688,109.87999725341797
2014-11-07,167.03952026367188,92.98377227783203,100.25543212890625,86.42115783691406,112.97000122070312
2014-11-10,167.56529235839844,93.31321716308594,100.75362396240234,85.62727355957031,110.45999908447266
2014-11-11,167.7296142578125,93.60609436035156,100.82235717773438,85.68502807617188,112.04000091552734
2014-11-12,167.5488739013672,93.77080535888672,101.27764129638672,85.61289978027344,111.5
2014-11-13,167.73782348632812,94.17351531982422,100.41862487792969,85.8149642944336,111.66999816894531
2014-11-14,167.7789306640625,94.46635437011719,100.23819732666016,86.23352813720703,114.47000122070312
2014-11-17,167.88565063476562,94.1826400756836,99.40497589111328,86.01701354980469,114.05000305175781
2014-11-18,168.85501098632812,94.88736724853516,99.98052215576172,86.25515747070312,115.05000305175781
2014-11-19,168.5839080810547,94.45720672607422,98.91536712646484,85.70673370361328,113.68000030517578
2014-11-20,168.879638671875,94.8781967163086,100.02349853515625,86.15415954589844,114.86000061035156
2014-11-21,169.78326416015625,95.0612564086914,100.14374542236328,86.67376708984375,115.38999938964844
2014-11-24,170.259765625,95.80255889892578,101.33773803710938,86.74592590332031,115.11000061035156
2014-11-25,170.13653564453125,95.94898223876953,101.41507720947266,87.46760559082031,115.37999725341797
2014-11-26,170.5719451904297,96.5713119506836,101.75008392333984,87.70577239990234,115.16000366210938
2014-11-28,170.21046447753906,97.019775390625,100.23819732666016,88.3985824584961,112.11000061035156
2014-12-01,169.02752685546875,95.9215087890625,98.67481994628906,87.88287353515625,116.58000183105469
2014-12-02,170.12005615234375,96.3059310913086,99.8602523803711,87.02935028076172,115.13999938964844
2014-12-03,170.7772674560547,96.47982025146484,100.82235717773438,87.36932373046875,116.33000183105469
2014-12-04,170.58834838867188,96.43401336669922,100.34132385253906,88.09981536865234,115.87999725341797
2014-12-05,170.8676300048828,96.44317626953125,101.09723663330078,87.58626556396484,114.43000030517578
2014-12-08,169.72579956054688,95.75679016113281,99.83453369140625,88.65678405761719,115.77999877929688
2014-12-09,169.61077880859375,96.05878448486328,101.50955200195312,89.11246490478516,118.19000244140625
2014-12-10,166.8916778564453,94.54874420166016,99.35343933105469,89.76342010498047,117.95999908447266
2014-12-11,167.73782348632812,94.99718475341797,99.74860382080078,90.13233184814453,117.69000244140625
2014-12-12,165.02694702148438,93.96302032470703,98.5373764038086,91.35478973388672,117.41000366210938
2014-12-15,163.89329528808594,92.99290466308594,97.54094696044922,91.16667175292969,114.38999938964844
2014-12-16,162.57894897460938,91.50114440917969,97.40347290039062,92.29508972167969,114.94999694824219
2014-12-17,165.76626586914062,93.16681671142578,100.41002655029297,91.46331024169922,114.2699966430664
2014-12-18,169.8654327392578,95.40901947021484,101.90471649169922,89.8358383178711,115.1500015258789
2014-12-19,170.58819580078125,95.82881927490234,102.13666534423828,91.0437240600586,114.7699966430664
2014-12-22,171.37290954589844,96.06767272949219,102.83244323730469,91.16667175292969,112.55000305175781
2014-12-23,171.60418701171875,95.727783203125,102.96129608154297,89.3583984375,112.73999786376953
2014-12-24,171.62071228027344,95.81044006347656,103.2587661743164,89.84477233886719,112.7699966430664
2014-12-26,172.1741485595703,96.490234375,103.93125915527344,90.17823791503906,114.83000183105469
2014-12-29,172.4053955078125,96.47183990478516,104.37101745605469,90.85233306884766,113.66999816894531
2014-12-30,171.4802703857422,95.82881927490234,103.75882720947266,91.09877014160156,115.19999694824219
2014-12-31,169.7786865234375,94.845947265625,103.13805389404297,91.272705078125,113.58000183105469
2015-01-02,169.68788146972656,94.56114196777344,102.54315185546875,92.28755187988281,114.08000183105469
2015-01-05,166.62335205078125,93.17405700683594,101.17218780517578,93.73721313476562,115.80000305175781
2015-01-06,165.0539093017578,91.92475128173828,99.42190551757812,95.42611694335938,117.12000274658203
2015-01-07,167.11065673828125,93.1097640991211,100.64627075195312,95.23767852783203,116.43000030517578
2015-01-08,170.07611083984375,94.89186096191406,102.35343933105469,93.97642517089844,115.94000244140625
2015-01-09,168.713134765625,94.26720428466797,101.37053680419922,95.00569152832031,117.26000213623047
2015-01-12,167.3915557861328,93.28428649902344,101.03424835205078,95.5493392944336,118.55999755859375
2015-01-13,166.92068481445312,93.25672912597656,101.1118392944336,95.5493392944336,118.16000366210938
2015-01-14,165.91293334960938,92.74230194091797,100.70659637451172,96.27420043945312,117.97000122070312
2015-01-15,164.39312744140625,91.53897094726562,99.00804138183594,97.78909301757812,120.94000244140625
2015-01-16,166.54898071289062,92.61370086669922,100.6203842163086,96.54236602783203,122.5199966430664
2015-01-20,166.9041748046875,93.34860229492188,100.19790649414062,97.82534790039062,124.19999694824219
2015-01-21,167.74673461914062,93.82626342773438,99.87891387939453,96.69459533691406,124.2300033569336
2015-01-22,170.2412872314453,95.56242370605469,101.91371154785156,96.34664154052734,125.2300033569336
2015-01-23,169.30787658691406,95.7737045288086,101.84473419189453,97.68765258789062,124.2300033569336
2015-01-26,169.70437622070312,95.66348266601562,102.82765197753906,97.39043426513672,122.98999786376953
2015-01-27,167.46583557128906,93.18323516845703,102.336181640625,97.54267120361328,124.4000015258789
2015-01-28,165.3182830810547,92.70557403564453,100.61175537109375,99.13738250732422,123.41999816894531
2015-01-29,166.84642028808594,93.59661102294922,101.99993133544922,98.4849624633789,120.76000213623047
2015-01-30,164.74827575683594,92.87091064453125,99.75816345214844,100.23184967041016,123.44999694824219
2015-02-02,166.78854370117188,93.67929077148438,100.672119140625,99.8533706665039,122.41999816894531
2015-02-03,169.2004852294922,94.5794906616211,102.47416687011719,97.73985290527344,121.05000305175781
2015-02-04,168.55616760253906,94.49683380126953,102.09477996826172,97.90689849853516,121.58000183105469
2015-02-05,170.25778198242188,95.31441497802734,103.41398620605469,96.83199310302734,121.79000091552734
2015-02-06,169.7869873046875,94.73567199707031,103.30187225341797,95.11791229248047,118.63999938964844
2015-02-09,169.02700805664062,94.43254852294922,102.48277282714844,94.96536254882812,119.16999816894531
2015-02-10,170.82774353027344,95.90232849121094,103.13805389404297,94.20999145507812,118.47000122070312
2015-02-11,170.92684936523438,96.2513656616211,102.99147033691406,94.38427734375,117.06999969482422
2015-02-12,172.5706329345703,97.37210845947266,104.16407012939453,94.07198333740234,117.33999633789062
2015-02-13,173.28099060058594,98.20801544189453,104.78486633300781,93.10601043701172,117.9800033569336
2015-02-17,173.5535888671875,98.29985809326172,105.11253356933594,91.7042236328125,116.01000213623047
2015-02-18,173.57012939453125,98.43766021728516,105.22462463378906,92.24890899658203,116.33999633789062
2015-02-19,173.4462127685547,98.92453002929688,105.23323822021484,91.63888549804688,115.94000244140625
2015-02-20,174.4870147705078,99.5859146118164,105.51774597167969,91.90758514404297,115.27999877929688
2015-02-23,174.4622344970703,99.68696594238281,105.6212158203125,92.96074676513672,115.43000030517578
2015-02-24,174.9578094482422,99.76042938232422,105.75917053222656,94.18093872070312,115.26000213623047
2015-02-25,174.80909729003906,99.51242065429688,105.87992095947266,94.5876693725586,115.69999694824219
2015-02-26,174.60260009765625,100.01764678955078,106.26789855957031,93.29485321044922,116.06999969482422
2015-02-27,174.0078887939453,99.57674407958984,105.69020080566406,94.07919311523438,116.16000366210938
2015-03-02,175.10650634765625,100.4769515991211,106.45758056640625,92.32685089111328,115.68000030517578
2015-03-03,174.3878173828125,100.00846862792969,105.82818603515625,91.99211120605469,115.47000122070312
2015-03-04,173.6527557373047,99.62266540527344,105.50052642822266,92.02122497558594,115.11000061035156
2015-03-05,173.84266662597656,99.79718017578125,105.81095886230469,91.90479278564453,115.0
2015-03-06,171.39768981933594,98.66732025146484,104.4744873046875,89.87447357177734,111.86000061035156
2015-03-09,172.1080780029297,98.95208740234375,104.93144989013672,90.70402526855469,111.97000122070312
2015-03-10,169.316162109375,97.11485290527344,103.72439575195312,91.89750671386719,111.41999816894531
2015-03-11,168.91966247558594,96.55450439453125,104.36239624023438,92.56702423095703,110.75
2015-03-12,171.06727600097656,97.18836212158203,106.095458984375,92.50155639648438,110.72000122070312
2015-03-13,170.0182342529297,96.76580047607422,105.71609497070312,92.21773529052734,110.87999725341797
2015-03-16,172.28976440429688,98.01508331298828,106.33686828613281,93.10552215576172,110.80999755859375
2015-03-17,171.7776641845703,98.17127990722656,106.62140655517578,93.87689971923828,110.20999908447266
2015-03-18,173.84266662597656,99.13580322265625,107.47502899169922,95.68895721435547,112.37000274658203
2015-03-19,173.0497589111328,99.28276062011719,107.68192291259766,95.20143127441406,112.29000091552734
2015-03-20,174.5771942138672,99.9254150390625,108.63035583496094,95.70349884033203,113.56999969482422
2015-03-23,174.23703002929688,99.73207092285156,108.53553771972656,95.58707427978516,114.29000091552734
2015-03-24,173.25799560546875,99.37300109863281,108.50965881347656,96.51131439208984,114.56999969482422
2015-03-25,170.71905517578125,97.09883880615234,105.9177017211914,95.6962661743164,114.7300033569336
2015-03-26,170.3125457763672,96.76737213134766,105.7879638671875,94.20442199707031,115.4800033569336
2015-03-27,170.70252990722656,97.15406799316406,106.46253967285156,95.37606811523438,115.05999755859375
2015-03-30,172.78501892089844,98.26812744140625,107.90682220458984,94.903076171875,113.75
2015-03-31,171.27499389648438,97.22771453857422,107.56090545654297,95.1068115234375,113.66000366210938
2015-04-01,170.6693115234375,96.72132873535156,107.60415649414062,96.35600280761719,115.5999984741211
2015-04-02,171.28329467773438,96.78579711914062,107.80308532714844,95.33500671386719,115.27999877929688
2015-04-06,172.43658447265625,97.57759094238281,108.27873229980469,94.80268859863281,116.69000244140625
2015-04-07,171.98025512695312,97.411865234375,107.58687591552734,95.59759521484375,116.11000061035156
2015-04-08,172.56101989746094,98.18528747558594,108.51225280761719,95.6267318725586,115.47000122070312
2015-04-09,173.32437133789062,98.80216217041016,108.12308502197266,94.38700103759766,114.66999816894531
2015-04-10,174.27024841308594,99.207275390625,108.6419677734375,94.5256118774414,115.97000122070312
2015-04-13,173.48199462890625,98.95867156982422,108.71115112304688,94.65682983398438,115.13999938964844
2015-04-14,173.8139190673828,98.67326354980469,108.68521881103516,95.32775115966797,114.44000244140625
2015-04-15,174.59376525878906,99.29014587402344,109.44629669189453,95.24749755859375,115.43000030517578
2015-04-16,174.54400634765625,99.15203094482422,109.3857421875,94.77356719970703,115.02999877929688
2015-04-17,172.53614807128906,97.60520935058594,107.61280059814453,95.86011505126953,115.5999984741211
2015-04-20,174.11257934570312,99.0691909790039,108.66790008544922,95.01417541503906,114.72000122070312
2015-04-21,173.90509033203125,99.49269104003906,108.55549621582031,94.58390045166016,115.37999725341797
2015-04-22,174.7596893310547,100.03592681884766,108.71978759765625,93.1399917602539,113.83000183105469
2015-04-23,175.19949340820312,100.41342163085938,109.21278381347656,93.54107666015625,114.66000366210938
2015-04-24,175.6060028076172,101.77609252929688,108.84955596923828,94.12450408935547,113.05000305175781
2015-04-27,174.87591552734375,101.51827239990234,107.64735412597656,94.12450408935547,115.33000183105469
2015-04-28,175.4317626953125,101.31572723388672,108.244140625,92.826416015625,116.33000183105469
2015-04-29,174.70997619628906,100.68041229248047,107.06795501708984,91.68878173828125,115.51000213623047
2015-04-30,172.95932006835938,99.09678649902344,104.80206298828125,91.84920501708984,113.47000122070312
2015-05-01,174.83438110351562,100.40422821044922,105.48528289794922,90.61280059814453,113.08000183105469
2015-05-04,175.3322296142578,100.56996154785156,105.86579895019531,89.75780487060547,114.0999984741211
2015-05-05,173.32437133789062,98.93107604980469,104.51665496826172,89.63359832763672,114.41999816894531
2015-05-06,172.6107940673828,98.24971771240234,104.8798828125,88.09906768798828,114.36000061035156
2015-05-07,173.2994384765625,98.8389892578125,105.27771759033203,89.2828598022461,113.41999816894531
2015-05-08,175.5811309814453,100.07274627685547,106.06471252441406,89.52398681640625,113.97000122070312
2015-05-11,174.74313354492188,99.68605041503906,106.12525939941406,87.34635162353516,113.52999877929688
2015-05-12,174.22044372558594,99.23490142822266,105.93498229980469,87.57289123535156,114.5
2015-05-13,174.25357055664062,99.43746948242188,105.93498229980469,86.87138366699219,116.55000305175781
2015-05-14,176.0706787109375,100.89219665527344,107.05931091308594,87.10517883300781,117.18000030517578
2015-05-15,176.26148986816406,100.89219665527344,106.9382095336914,88.85171508789062,117.52999877929688
2015-05-18,176.80911254882812,101.3341293334961,108.14900207519531,87.36094665527344,117.5199966430664
2015-05-19,176.7510223388672,101.22364807128906,108.00199127197266,86.58638000488281,115.88999938964844
2015-05-20,176.62657165527344,101.28810119628906,108.20089721679688,86.73250579833984,116.08000183105469
2015-05-21,177.1409912109375,101.81290435791016,108.07979583740234,87.94556427001953,115.69000244140625
2015-05-22,176.7178192138672,101.71163940429688,107.61280059814453,87.98212432861328,115.5999984741211
2015-05-26,174.8177947998047,100.54230499267578,106.58366394042969,89.48745727539062,113.91000366210938
2015-05-27,176.4772491455078,102.16275024414062,107.88953399658203,89.69208526611328,113.88999938964844
2015-05-28,176.278076171875,101.93258666992188,107.79442596435547,89.47283935546875,114.0199966430664
2015-05-29,175.182861328125,101.32492065429688,107.14579772949219,89.67008972167969,114.0999984741211
2015-06-01,175.53964233398438,101.66558837890625,107.48306274414062,88.70638275146484,114.0
2015-06-02,175.36538696289062,101.34334564208984,107.69063568115234,87.46881103515625,114.45999908447266
2015-06-03,175.830078125,101.64716339111328,108.76305389404297,86.06271362304688,113.63999938964844
2015-06-04,174.3448944091797,100.87378692626953,107.67332458496094,87.18317413330078,112.83999633789062
2015-06-05,174.0461883544922,100.6343765258789,108.45172119140625,86.1213150024414,112.23999786376953
2015-06-08,172.9759063720703,99.61239624023438,107.95008087158203,86.02607727050781,112.56999969482422
2015-06-09,172.95103454589844,99.44664764404297,107.6214599609375,85.34505462646484,112.81999969482422
2015-06-10,175.02525329589844,100.80929565429688,108.96195983886719,84.59809112548828,113.77999877929688
2015-06-11,175.58941650390625,100.95663452148438,109.23870849609375,86.37761688232422,113.26000213623047
2015-06-12,174.24533081054688,100.12799072265625,108.9100570678711,86.37761688232422,113.2300033569336
2015-06-15,173.4986114501953,99.63079071044922,108.56414794921875,86.51669311523438,113.7300033569336
2015-06-16,174.44444274902344,100.17403411865234,109.3338394165039,87.19783020019531,113.31999969482422
2015-06-17,174.72653198242188,100.45024108886719,109.1695556640625,86.52409362792969,113.8499984741211
2015-06-18,176.54354858398438,101.91417694091797,110.63114166259766,86.0993881225586,115.31999969482422
2015-06-19,175.75987243652344,101.41030883789062,110.5792236328125,87.20511627197266,115.12000274658203
2015-06-22,176.6602783203125,102.1578140258789,111.34028625488281,85.42560577392578,113.63999938964844
2015-06-23,176.78533935546875,102.24085998535156,111.57379913330078,84.9129638671875,112.88999938964844
2015-06-24,175.50146484375,101.71485137939453,110.63114166259766,85.64527893066406,112.58999633789062
2015-06-25,174.9678192138672,101.51183319091797,110.5705795288086,85.34505462646484,112.44000244140625
2015-06-26,174.9344940185547,100.8381576538086,110.26789093017578,84.38568115234375,112.55999755859375
2015-06-29,171.2660369873047,98.45726013183594,107.48306274414062,86.61925506591797,113.06999969482422
2015-06-30,171.62451171875,98.80792999267578,107.98469543457031,86.0187759399414,112.37000274658203
2015-07-01,173.0001983642578,99.59233093261719,108.30469512939453,84.85771179199219,111.9800033569336
2015-07-02,172.84182739257812,99.62002563476562,107.50479125976562,85.13661193847656,111.76000213623047
2015-07-06,172.34991455078125,99.38932800292969,107.47003936767578,86.71456909179688,112.05999755859375
2015-07-07,173.4337615966797,99.6384506225586,107.59161376953125,87.52921295166016,110.76000213623047
2015-07-08,170.5240020751953,97.90353393554688,105.95011138916016,88.28516387939453,111.08999633789062
2015-07-09,170.83250427246094,97.84818267822266,106.33229064941406,86.54574584960938,111.36000061035156
2015-07-10,172.98345947265625,99.34317016601562,107.80876159667969,85.17325592041016,111.48999786376953
2015-07-13,174.89279174804688,101.08733367919922,109.0246810913086,84.90902709960938,110.98999786376953
2015-07-14,175.65150451660156,101.75177001953125,109.63265228271484,85.1879653930664,110.73999786376953
2015-07-15,175.59312438964844,101.86250305175781,109.05072784423828,86.0906753540039,110.16000366210938
2015-07-16,177.00216674804688,103.30213928222656,109.70214080810547,86.68514251708984,109.76000213623047
2015-07-17,177.1521759033203,104.82478332519531,109.2244644165039,87.13290405273438,108.6500015258789
2015-07-20,177.2439422607422,105.18472290039062,108.63381958007812,86.76593017578125,105.69999694824219
2015-07-21,176.54356384277344,105.1201171875,108.12141418457031,87.23565673828125,105.37000274658203
2015-07-22,176.22674560546875,103.92964935302734,108.52093505859375,87.77873229980469,104.80000305175781
2015-07-23,175.23460388183594,103.54204559326172,107.32238006591797,88.872314453125,104.33000183105469
2015-07-24,173.41708374023438,102.52694702148438,105.59405517578125,89.09249114990234,105.3499984741211
2015-07-27,172.4082489013672,101.67794036865234,104.71684265136719,89.56959533691406,104.86000061035156
2015-07-28,174.5259552001953,102.55463409423828,105.6114273071289,88.91636657714844,105.0199966430664
2015-07-29,175.72654724121094,102.94222259521484,105.90672302246094,88.58606719970703,105.16999816894531
2015-07-30,175.7682342529297,103.43132781982422,106.210693359375,89.26866149902344,104.2699966430664
2015-07-31,175.50146484375,103.31134796142578,106.79261779785156,89.92921447753906,104.93000030517578
2015-08-03,174.90953063964844,102.98836517333984,106.2627944946289,90.8758544921875,104.0999984741211
2015-08-04,174.56765747070312,102.7945785522461,106.01091766357422,90.15499877929688,104.30999755859375
2015-08-05,175.1429443359375,103.58821868896484,106.25411224365234,89.4782943725586,103.93000030517578
2015-08-06,173.70889282226562,101.92711639404297,104.82106018066406,90.272705078125,104.38999938964844
2015-08-07,173.37539672851562,101.79789733886719,104.1175537109375,91.45691680908203,104.6500015258789
2015-08-10,175.55979919433594,102.96068572998047,105.31611633300781,90.32418823242188,105.72000122070312
2015-08-11,173.97569274902344,101.64102935791016,104.41285705566406,91.75843811035156,106.26000213623047
2015-08-12,174.1841278076172,101.9917221069336,104.21310424804688,91.2582778930664,107.75
2015-08-13,173.9673309326172,101.82559204101562,103.8656997680664,90.96406555175781,106.86000061035156
2015-08-14,174.60098266601562,101.98247528076172,104.53446197509766,91.17742156982422,106.8499984741211
2015-08-17,175.57644653320312,102.83147430419922,105.637451171875,91.58935546875,107.12999725341797
2015-08-18,175.06788635253906,102.30545806884766,104.7950210571289,90.86848449707031,107.11000061035156
2015-08-19,173.68392944335938,101.6318130493164,103.70936584472656,91.765869140625,108.55000305175781
2015-08-20,170.05711364746094,98.81715393066406,101.08647155761719,92.69261932373047,110.44000244140625
2015-08-21,164.93800354003906,94.49828338623047,99.90528106689453,92.97209167480469,111.12999725341797
2015-08-24,157.9929962158203,90.86233520507812,96.00564575195312,92.94269561767578,110.52999877929688
2015-08-25,156.13375854492188,90.52085876464844,95.26742553710938,91.44947814941406,109.16000366210938
2015-08-26,162.12826538085938,95.07965087890625,97.6905746459961,89.68424987792969,107.66999816894531
2015-08-27,166.13856506347656,97.48828887939453,99.4363021850586,89.7357177734375,107.7300033569336
2015-08-28,166.14686584472656,97.46979522705078,100.41769409179688,90.00053405761719,108.69999694824219
2015-08-31,164.8045654296875,96.26089477539062,100.05293273925781,89.30909729003906,108.81999969482422
2015-09-01,159.8855438232422,93.25244903564453,97.18684387207031,89.95264434814453,109.19999694824219
2015-09-02,162.92037963867188,95.8825454711914,98.93253326416016,89.17864227294922,108.62000274658203
2015-09-03,163.03709411621094,95.41189575195312,98.77619934082031,89.61357879638672,107.83999633789062
2015-09-04,160.56924438476562,94.2768325805664,98.029296875,90.43179321289062,107.48999786376953
2015-09-08,164.6044921875,96.93458557128906,100.27007293701172,89.09761810302734,107.5199966430664
2015-09-09,162.40347290039062,95.84564208984375,99.11492156982422,89.52510070800781,106.12999725341797
2015-09-10,163.28720092773438,96.88843536376953,99.56655883789062,88.9206314086914,106.37999725341797
2015-09-11,164.02923583984375,97.42365264892578,100.03553771972656,89.48091125488281,106.16000366210938
2015-09-14,163.42059326171875,97.12837219238281,99.57524871826172,89.6209487915039,106.22000122070312
2015-09-15,165.46324157714844,98.2726821899414,100.69563293457031,87.90339660644531,105.9000015258789
2015-09-16,166.897216796875,98.82638549804688,101.56414794921875,87.57170867919922,107.30999755859375
2015-09-17,166.52210998535156,98.86328125,101.91154479980469,88.64053344726562,108.41000366210938
2015-09-18,163.8008575439453,97.4571533203125,100.50453186035156,90.00428009033203,109.20999908447266
2015-09-21,164.64730834960938,97.76246643066406,100.32215881347656,88.537353515625,108.52999877929688
2015-09-22,162.51028442382812,96.30081939697266,98.80227661132812,89.76837158203125,107.79000091552734
2015-09-23,162.25042724609375,96.37483215332031,98.50697326660156,89.760986328125,108.22000122070312
2015-09-24,161.663818359375,96.0233154296875,98.34193420410156,90.37281799316406,110.48999786376953
2015-09-25,161.62191772460938,95.20922088623047,97.04764556884766,89.59144592285156,109.80999755859375
2015-09-28,157.5656280517578,92.49871826171875,94.3301010131836,91.1246337890625,108.41999816894531
2015-09-29,157.65785217285156,92.01773834228516,93.65940856933594,91.38267517089844,107.9800033569336
2015-09-30,160.5994415283203,94.13613891601562,95.11398315429688,91.06572723388672,106.86000061035156
2015-10-01,161.01849365234375,94.56166076660156,94.9485092163086,91.45426940917969,106.7300033569336
2015-10-02,163.42372131347656,96.2175521850586,96.35952758789062,92.0082778930664,108.98999786376953
2015-10-05,166.3318634033203,97.59593200683594,98.65898895263672,90.7599105834961,108.7699966430664
2015-10-06,165.76197814941406,97.13338470458984,97.9796142578125,91.15141296386719,109.86000061035156
2015-10-07,167.11964416503906,97.71617889404297,99.71292114257812,90.84856414794922,109.69999694824219
2015-10-08,168.62815856933594,98.10472106933594,100.61005401611328,90.08769226074219,109.13999938964844
2015-10-09,168.72869873046875,98.54878234863281,100.81039428710938,90.32411193847656,110.87000274658203
2015-10-12,168.887939453125,98.789306640625,100.66230773925781,91.01100158691406,111.30999755859375
2015-10-13,167.8235626220703,98.1509780883789,99.28614044189453,91.16619873046875,111.86000061035156
2015-10-14,167.0190887451172,97.99374389648438,98.31058502197266,91.96392822265625,113.80999755859375
2015-10-15,169.5835723876953,99.60334777832031,100.66230773925781,91.51337432861328,113.29000091552734
2015-10-16,170.35455322265625,100.01964569091797,100.53166198730469,91.54288482666016,112.48999786376953
2015-10-19,170.43836975097656,100.59319305419922,100.72328186035156,91.291748046875,112.0199966430664
2015-10-20,170.220458984375,100.07514190673828,100.58393096923828,90.73037719726562,112.7300033569336
2015-10-21,169.16456604003906,99.464599609375,99.05093383789062,91.63155364990234,111.7300033569336
2015-10-22,172.02235412597656,101.49053192138672,99.92195129394531,91.78662109375,111.69000244140625
2015-10-23,173.90797424316406,104.33052825927734,100.90621948242188,91.00370025634766,111.5
2015-10-26,173.4806365966797,104.39529418945312,100.21809387207031,91.60938262939453,111.43000030517578
2015-10-27,173.1453399658203,104.6080551147461,99.12063598632812,91.8383560180664,111.68000030517578
2015-10-28,175.1148681640625,105.47762298583984,102.01240539550781,91.46903228759766,110.77999877929688
2015-10-29,175.01425170898438,105.31110382080078,100.92359161376953,90.0138931274414,109.72000122070312
2015-10-30,174.2599639892578,104.83930206298828,100.46195983886719,90.69345092773438,109.30000305175781
2015-11-02,176.32171630859375,106.02340698242188,102.5523910522461,90.27665710449219,108.58999633789062
2015-11-03,176.8328094482422,106.39344024658203,103.08369445800781,89.53636169433594,106.9800033569336
2015-11-04,176.29652404785156,106.40270233154297,103.03144836425781,89.64002990722656,105.97000122070312
2015-11-05,176.1204833984375,106.11591339111328,103.10981750488281,89.40313720703125,105.63999938964844
2015-11-06,176.02835083007812,106.1899185180664,103.84149169921875,88.09284210205078,104.0999984741211
2015-11-09,174.38571166992188,105.06134796142578,102.62207794189453,87.5968246459961,104.4000015258789
2015-11-10,174.7879638671875,104.79307556152344,102.92694091796875,87.85594940185547,104.18000030517578
2015-11-11,174.10076904296875,104.6635513305664,102.02980041503906,87.67088317871094,103.83000183105469
2015-11-12,171.6703643798828,103.64595794677734,100.07872772216797,88.09284210205078,103.8499984741211
2015-11-13,169.7427978515625,101.61078643798828,99.3558120727539,88.59622192382812,103.55999755859375
2015-11-16,172.32398986816406,103.07240295410156,100.20938110351562,88.5147705078125,103.70999908447266
2015-11-17,172.1983184814453,103.13715362548828,99.82614135742188,88.6628646850586,102.33999633789062
2015-11-18,174.9304962158203,105.11681365966797,101.51590728759766,88.84793090820312,102.43000030517578
2015-11-19,174.7796173095703,105.19084167480469,101.08910369873047,89.44017791748047,103.55999755859375
2015-11-20,175.4165496826172,105.90313720703125,101.74236297607422,89.166259765625,103.08999633789062
2015-11-23,175.21542358398438,105.59785461425781,102.2475357055664,89.44017791748047,102.26000213623047
2015-11-24,175.45004272460938,105.50537109375,102.99662780761719,89.4327163696289,102.94000244140625
2015-11-25,175.42489624023438,105.59785461425781,103.79792785644531,89.64002990722656,102.45999908447266
2015-11-27,175.62603759765625,105.74588775634766,104.18987274169922,89.55119323730469,101.25
2015-11-30,174.89694213867188,105.47762298583984,103.7369613647461,89.90656280517578,101.91999816894531
2015-12-01,176.56468200683594,106.5322036743164,104.42506408691406,91.12091827392578,102.27999877929688
2015-12-02,174.7628173828125,105.87539672851562,103.30146789550781,91.15058898925781,100.69000244140625
2015-12-03,172.315673828125,104.08074188232422,101.5594482421875,88.6728515625,101.76000213623047
2015-12-04,175.67636108398438,106.51371765136719,102.58723449707031,89.45176696777344,104.0199966430664
2015-12-07,174.61196899414062,106.03266906738281,101.04554748535156,90.31976318359375,102.66999816894531
2015-12-08,173.4386444091797,106.04193878173828,100.48811340332031,90.36424255371094,102.83999633789062
2015-12-09,172.08938598632812,104.43228912353516,99.364501953125,90.26783752441406,102.63999938964844
2015-12-10,172.5335693359375,104.90408325195312,99.69548034667969,90.38648986816406,102.55000305175781
2015-12-11,169.18963623046875,102.48963928222656,97.47441864013672,91.81085205078125,103.11000061035156
2015-12-14,170.04449462890625,103.26667022705078,96.77763366699219,90.62387084960938,101.79000091552734
2015-12-15,171.82955932617188,103.89572143554688,98.17123413085938,90.08972930908203,101.5199966430664
2015-12-16,174.34381103515625,105.44064331054688,99.6693344116211,89.89686584472656,102.75
2015-12-17,171.68711853027344,103.90499114990234,98.60672760009766,90.91319274902344,100.5
2015-12-18,168.62847900390625,101.9118423461914,97.09989166259766,91.41771697998047,102.04000091552734
2015-12-21,170.01953125,103.04388427734375,97.83155822753906,91.39541625976562,103.1500015258789
2015-12-22,171.56236267089844,103.72126770019531,98.7286605834961,90.73514556884766,102.61000061035156
2015-12-23,173.68685913085938,104.49142456054688,99.97421264648438,90.05261993408203,102.30999755859375
2015-12-24,173.400146484375,104.47285461425781,100.16316986083984,90.56856536865234,103.05000305175781
2015-12-28,173.00401306152344,104.41719055175781,99.69953155517578,90.83621978759766,102.2699966430664
2015-12-29,174.85028076171875,106.05958557128906,100.77549743652344,89.32710266113281,102.19999694824219
2015-12-30,173.6109619140625,105.10384368896484,99.7607650756836,89.23786926269531,101.41999816894531
2015-12-31,171.87428283691406,103.7955093383789,98.5185546875,89.63931274414062,101.45999908447266
2016-01-04,169.4716033935547,101.60559844970703,96.23538970947266,90.28609466552734,102.88999938964844
2016-01-05,169.75820922851562,101.42932891845703,96.4453125,89.92184448242188,103.18000030517578
2016-01-06,167.6167755126953,100.45503234863281,94.97569274902344,91.1336441040039,104.66999816894531
2016-01-07,163.595458984375,97.30941772460938,92.43878173828125,91.29708099365234,106.1500015258789
2016-01-08,161.7997283935547,96.51142883300781,90.84671020507812,91.70598602294922,105.68000030517578
2016-01-11,161.95989990234375,96.8083724975586,90.45304870605469,90.70240020751953,104.73999786376953
2016-01-12,163.26663208007812,97.9311294555664,90.72421264648438,92.0107421875,104.20999908447266
2016-01-13,159.19471740722656,94.55355834960938,87.81114959716797,92.91767120361328,104.72000122070312
2016-01-14,161.8081512451172,96.56710052490234,89.02710723876953,92.04794311523438,103.0199966430664
2016-01-15,158.334716796875,93.56998443603516,87.58369445800781,93.48268127441406,104.08000183105469
2016-01-19,158.54554748535156,93.77409362792969,86.40276336669922,93.19277954101562,103.9800033569336
2016-01-20,156.5137481689453,93.4864501953125,86.76141357421875,94.1740951538086,105.37000274658203
2016-01-21,157.3905487060547,93.5792465209961,86.56022644042969,93.53472900390625,105.48999786376953
2016-01-22,160.6194610595703,96.28871154785156,88.6772232055664,93.17791748046875,105.0
2016-01-25,158.19139099121094,94.8597412109375,86.7089614868164,93.68347930908203,106.08000183105469
2016-01-26,160.34967041015625,95.71344757080078,88.44100189208984,93.72804260253906,107.29000091552734
2016-01-27,158.60458374023438,93.32872009277344,87.22506713867188,93.70573425292969,107.69000244140625
2016-01-28,159.4307403564453,94.64637756347656,87.20755767822266,93.83956909179688,106.54000091552734
2016-01-29,163.31723022460938,96.62276458740234,90.0681381225586,94.635009765625,106.94999694824219
2016-02-01,163.25823974609375,96.88258361816406,89.65696716308594,94.34526062011719,108.05000305175781
2016-02-02,160.31594848632812,94.78550720214844,87.72369384765625,96.09555053710938,108.08999633789062
2016-02-03,161.27700805664062,94.33087921142578,87.8374252319336,95.2986068725586,109.25
2016-02-04,161.5299835205078,94.32157135009766,88.1785659790039,95.76033782958984,110.56999969482422
2016-02-05,158.4528045654297,91.04605865478516,85.7641830444336,95.87210845947266,112.31999969482422
2016-02-08,156.31983947753906,89.65420532226562,84.35577392578125,97.9352798461914,113.83000183105469
2016-02-09,156.3282928466797,89.37584686279297,83.78713989257812,98.03955078125,113.58000183105469
2016-02-10,156.193359375,89.71917724609375,83.83086395263672,98.9034652709961,114.45999908447266
2016-02-11,154.16165161132812,89.5892562866211,82.92108917236328,99.59617614746094,119.05999755859375
2016-02-12,157.33995056152344,90.95327758789062,84.49571990966797,97.94271850585938,118.36000061035156
2016-02-16,159.99557495117188,93.00395202636719,86.49898529052734,96.90739440917969,114.7699966430664
2016-02-17,162.60902404785156,95.11029815673828,87.8548812866211,96.31155395507812,115.4800033569336
2016-02-18,161.9429931640625,94.02464294433594,87.43500518798828,97.49584197998047,118.29000091552734
2016-02-19,161.86717224121094,94.30301666259766,87.87239837646484,97.5777359008789,117.58000183105469
2016-02-22,164.21083068847656,95.83403015136719,88.85213470458984,97.52558135986328,115.48999786376953
2016-02-23,162.13694763183594,94.25663757324219,88.03861236572266,97.9203872680664,117.22000122070312
2016-02-24,162.87881469726562,95.15668487548828,88.88716125488281,97.72673034667969,117.61000061035156
2016-02-25,164.8516082763672,96.0938949584961,89.70071411132812,98.07672119140625,117.91999816894531
2016-02-26,164.47219848632812,95.97325897216797,90.26930236816406,97.13088989257812,117.11000061035156
2016-02-29,163.1823272705078,95.11029815673828,89.86693572998047,97.55535888671875,118.63999938964844
2016-03-01,167.01824951171875,98.1631088256836,91.80020904541016,95.83760070800781,117.7699966430664
2016-03-02,167.7686004638672,98.20022583007812,92.74494934082031,96.23311614990234,118.68000030517578
2016-03-03,168.42616271972656,98.01463317871094,93.71602630615234,96.58383178710938,120.7300033569336
2016-03-04,168.97412109375,98.0517807006836,94.23208618164062,95.96444702148438,120.54000091552734
2016-03-07,169.10903930664062,97.44862365722656,95.25560760498047,95.93463897705078,121.13999938964844
2016-03-08,167.2626953125,96.64132690429688,92.95492553710938,96.99423217773438,120.58000183105469
2016-03-09,168.0889434814453,97.26303100585938,93.42730712890625,96.40470123291016,119.58000183105469
2016-03-10,168.22384643554688,97.11457061767578,92.6662368774414,96.00924682617188,121.5
2016-03-11,170.93846130371094,98.81263732910156,94.6520004272461,95.03915405273438,119.41000366210938
2016-03-14,170.71925354003906,98.97966766357422,94.40706634521484,95.33761596679688,117.87000274658203
2016-03-15,170.44102478027344,98.94254302978516,92.93742370605469,95.42716979980469,117.95999908447266
2016-03-16,171.42739868164062,99.82405090332031,93.593505859375,95.71073913574219,120.58999633789062
2016-03-17,172.51499938964844,99.76837158203125,95.02816772460938,96.10623168945312,120.12999725341797
2016-03-18,173.1929473876953,99.92473602294922,95.8854751586914,96.3077163696289,119.80000305175781
2016-03-21,173.4386444091797,100.31559753417969,95.65798950195312,95.5689926147461,118.95999908447266
2016-03-22,173.345458984375,100.62273406982422,95.54429626464844,95.54657745361328,119.30999755859375
2016-03-23,172.20143127441406,99.79443359375,93.7780532836914,96.62858581542969,116.61000061035156
2016-03-24,172.1251983642578,99.82237243652344,94.05883026123047,96.6658935546875,116.33000183105469
2016-03-28,172.2268829345703,99.6827392578125,94.17292022705078,96.79275512695312,116.5999984741211
2016-03-29,173.8199920654297,101.28350067138672,96.7875747680664,97.8076400756836,118.76000213623047
2016-03-30,174.5826416015625,101.77674102783203,96.79637145996094,96.77784729003906,117.0999984741211
2016-03-31,174.158935546875,101.62781524658203,97.0683822631836,97.46431732177734,117.63999938964844
2016-04-01,175.34532165527344,102.7073974609375,97.498291015625,97.71855163574219,116.93000030517578
2016-04-04,174.77757263183594,102.31652069091797,96.68228149414062,97.77839660644531,116.1500015258789
2016-04-05,173.03192138671875,101.33003234863281,95.58551025390625,98.84769439697266,117.66000366210938
2016-04-06,174.92160034179688,102.99591827392578,96.66474914550781,98.12987518310547,116.94000244140625
2016-04-07,172.82852172851562,101.51615905761719,95.35739135742188,99.34124755859375,118.61000061035156
2016-04-08,173.2946319580078,101.44172668457031,95.73468017578125,98.71309661865234,118.43000030517578
2016-04-11,172.8878173828125,101.06941223144531,95.43634796142578,98.58602142333984,120.02999877929688
2016-04-12,174.49789428710938,101.91635131835938,96.46295928955078,97.905517578125,120.05000305175781
2016-04-13,176.2605743408203,103.2192611694336,98.54241180419922,98.24951934814453,118.7699966430664
2016-04-14,176.26902770996094,103.22856903076172,98.41958618164062,97.77839660644531,117.11000061035156
2016-04-15,176.0740966796875,102.96798706054688,98.6652603149414,98.6159439086914,117.91999816894531
2016-04-18,177.3113250732422,103.5170669555664,99.41104888916016,98.18970489501953,117.73999786376953
2016-04-19,177.87057495117188,102.88420867919922,99.49002075195312,97.88311767578125,119.58000183105469
2016-04-20,178.04010009765625,102.96798706054688,99.63916015625,96.80632781982422,118.97000122070312
2016-04-21,177.08253479003906,102.97730255126953,99.13904571533203,96.23052215576172,119.41999816894531
2016-04-22,177.08253479003906,101.4230728149414,100.12176513671875,95.98377227783203,117.88999938964844
2016-04-25,176.77745056152344,101.4230728149414,99.41104888916016,95.58746337890625,118.2300033569336
2016-04-26,177.0401611328125,100.9298324584961,100.38499450683594,95.15373992919922,118.69999694824219
2016-04-27,177.40452575683594,100.12017059326172,100.7359390258789,96.10340118408203,119.04000091552734
2016-04-28,175.79446411132812,98.91033172607422,99.58655548095703,96.49977111816406,121.29000091552734
2016-04-29,174.84535217285156,98.38915252685547,98.69158172607422,96.74650573730469,123.6500015258789
2016-05-02,176.23507690429688,99.3198013305664,99.56898498535156,95.77239990234375,123.23999786376953
2016-05-03,174.7012939453125,98.39846801757812,97.93701934814453,96.9787826538086,122.95999908447266
2016-05-04,173.72674560546875,97.76559448242188,97.12976837158203,97.51078796386719,122.20999908447266
2016-05-05,173.69284057617188,97.73768615722656,96.74372100830078,98.16259002685547,122.06999969482422
2016-05-06,174.32843017578125,98.25882720947266,97.31405639648438,97.74304962158203,123.18000030517578
2016-05-09,174.47250366210938,98.53804016113281,97.5948257446289,98.05026245117188,120.6500015258789
2016-05-10,176.6417999267578,99.88751220703125,98.57750701904297,98.05773162841797,120.9800033569336
2016-05-11,174.98934936523438,98.98477935791016,97.35789489746094,98.61217498779297,122.12000274658203
2016-05-12,175.0403289794922,98.54737091064453,96.8402328491211,98.16259002685547,121.16000366210938
2016-05-13,173.51490783691406,98.1844253540039,96.19969940185547,99.11420440673828,121.70999908447266
2016-05-16,175.22666931152344,99.4128646850586,97.41934204101562,98.26004791259766,121.80000305175781
2016-05-17,173.5911865234375,98.16577911376953,95.87507629394531,98.42485809326172,122.22000122070312
2016-05-18,173.64202880859375,98.51947021484375,96.37520599365234,97.02375030517578,120.0999984741211
2016-05-19,173.04037475585938,98.007568359375,95.60308074951172,97.4433364868164,119.87000274658203
2016-05-20,174.1335906982422,99.08716583251953,97.2087173461914,97.51824188232422,119.70999908447266
2016-05-23,173.8962860107422,98.95686340332031,97.09469604492188,97.73553466796875,119.37000274658203
2016-05-24,176.15036010742188,100.93914794921875,99.0951919555664,97.30091857910156,117.30000305175781
2016-05-25,177.3451690673828,101.6650619506836,99.67426300048828,96.9338150024414,116.9800033569336
2016-05-26,177.39605712890625,101.9628677368164,99.56021881103516,97.43582916259766,116.58000183105469
2016-05-27,178.15879821777344,102.49336242675781,100.55168914794922,97.29345703125,115.62000274658203
2016-05-31,177.8197479248047,102.68875122070312,100.90264892578125,97.52572631835938,116.05999755859375
2016-06-01,178.18411254882812,102.6980972290039,101.58704376220703,97.92143249511719,115.94000244140625
2016-06-02,178.72645568847656,102.9121322631836,102.3679428100586,98.62718200683594,115.66999816894531
2016-06-03,178.19259643554688,102.42822265625,101.75373840332031,100.03123474121094,118.87999725341797
2016-06-06,179.09933471679688,102.80045318603516,102.85054016113281,99.28790283203125,118.91999816894531
2016-06-07,179.37896728515625,102.53986358642578,103.14885711669922,99.52814483642578,118.81999969482422
2016-06-08,179.96368408203125,102.71671295166016,103.91219329833984,100.06124114990234,120.58000183105469
2016-06-09,179.7179412841797,102.54918670654297,103.24535369873047,100.70692443847656,121.25
2016-06-10,178.01466369628906,101.38587188720703,101.84149169921875,101.1949462890625,121.73999786376953
2016-06-13,176.6417999267578,100.5389633178711,100.7359390258789,101.6454849243164,122.63999938964844
2016-06-14,176.29441833496094,100.5389633178711,100.4464111328125,101.57036590576172,122.7699966430664
2016-06-15,176.0487060546875,100.25048065185547,100.51658630371094,101.9608154296875,123.68000030517578
2016-06-16,176.57406616210938,100.54826354980469,100.50782012939453,102.4563217163086,122.37999725341797
2016-06-17,175.91648864746094,99.3697280883789,100.0779037475586,101.8181381225586,123.94999694824219
2016-06-20,177.04940795898438,99.99491119384766,101.16587829589844,100.72944641113281,123.20999908447266
2016-06-21,177.55197143554688,100.31217956542969,100.97283935546875,100.26395416259766,120.83999633789062
2016-06-22,177.2623291015625,100.06957244873047,100.57803344726562,100.42914581298828,120.9000015258789
2016-06-23,179.5707550048828,101.49726104736328,102.49955749511719,99.2803726196289,120.11000061035156
2016-06-24,173.12252807617188,97.31681060791016,98.60380554199219,101.94581604003906,126.0
2016-06-27,170.02191162109375,95.38522338867188,95.36618041992188,104.4910659790039,126.68000030517578
2016-06-28,173.08843994140625,97.47545623779297,96.8402328491211,104.70880889892578,125.31999969482422
2016-06-29,176.0357666015625,99.20175170898438,99.04251861572266,103.90538787841797,125.83999633789062
2016-06-30,178.43777465820312,100.34950256347656,100.88510131835938,104.2883529663086,126.47000122070312
2016-07-01,178.81263732910156,100.8534164428711,101.24486541748047,105.73637390136719,128.41000366210938
2016-07-05,177.52642822265625,100.2375259399414,99.75325012207031,107.06018829345703,129.47000122070312
2016-07-06,178.5911407470703,101.05868530273438,100.47755432128906,107.23316955566406,130.22999572753906
2016-07-07,178.48040771484375,101.35730743408203,100.6893081665039,107.22567749023438,129.74000549316406
2016-07-08,181.13807678222656,102.92500305175781,103.03604125976562,108.01551818847656,130.52000427246094
2016-07-11,181.77694702148438,103.51284790039062,104.22705078125,107.06773376464844,129.2899932861328
2016-07-12,183.09727478027344,104.03539276123047,105.62100982666016,105.30755615234375,127.1500015258789
2016-07-13,183.0717315673828,103.783447265625,105.20635986328125,106.54864501953125,128.32000732421875
2016-07-14,184.09384155273438,104.4926528930664,105.31221008300781,104.99919128417969,127.33000183105469
2016-07-15,183.84686279296875,104.32464599609375,105.60333251953125,104.09648132324219,126.83999633789062
2016-07-18,184.34092712402344,105.01520538330078,105.77977752685547,103.9987564086914,127.04000091552734
2016-07-19,184.1534881591797,104.63259887695312,105.25047302246094,104.58546447753906,127.20999908447266
2016-07-20,184.92015075683594,105.8550033569336,105.93859100341797,104.01377868652344,125.38999938964844
2016-07-21,184.2216796875,105.61241149902344,105.43570709228516,104.22441101074219,127.30000305175781
2016-07-22,185.04791259765625,106.05095672607422,106.22090148925781,104.40496826171875,126.3499984741211
2016-07-25,184.54534912109375,106.06031036376953,106.06208801269531,104.32970428466797,125.47000122070312
2016-07-26,184.6305389404297,106.18161010742188,106.57379150390625,104.49520874023438,126.0
2016-07-27,184.4346466064453,106.91879272460938,106.873779296875,105.7965087890625,128.02999877929688
2016-07-28,184.64755249023438,107.29204559326172,106.60026550292969,105.60087585449219,127.66000366210938
2016-07-29,184.94564819335938,107.52535247802734,106.81201171875,106.48101043701172,128.97999572753906
2016-08-01,184.7924041748047,108.09455871582031,106.90020751953125,105.32656860351562,129.22000122070312
2016-08-02,183.60836791992188,107.27339935302734,105.40924072265625,104.24136352539062,130.27000427246094
2016-08-03,184.1449737548828,107.62799835205078,106.2649917602539,104.30165100097656,129.64999389648438
2016-08-04,184.34092712402344,107.9358901977539,106.36206817626953,105.08540344238281,129.8699951171875
2016-08-05,185.84860229492188,108.97167205810547,107.89713287353516,103.99270629882812,127.55000305175781
2016-08-08,185.73788452148438,108.85037231445312,107.84424591064453,104.18865966796875,127.44000244140625
2016-08-09,185.84860229492188,109.10230255126953,107.95890808105469,105.21348571777344,127.95999908447266
2016-08-10,185.38861083984375,108.8223648071289,107.18254089355469,105.62030792236328,128.55999755859375
2016-08-11,186.2489776611328,109.28897094726562,107.69422912597656,104.67845916748047,127.66999816894531
2016-08-12,186.0871124267578,109.36360168457031,107.80011749267578,105.56017303466797,127.4000015258789
2016-08-15,186.62371826171875,109.8301773071289,108.86761474609375,104.56537628173828,127.83999633789062
2016-08-16,185.6612091064453,109.22364807128906,107.98536682128906,104.28652954101562,128.47000122070312
2016-08-17,186.0104217529297,109.41959381103516,107.66776275634766,104.91206359863281,128.5
2016-08-18,186.4278564453125,109.44760131835938,108.46180725097656,105.077880859375,129.11000061035156
2016-08-19,186.15528869628906,109.41959381103516,108.46180725097656,104.52776336669922,127.97000122070312
2016-08-22,186.14675903320312,109.50357055664062,108.70879364013672,105.40943908691406,127.77999877929688
2016-08-23,186.5215301513672,109.69953918457031,109.4675064086914,105.52244567871094,127.76000213623047
2016-08-24,185.5675048828125,108.99036407470703,108.57646179199219,105.27377319335938,126.33999633789062
2016-08-25,185.4397430419922,108.81307983398438,108.78821563720703,104.8743667602539,126.2300033569336
2016-08-26,185.0904998779297,108.97167205810547,108.5676498413086,104.26397705078125,126.05000305175781
2016-08-29,186.00192260742188,109.1209945678711,109.13227844238281,105.65808868408203,126.30000305175781
2016-08-30,185.69528198242188,108.76640319824219,109.33516693115234,105.25114440917969,125.02999877929688
2016-08-31,185.1671142578125,108.6544189453125,108.7176284790039,105.40186309814453,124.77999877929688
2016-09-01,185.17567443847656,108.93437194824219,108.79702758789062,105.51817321777344,125.29000091552734
2016-09-02,186.0104217529297,109.28897094726562,109.8469009399414,104.65750885009766,126.56999969482422
2016-09-06,186.5726318359375,109.97015380859375,109.95275115966797,105.41999816894531,128.7100067138672
2016-09-07,186.55560302734375,110.03545379638672,110.64090728759766,105.3444595336914,128.27000427246094
2016-09-08,186.1297149658203,109.39160919189453,110.42032623291016,104.02338409423828,127.58999633789062
2016-09-09,181.67471313476562,106.63885498046875,106.97077941894531,102.30963897705078,126.75
2016-09-12,184.28128051757812,108.5517807006836,108.46180725097656,102.36251831054688,126.58999633789062
2016-09-13,181.63209533691406,107.5813217163086,106.37970733642578,101.19988250732422,125.75
2016-09-14,181.56399536132812,108.09455871582031,106.39735412597656,101.35086822509766,126.18000030517578
2016-09-15,183.37835693359375,109.77418518066406,107.66776275634766,100.91299438476562,125.37000274658203
2016-09-16,182.6694793701172,109.72181701660156,107.50897216796875,101.72834014892578,125.05999755859375
2016-09-19,182.70376586914062,109.24471282958984,108.22358703613281,101.39616394042969,125.31999969482422
2016-09-20,182.71224975585938,109.45055389404297,107.76482391357422,101.75102996826172,125.44000244140625
2016-09-21,184.76699829101562,110.52629852294922,109.32638549804688,102.57384490966797,127.2699966430664
2016-09-22,185.9312744140625,111.40563201904297,110.896728515625,103.38920593261719,127.56999969482422
2016-09-23,184.9125213623047,110.6947021484375,110.1115493774414,103.29104614257812,127.6500015258789
2016-09-26,183.41433715820312,109.76858520507812,109.01809692382812,103.94788360595703,127.55000305175781
2016-09-27,184.55291748046875,110.85372924804688,109.46044921875,104.71028900146484,126.62000274658203
2016-09-28,185.46897888183594,111.04083251953125,110.3009033203125,104.48387145996094,126.22000122070312
2016-09-29,183.79095458984375,110.23632049560547,108.69075775146484,104.74811553955078,126.06999969482422
2016-09-30,185.1779327392578,111.0595474243164,109.88506317138672,103.81192016601562,125.63999938964844
2016-10-03,184.73272705078125,110.90050506591797,109.54004669189453,103.46936798095703,125.31999969482422
2016-10-04,183.79095458984375,110.73210906982422,109.00041198730469,102.25927734375,120.97000122070312
2016-10-05,184.60430908203125,111.125,109.6550521850586,101.78285217285156,120.77999877929688
2016-10-06,184.73272705078125,111.06890106201172,109.54004669189453,101.21564483642578,119.66000366210938
2016-10-07,184.09913635253906,110.82566833496094,108.66419219970703,101.28364562988281,119.73999786376953
2016-10-10,185.05807495117188,111.52730560302734,109.96469116210938,100.6861801147461,120.16000366210938
2016-10-11,182.7207794189453,109.93695068359375,107.95647430419922,100.4592514038086,119.55000305175781
2016-10-12,182.96055603027344,109.84341430664062,107.86800384521484,100.55763244628906,119.73999786376953
2016-10-13,182.36129760742188,109.45055389404297,106.97451782226562,100.93576049804688,120.02999877929688
2016-10-14,182.45545959472656,109.58148956298828,106.54103088378906,99.52147674560547,119.36000061035156
2016-10-17,181.82192993164062,109.28211975097656,106.41718292236328,100.15678405761719,119.68000030517578
2016-10-18,182.96055603027344,110.25504302978516,107.02759552001953,100.48202514648438,120.41999816894531
2016-10-19,183.44857788085938,110.24566650390625,107.4787826538086,100.56521606445312,121.11000061035156
2016-10-20,183.10606384277344,110.11466979980469,107.16028594970703,100.67105865478516,120.73999786376953
2016-10-21,183.19166564941406,110.52629852294922,107.10721588134766,100.82234191894531,120.83000183105469
2016-10-24,183.97079467773438,111.85469055175781,107.78839111328125,100.38370513916016,120.55999755859375
2016-10-25,183.35438537597656,111.49922180175781,106.98335266113281,100.64840698242188,121.47000122070312
2016-10-26,182.98626708984375,110.74146270751953,105.9217529296875,99.96766662597656,120.79000091552734
2016-10-27,182.498291015625,110.23632049560547,104.70975494384766,98.8786392211914,121.01000213623047
2016-10-28,181.95889282226562,109.54403686523438,104.41780090332031,98.65931701660156,121.58000183105469
2016-10-31,181.96746826171875,109.44114685058594,104.83360290527344,99.26432037353516,121.94000244140625
2016-11-01,180.6490478515625,108.61791229248047,103.55082702636719,99.27192687988281,122.7300033569336
2016-11-02,179.56173706054688,107.74795532226562,102.232666015625,99.70389556884766,123.63999938964844
2016-11-03,178.73988342285156,106.69084167480469,101.73725891113281,98.93850708007812,124.30000305175781
2016-11-04,178.5430145263672,106.31666564941406,102.39190673828125,99.82506561279297,124.38999938964844
2016-11-07,182.48118591308594,108.84244537353516,104.89554595947266,98.97639465332031,122.1500015258789
2016-11-08,183.302978515625,109.55340576171875,105.16975402832031,98.57479095458984,121.63999938964844
2016-11-09,185.24636840820312,110.0585708618164,108.40768432617188,94.39208221435547,121.55999755859375
2016-11-10,185.70872497558594,108.2811508178711,110.1416244506836,92.99777221679688,119.75
2016-11-11,185.28065490722656,108.32795715332031,112.67181396484375,92.47500610351562,117.0999984741211
2016-11-14,185.42620849609375,107.23344421386719,114.25536346435547,91.92181396484375,116.11000061035156
2016-11-15,186.87303161621094,108.72084045410156,114.60921478271484,92.37646484375,117.12000274658203
2016-11-16,186.52198791503906,109.3663101196289,114.60035705566406,93.20999908447266,116.7699966430664
2016-11-17,187.48086547851562,110.16149139404297,115.27271270751953,91.83843994140625,116.16999816894531
2016-11-18,187.06137084960938,109.7498779296875,115.88318634033203,91.57325744628906,115.1500015258789
2016-11-21,188.47396850585938,110.89116668701172,116.42281341552734,91.80055236816406,115.58000183105469
2016-11-22,188.8420867919922,111.22792053222656,117.48444366455078,91.77030181884766,115.54000091552734
2016-11-23,188.94479370117188,110.77889251708984,118.21870422363281,91.41413879394531,113.25
2016-11-25,189.64682006835938,111.13438415527344,118.6079330444336,91.55050659179688,112.61000061035156
2016-11-28,188.7564697265625,110.88179016113281,117.06861114501953,92.22490692138672,113.80000305175781
2016-11-29,189.12461853027344,111.26534271240234,117.00667572021484,92.61134338378906,113.2699966430664
2016-11-30,188.6708526611328,109.91824340820312,116.43165588378906,91.11101531982422,111.75
2016-12-01,187.97740173339844,108.01924133300781,115.86547088623047,90.14905548095703,111.54000091552734
2016-12-02,188.0715789794922,108.234375,115.80350494384766,90.80962371826172,112.13999938964844
2016-12-05,189.20162963867188,109.0763168334961,117.79403686523438,90.7109146118164,111.54000091552734
2016-12-06,189.80093383789062,109.33824920654297,119.06793212890625,90.64253234863281,111.43000030517578
2016-12-07,192.28363037109375,110.7227554321289,120.22684478759766,91.41699981689453,111.83000183105469
2016-12-08,192.75450134277344,110.91922760009766,122.12007904052734,90.3388671875,111.56999969482422
2016-12-09,193.9188232421875,111.78921508789062,122.35897064208984,89.21513366699219,110.4000015258789
2016-12-12,193.6962432861328,111.2840576171875,121.06732177734375,89.3821792602539,110.81999969482422
2016-12-13,194.9889678955078,112.687255859375,121.0761489868164,89.70103454589844,110.44999694824219
2016-12-14,193.37948608398438,112.45339965820312,119.56340789794922,88.69879913330078,108.83000183105469
2016-12-15,194.1757049560547,112.631103515625,120.45687866210938,89.14675903320312,107.33999633789062
2016-12-16,193.7958984375,112.21361541748047,120.23572540283203,88.94178009033203,108.05000305175781
2016-12-19,194.2178955078125,112.67334747314453,121.0230941772461,89.89848327636719,108.58999633789062
2016-12-20,194.967041015625,113.10496520996094,122.04933166503906,89.45050048828125,107.79000091552734
2016-12-21,194.424560546875,113.02050018310547,121.25316619873047,89.84532928466797,107.8499984741211
2016-12-22,194.08871459960938,112.7015151977539,120.20751190185547,89.68468475341797,107.58999633789062
2016-12-23,194.3729248046875,112.77655029296875,120.84713745117188,89.86739349365234,107.93000030517578
2016-12-27,194.8551025390625,113.35829162597656,121.3890380859375,89.578125,108.55999755859375
2016-12-28,193.24473571777344,112.476318359375,120.14533233642578,90.23277282714844,108.86000061035156
2016-12-29,193.20175170898438,112.31681823730469,120.2519760131836,90.55250549316406,110.29000091552734
2016-12-30,192.4955596923828,111.16277313232422,119.79004669189453,90.68948364257812,109.61000061035156
2017-01-03,193.96810913085938,112.15730285644531,120.3852310180664,91.07781982421875,110.47000122070312
2017-01-04,195.12210083007812,112.76716613769531,122.39283752441406,91.427978515625,110.86000061035156
2017-01-05,194.967041015625,113.4051742553711,120.98043823242188,92.85917663574219,112.58000183105469
2017-01-06,195.66464233398438,114.39974212646484,120.53626251220703,92.00651550292969,111.75
2017-01-09,195.01878356933594,114.77503204345703,119.74563598632812,92.74494934082031,112.66999816894531
2017-01-10,195.01878356933594,115.0283432006836,120.8915786743164,92.6841049194336,113.1500015258789
2017-01-11,195.5698699951172,115.33797454833984,121.10478973388672,92.9962158203125,113.5
2017-01-12,195.07907104492188,115.1596908569336,120.17201232910156,92.79063415527344,113.91000366210938
2017-01-13,195.52682495117188,115.55374908447266,121.0425796508789,92.3490982055664,114.20999908447266
2017-01-17,194.83790588378906,115.20658874511719,119.3991928100586,93.3158950805664,115.8499984741211
2017-01-18,195.26849365234375,115.44116973876953,119.79004669189453,92.12076568603516,114.87000274658203
2017-01-19,194.54515075683594,115.3848648071289,118.81289672851562,91.48889923095703,114.7699966430664
2017-01-20,195.2598876953125,115.63816833496094,119.42582702636719,91.30619049072266,115.05000305175781
2017-01-23,194.7517852783203,115.73201751708984,118.92839050292969,92.21965789794922,115.79000091552734
2017-01-24,196.00051879882812,116.51075744628906,120.74942016601562,91.58785247802734,115.2699966430664
2017-01-25,197.69696044921875,117.68357849121094,121.88652801513672,90.43833923339844,114.31999969482422
2017-01-26,197.4902801513672,117.80552673339844,121.3979263305664,90.74280548095703,113.26000213623047
2017-01-27,197.1802978515625,118.03071594238281,120.98043823242188,91.0701904296875,113.48999786376953
2017-01-30,195.95745849609375,117.11123657226562,119.29257202148438,90.79615020751953,113.97000122070312
2017-01-31,195.9402313232422,116.87667846679688,120.12763977050781,91.427978515625,115.55000305175781
2017-02-01,196.0177001953125,117.68357849121094,120.05656433105469,90.86266326904297,115.19999694824219
2017-02-02,196.14688110351562,117.5803451538086,119.75450897216797,90.82453155517578,115.83999633789062
2017-02-03,197.4989471435547,117.91810607910156,121.58442687988281,90.78636932373047,116.12999725341797
2017-02-06,197.1458740234375,118.058837890625,120.66950988769531,91.33567810058594,117.69999694824219
2017-02-07,197.1544647216797,118.49044799804688,120.136474609375,92.00701904296875,117.45999908447266
2017-02-08,197.41275024414062,118.68748474121094,119.92330932617188,93.25819396972656,118.19000244140625
2017-02-09,198.583984375,119.11903381347656,121.61106872558594,92.18250274658203,117.29000091552734
2017-02-10,199.3676300048828,119.51314544677734,122.53497314453125,92.12908935546875,117.5999984741211
2017-02-13,200.45269775390625,120.18867492675781,122.8547592163086,91.83918762207031,116.80000305175781
2017-02-14,201.2535858154297,120.59209442138672,123.26336669921875,91.17546081542969,116.93000030517578
2017-02-15,202.30413818359375,121.30514526367188,124.00067138671875,90.75584411621094,117.44999694824219
2017-02-16,202.13197326660156,121.26765441894531,123.65420532226562,91.25173950195312,118.08000183105469
2017-02-17,202.45054626464844,121.79305267333984,123.57428741455078,91.79344177246094,117.68000030517578
2017-02-21,203.65621948242188,122.39349365234375,124.54256439208984,91.63321685791016,117.75
2017-02-22,203.4753875732422,122.44043731689453,123.99178314208984,91.7857437133789,117.91000366210938
2017-02-23,203.61314392089844,121.98069763183594,123.25452423095703,92.06043243408203,118.94000244140625
2017-02-24,203.87155151367188,122.21527099609375,123.16567993164062,93.08274841308594,119.69999694824219
2017-02-27,204.1901397705078,122.3653793334961,124.3648681640625,92.533447265625,119.12000274658203
2017-02-28,203.63900756835938,121.9900894165039,122.44610595703125,92.87674713134766,119.2300033569336
2017-03-01,206.4894561767578,123.32239532470703,124.68468475341797,91.32048797607422,119.05999755859375
2017-03-02,205.18905639648438,122.70313262939453,123.25452423095703,90.99177551269531,117.58000183105469
2017-03-03,205.31826782226562,122.92835998535156,123.16567993164062,91.22875213623047,117.51000213623047
2017-03-06,204.7068634033203,122.65623474121094,122.32176971435547,90.79303741455078,116.72000122070312
2017-03-07,204.09539794921875,122.44983673095703,121.52227020263672,90.51783752441406,115.77999877929688
2017-03-08,203.71652221679688,122.66563415527344,120.72273254394531,90.02865600585938,115.05999755859375
2017-03-09,203.97482299804688,122.75943756103516,120.24311065673828,89.31016540527344,114.47000122070312
2017-03-10,204.6896209716797,123.27547454833984,120.77613067626953,89.62355041503906,114.72000122070312
2017-03-13,204.79299926757812,123.48188018798828,121.06036376953125,89.05791473388672,114.73999786376953
2017-03-14,204.0093231201172,123.18162536621094,120.48291778564453,89.48596954345703,114.12000274658203
2017-03-15,205.77468872070312,123.94161224365234,122.34839630126953,90.5790786743164,116.25
2017-03-16,205.3699188232422,123.857177734375,122.50831604003906,90.12041473388672,116.7300033569336
2017-03-17,205.00926208496094,123.81395721435547,122.99687957763672,90.68601989746094,116.98999786376953
2017-03-20,204.7843780517578,123.92674255371094,122.46391296386719,91.0759048461914,117.51000213623047
2017-03-21,202.1550750732422,122.04637908935547,119.00831604003906,91.83260345458984,118.54000091552734
2017-03-22,202.63076782226562,122.87371063232422,119.03497314453125,92.19950103759766,118.83000183105469
2017-03-23,202.4145050048828,122.56344604492188,119.72787475585938,92.06957244873047,118.66999816894531
2017-03-24,202.26747131347656,122.81735229492188,119.81427764892578,92.39823913574219,118.86000061035156
2017-03-27,202.05992126464844,123.0147933959961,120.03700256347656,92.81864166259766,119.52999877929688
2017-03-28,203.5302734375,123.76692962646484,120.97241973876953,92.19950103759766,119.04000091552734
2017-03-29,203.7205352783203,124.34043884277344,121.36441040039062,92.74983978271484,119.33000183105469
2017-03-30,204.36923217773438,124.54732513427734,122.28202819824219,92.00078582763672,118.47000122070312
2017-03-31,203.8935089111328,124.462646484375,122.47798919677734,92.26832580566406,118.72000122070312
2017-04-03,203.53890991210938,124.387451171875,121.18623352050781,93.19896697998047,119.3499984741211
2017-04-04,203.66860961914062,124.58490753173828,121.04364776611328,92.69346618652344,119.62000274658203
2017-04-05,203.0631866455078,124.07715606689453,119.67172241210938,92.97685241699219,119.62000274658203
2017-04-06,203.6340789794922,124.14298248291016,120.78534698486328,92.8389663696289,119.18000030517578
2017-04-07,203.42645263671875,124.07715606689453,120.73190307617188,92.4636459350586,119.45999908447266
2017-04-10,203.54759216308594,124.12418365478516,120.99913024902344,92.89258575439453,119.45999908447266
2017-04-11,203.30538940429688,123.58830261230469,121.96128845214844,93.77351379394531,121.19000244140625
2017-04-12,202.4145050048828,123.0899887084961,120.30423736572266,94.2867431640625,122.0199966430664
2017-04-13,201.0998992919922,122.60106658935547,119.1282730102539,94.57780456542969,122.5999984741211
2017-04-17,202.88160705566406,123.6164779663086,120.52699279785156,94.2867431640625,122.23999786376953
2017-04-18,202.27613830566406,123.42845153808594,120.55367279052734,95.51996612548828,122.81999969482422
2017-04-19,201.90428161621094,123.6258544921875,120.97241973876953,94.99909973144531,121.7300033569336
2017-04-20,203.54759216308594,124.66014099121094,122.51364135742188,94.63140106201172,121.95999908447266
2017-04-21,202.8988800048828,124.63190460205078,122.23750305175781,94.63140106201172,122.30999755859375
2017-04-24,205.1302947998047,126.13622283935547,123.76083374023438,94.16413879394531,121.4800033569336
2017-04-25,206.32391357421875,127.04820251464844,124.96354675292969,93.03044891357422,120.25
2017-04-26,206.19415283203125,126.86956024169922,125.60501861572266,93.54373168945312,120.83999633789062
2017-04-27,206.3671417236328,127.63111877441406,125.56932067871094,93.51302337646484,120.38999938964844
2017-04-28,205.9174041748047,127.85676574707031,123.88556671142578,93.71986389160156,120.7699966430664
2017-05-01,206.43638610839844,128.99441528320312,124.59832763671875,92.94076538085938,119.66999816894531
2017-05-02,206.51419067382812,129.2106475830078,123.96580505371094,93.41667938232422,119.6500015258789
2017-05-03,206.26339721679688,128.79698181152344,123.19962310791016,93.47810363769531,117.9800033569336
2017-05-04,206.50552368164062,128.843994140625,123.03035736083984,93.01752471923828,116.79000091552734
2017-05-05,207.3185577392578,129.3140411376953,123.82320404052734,93.10193634033203,117.01000213623047
2017-05-08,207.2840118408203,129.59613037109375,123.30652618408203,92.59535217285156,116.75
2017-05-09,207.09368896484375,130.0474090576172,123.2530746459961,92.58766174316406,116.05000305175781
2017-05-10,207.46560668945312,130.1226348876953,124.01919555664062,92.48017120361328,116.04000091552734
2017-05-11,207.0418243408203,130.0192108154297,123.15506744384766,92.48017120361328,116.5
2017-05-12,206.6958465576172,130.31068420410156,122.5047378540039,93.17874908447266,116.83000183105469
2017-05-15,207.83753967285156,130.7244110107422,123.45797729492188,92.9254150390625,117.13999938964844
2017-05-16,207.647216796875,131.26966857910156,123.50251770019531,93.27082061767578,117.6500015258789
2017-05-17,203.96275329589844,127.93196868896484,120.170654296875,94.6294937133789,119.79000091552734
2017-05-18,204.7843780517578,129.05078125,120.6071548461914,94.73694610595703,118.80999755859375
2017-05-19,206.11636352539062,129.59613037109375,121.18623352050781,94.95952606201172,119.4000015258789
2017-05-22,207.16287231445312,130.68673706054688,122.00584411621094,94.69853973388672,119.9000015258789
2017-05-23,207.6212615966797,130.81842041015625,122.40674591064453,94.06144714355469,119.13999938964844
2017-05-24,208.1056365966797,131.4201202392578,122.48693084716797,94.59109497070312,119.61000061035156
2017-05-25,209.10025024414062,132.53890991210938,122.56712341308594,94.6218032836914,119.4800033569336
2017-05-26,209.05703735351562,132.77398681640625,122.53147888183594,94.78299713134766,120.54000091552734
2017-05-30,208.8753662109375,132.8867950439453,121.56930541992188,95.25121307373047,120.13999938964844
2017-05-31,208.82354736328125,132.83975219726562,121.44456481933594,95.48920440673828,120.62000274658203
2017-06-01,210.48411560058594,133.3568572998047,123.78760528564453,95.49919891357422,120.72000122070312
2017-06-02,211.18472290039062,134.88002014160156,124.58938598632812,96.62995147705078,121.61000061035156
2017-06-05,211.02899169921875,134.85179138183594,123.8143310546875,96.0299301147461,121.7300033569336
2017-06-06,210.3543701171875,134.31591796875,123.698486328125,96.55303192138672,123.0999984741211
2017-06-07,210.74359130859375,134.8423614501953,123.8143310546875,96.09147644042969,122.44999694824219
2017-06-08,210.8473358154297,134.98342895507812,125.50700378417969,95.83766174316406,121.6500015258789
2017-06-09,210.52735900878906,131.60812377929688,126.15735626220703,95.6915512084961,120.54000091552734
2017-06-12,210.48411560058594,130.90301513671875,125.95245361328125,95.66073608398438,120.36000061035156
2017-06-13,211.51336669921875,131.9654083251953,126.59386444091797,95.67609405517578,120.4800033569336
2017-06-14,211.2452850341797,131.39190673828125,125.84552001953125,97.1530532836914,119.81999969482422
2017-06-15,210.83871459960938,130.8090057373047,125.20409393310547,96.9991683959961,119.31999969482422
2017-06-16,210.8848419189453,130.24142456054688,124.89229583740234,97.19148254394531,119.33999633789062
2017-06-19,212.6404266357422,132.41920471191406,125.81880950927734,97.05302429199219,118.43000030517578
2017-06-20,211.2063751220703,131.38214111328125,124.54483032226562,97.92224884033203,118.18000030517578
2017-06-21,211.15428161621094,132.6831817626953,124.23304748535156,98.12224578857422,118.5199966430664
2017-06-22,211.05862426757812,132.64549255371094,124.7051773071289,98.337646484375,118.91999816894531
2017-06-23,211.3106689453125,133.154541015625,125.53372955322266,98.29145812988281,119.43000030517578
2017-06-26,211.44969177246094,132.53233337402344,125.68519592285156,98.66072082519531,118.36000061035156
2017-06-27,209.7462615966797,130.1282958984375,124.58048248291016,97.60687255859375,118.80999755859375
2017-06-28,211.62353515625,132.00439453125,126.4869384765625,97.2837905883789,118.9000015258789
2017-06-29,209.76364135742188,129.7134552001953,125.73859405517578,96.46843719482422,118.31999969482422
2017-06-30,210.1547393798828,129.7605743408203,125.54263305664062,96.24533081054688,118.0199966430664
2017-07-03,210.51109313964844,128.39366149902344,126.59386444091797,95.93546295166016,116.08999633789062
2017-07-05,210.99778747558594,129.6569366455078,126.1395492553711,95.95861053466797,116.5199966430664
2017-07-06,209.06829833984375,128.48793029785156,124.49231719970703,95.16465759277344,116.47000122070312
2017-07-07,210.4241485595703,129.87376403808594,125.70020294189453,94.59423065185547,115.27999877929688
2017-07-10,210.65011596679688,130.72227478027344,125.15441131591797,94.7330093383789,115.47000122070312
2017-07-11,210.4936981201172,131.08990478515625,125.52122497558594,94.8948745727539,115.62000274658203
2017-07-12,212.07554626464844,132.64549255371094,126.48758697509766,95.55004119873047,116.02999877929688
2017-07-13,212.43186950683594,132.93777465820312,126.5949478149414,94.9488754272461,115.81999969482422
2017-07-14,213.42266845703125,133.9841766357422,126.80964660644531,95.06446075439453,116.7699966430664
2017-07-17,213.39657592773438,134.0501251220703,127.10492706298828,95.3265609741211,117.29000091552734
2017-07-18,213.50961303710938,134.94578552246094,126.77389526367188,96.1590347290039,118.11000061035156
2017-07-19,214.66549682617188,135.73768615722656,128.0354461669922,96.19757843017578,118.08000183105469
2017-07-20,214.7611541748047,135.91680908203125,128.12493896484375,96.47504425048828,118.23999786376953
2017-07-21,214.56991577148438,135.86024475097656,127.54330444335938,96.88357543945312,119.26000213623047
2017-07-24,214.51780700683594,136.48243713378906,127.7222671508789,96.50586700439453,119.30999755859375
2017-07-25,215.03927612304688,136.13363647460938,128.88540649414062,95.24942779541016,118.91999816894531
2017-07-26,215.04795837402344,136.57675170898438,128.1696014404297,95.40361785888672,119.87999725341797
2017-07-27,214.8480224609375,135.71881103515625,127.3554458618164,94.93342590332031,119.79000091552734
2017-07-28,214.59596252441406,135.60569763183594,127.0154800415039,95.49610137939453,120.69000244140625
2017-07-31,214.47427368164062,135.03065490722656,126.61284637451172,95.61174774169922,120.75
2017-08-01,214.95237731933594,135.34170532226562,126.85438537597656,96.28304290771484,120.6500015258789
2017-08-02,215.05662536621094,135.70936584472656,125.46756744384766,96.33712768554688,120.4000015258789
2017-08-03,214.63943481445312,135.1814422607422,124.84127807617188,97.3335952758789,120.58999633789062
2017-08-04,215.03053283691406,135.42652893066406,125.4496841430664,96.5070571899414,119.6500015258789
2017-08-07,215.43032836914062,136.2844696044922,125.65543365478516,96.61517333984375,119.51000213623047
2017-08-08,214.90016174316406,136.04879760742188,125.26175689697266,96.26756286621094,119.86000061035156
2017-08-09,214.89146423339844,135.8697509765625,124.17916107177734,96.79288482666016,121.30999755859375
2017-08-10,211.85824584960938,132.95655822753906,121.92442321777344,97.61941528320312,122.20999908447266
2017-08-11,212.1710968017578,133.96530151367188,122.10343933105469,97.665771484375,122.79000091552734
2017-08-14,214.27439880371094,135.69056701660156,123.95547485351562,97.16365814208984,121.91999816894531
2017-08-15,214.24835205078125,135.7848358154297,122.93549346923828,96.75424194335938,120.9800033569336
2017-08-16,214.62208557128906,136.0205078125,122.9713134765625,97.10958099365234,121.87000274658203
2017-08-17,211.27593994140625,133.23941040039062,120.72549438476562,97.83573913574219,122.48999786376953
2017-08-18,210.94564819335938,133.1451416015625,120.7165756225586,97.81255340576172,122.30000305175781
2017-08-21,211.1107635498047,132.97540283203125,120.63603210449219,98.05204010009766,122.76000213623047
2017-08-22,213.318359375,135.0023651123047,121.94235229492188,97.67353057861328,122.20999908447266
2017-08-23,212.55355834960938,134.5215606689453,121.7455062866211,98.33785247802734,122.66999816894531
2017-08-24,212.05816650390625,134.12554931640625,122.12127685546875,97.97481536865234,122.29000091552734
2017-08-25,212.55355834960938,133.84271240234375,122.47025299072266,98.35326385498047,122.73999786376953
2017-08-28,212.56224060058594,134.257568359375,122.98919677734375,98.29148864746094,124.69000244140625
2017-08-29,212.80557250976562,134.7855224609375,123.01604461669922,98.60822296142578,124.41999816894531
2017-08-30,213.81373596191406,136.36932373046875,123.80339050292969,98.57727813720703,124.36000061035156
2017-08-31,215.10008239746094,137.8306427001953,125.0201644897461,98.87083435058594,125.81999969482422
2017-09-01,215.4042510986328,137.64199829101562,125.72705841064453,98.11458587646484,126.05999755859375
2017-09-05,213.8572235107422,136.40704345703125,124.51920318603516,99.67049407958984,127.45999908447266
2017-09-06,214.5872802734375,136.8218231201172,124.77865600585938,99.0589828491211,126.80999755859375
2017-09-07,214.56118774414062,137.1423797607422,124.46548461914062,100.0730209350586,128.1300048828125
2017-09-08,214.3091278076172,135.9545135498047,124.56388854980469,99.85625457763672,127.97000122070312
2017-09-11,216.59498596191406,137.5194549560547,125.87019348144531,98.66417694091797,126.19000244140625
2017-09-12,217.32501220703125,137.84945678710938,126.63969421386719,98.14556884765625,126.55999755859375
2017-09-13,217.42933654785156,138.0380401611328,127.0154800415039,97.75851440429688,125.61000061035156
2017-09-14,217.35977172851562,137.2272491455078,126.89913940429688,98.16105651855469,126.16000366210938
2017-09-15,217.65245056152344,137.6986083984375,127.41807556152344,98.19972229003906,125.52999877929688
2017-09-18,218.1153564453125,137.51820373535156,128.28594970703125,97.63467407226562,124.36000061035156
2017-09-19,218.3336944580078,137.75436401367188,128.28594970703125,97.3946762084961,124.62000274658203
2017-09-20,218.4123077392578,137.3292236328125,128.69749450683594,97.46440124511719,123.62000274658203
2017-09-21,217.82708740234375,136.4883270263672,128.5633544921875,97.4101791381836,122.68000030517578
2017-09-22,217.8708038330078,136.35601806640625,129.10911560058594,97.6888427734375,123.23999786376953
2017-09-25,217.42532348632812,134.91993713378906,129.2880401611328,98.30036926269531,124.52999877929688
2017-09-26,217.55630493164062,135.2694854736328,129.69969177246094,98.122314453125,123.13999938964844
2017-09-27,218.40353393554688,136.4883270263672,132.2379150390625,96.64386749267578,121.9800033569336
2017-09-28,218.66558837890625,136.44107055664062,132.58770751953125,96.35739135742188,122.20999908447266
2017-09-29,219.43418884277344,137.42369079589844,132.90164184570312,96.57414245605469,121.58000183105469
2017-10-02,220.3863067626953,137.54649353027344,134.53399658203125,96.3973159790039,120.7699966430664
2017-10-03,220.85791015625,137.8394012451172,134.82992553710938,96.49043273925781,120.83000183105469
2017-10-04,221.1199188232422,137.9716339111328,134.39947509765625,96.49816131591797,121.16999816894531
2017-10-05,222.4301300048828,139.32275390625,134.76719665527344,96.13361358642578,120.5199966430664
2017-10-06,222.17686462402344,139.51171875,134.57888793945312,95.86207580566406,121.08999633789062
2017-10-09,221.80995178222656,139.3511199951172,134.02273559570312,96.1646499633789,122.08000183105469
2017-10-10,222.39520263671875,139.4550018310547,134.40838623046875,96.31976318359375,122.4000015258789
2017-10-11,222.7445526123047,139.87075805664062,134.3097686767578,96.50590515136719,122.79000091552734
2017-10-12,222.4126434326172,139.61569213867188,134.2111053466797,96.91695404052734,122.88999938964844
2017-10-13,222.6834259033203,140.15420532226562,133.96893310546875,97.61511993408203,123.81999969482422
2017-10-16,222.98040771484375,140.63601684570312,133.8523406982422,97.54527282714844,122.97000122070312
2017-10-17,223.13763427734375,140.8155517578125,133.46665954589844,97.6693344116211,122.12999725341797
2017-10-18,223.35597229003906,140.64549255371094,134.10342407226562,97.02556610107422,121.66999816894531
2017-10-19,223.4170684814453,140.12582397460938,133.897216796875,97.19620513916016,122.38999938964844
2017-10-20,224.5700225830078,140.5038299560547,134.5160675048828,96.1646499633789,121.61000061035156
2017-10-23,223.69654846191406,139.58731079101562,133.5115203857422,96.33527374267578,121.80000305175781
2017-10-24,224.0896453857422,139.82351684570312,133.78955078125,95.73805236816406,121.33000183105469
2017-10-25,222.98040771484375,139.29440307617188,133.14382934570312,95.2803955078125,121.3499984741211
2017-10-26,223.2686004638672,138.85032653808594,133.42184448242188,94.96233367919922,120.33000183105469
2017-10-27,225.09410095214844,142.8941650390625,134.34559631347656,95.59066009521484,120.9000015258789
2017-10-30,224.25559997558594,143.2154083251953,132.92855834960938,96.50590515136719,121.12999725341797
2017-10-31,224.60494995117188,143.75390625,133.87030029296875,96.53693389892578,120.66999816894531
2017-11-01,224.9019317626953,143.7067108154297,132.9823455810547,96.966796875,121.11000061035156
2017-11-02,224.98928833007812,143.4327392578125,133.3769989013672,97.39432525634766,121.19000244140625
2017-11-03,225.74049377441406,144.81214904785156,133.28729248046875,97.6585922241211,120.62000274658203
2017-11-06,226.08984375,145.3034210205078,133.4397735595703,98.02389526367188,121.6500015258789
2017-11-07,225.9326171875,145.3884735107422,131.84336853027344,98.43586730957031,121.20999908447266
2017-11-08,226.31689453125,145.97430419921875,132.02267456054688,98.21822357177734,121.62999725341797
2017-11-09,225.4958953857422,145.2089385986328,131.55625915527344,97.93838500976562,122.12999725341797
2017-11-10,225.42604064941406,145.199462890625,131.4576416015625,96.46151733398438,121.12999725341797
2017-11-13,225.6356201171875,145.37905883789062,131.49351501464844,96.66365814208984,121.30999755859375
2017-11-14,225.11160278320312,144.84991455078125,131.13478088378906,97.3165283203125,121.55999755859375
2017-11-15,223.98483276367188,144.16966247558594,130.61456298828125,98.3736343383789,121.41000366210938
2017-11-16,225.88897705078125,146.01206970214844,132.5339813232422,97.51866149902344,121.4000015258789
2017-11-17,225.22512817382812,145.45462036132812,133.14382934570312,98.24150085449219,122.86000061035156
2017-11-20,225.60946655273438,145.3412322998047,134.11244201660156,98.20269012451172,121.30999755859375
2017-11-21,227.0855712890625,146.91908264160156,135.5116424560547,98.51359558105469,121.51000213623047
2017-11-22,226.88467407226562,147.09857177734375,135.33221435546875,98.8322982788086,122.62999725341797
2017-11-24,227.40875244140625,147.6370849609375,135.38607788085938,98.56023406982422,122.31999969482422
2017-11-27,227.29522705078125,147.571044921875,134.9735107421875,98.4203109741211,122.83000183105469
2017-11-28,229.60113525390625,147.94894409179688,137.09910583496094,98.55245971679688,122.80999755859375
2017-11-29,229.4613037109375,145.36956787109375,137.5564727783203,97.58084869384766,122.04000091552734
2017-11-30,231.47024536132812,146.58839416503906,137.80764770507812,97.25436401367188,121.0999984741211
2017-12-01,230.9898223876953,145.96482849121094,137.24256896972656,98.56675720214844,121.58999633789062
2017-12-04,230.71035766601562,144.28305053710938,136.73138427734375,98.61351776123047,121.18000030517578
2017-12-05,229.8805694580078,144.3775177001953,135.36810302734375,99.10419464111328,120.31999969482422
2017-12-06,229.92422485351562,145.02943420410156,134.7313232421875,99.44690704345703,120.06999969482422
2017-12-07,230.64920043945312,145.520751953125,135.6730499267578,98.66803741455078,118.48999786376953
2017-12-08,231.90696716308594,146.16326904296875,135.798583984375,98.67579650878906,118.4800033569336
2017-12-11,232.60569763183594,147.29702758789062,135.7447967529297,98.47330474853516,118.01000213623047
2017-12-12,233.01620483398438,147.09857177734375,135.3231964111328,98.43435668945312,118.1500015258789
2017-12-13,232.9900360107422,147.3820343017578,136.13043212890625,99.17432403564453,119.16999816894531
2017-12-14,232.0379638671875,147.27809143066406,134.62368774414062,99.59493255615234,118.93000030517578
2017-12-15,233.97027587890625,148.95050048828125,136.54306030273438,99.96875,119.18000030517578
2017-12-18,235.45394897460938,150.1992645263672,138.39065551757812,99.05747985839844,119.7300033569336
2017-12-19,234.54969787597656,149.30926513671875,137.2964324951172,97.77233123779297,119.81999969482422
2017-12-20,234.4267578125,149.1483154296875,137.56549072265625,96.6896743774414,120.13999938964844
2017-12-21,234.9095458984375,149.16722106933594,138.16775512695312,97.25325012207031,120.30999755859375
2017-12-22,234.84814453125,148.99679565429688,137.91566467285156,97.38594818115234,120.94000244140625
2017-12-26,234.5672149658203,148.1920623779297,137.99671936035156,97.67472076416016,121.7699966430664
2017-12-27,234.68136596679688,148.2109832763672,137.86170959472656,98.94698333740234,122.2300033569336
2017-12-28,235.16421508789062,148.39085388183594,138.40185546875,98.8611068725586,122.8499984741211
2017-12-29,234.27748107910156,147.4725341796875,137.2584686279297,99.01721954345703,123.6500015258789
2018-01-02,235.9542694091797,150.05723571777344,138.55494689941406,97.94788360595703,125.1500015258789
2018-01-03,237.44674682617188,151.51528930664062,138.69894409179688,98.41618347167969,124.81999969482422
2018-01-04,238.4475555419922,151.78036499023438,139.0680694580078,98.40056610107422,125.45999908447266
2018-01-05,240.03656005859375,153.3047332763672,139.35617065429688,98.11962127685547,125.33000183105469
2018-01-08,240.47552490234375,153.90126037597656,139.5722198486328,98.05714416503906,125.30999755859375
2018-01-09,241.01979064941406,153.9106903076172,139.38319396972656,96.74588775634766,124.7300033569336
2018-01-10,240.6510467529297,153.55088806152344,139.40118408203125,96.62881469726562,125.02999877929688
2018-01-11,242.4068603515625,154.60182189941406,141.79595947265625,97.0268783569336,125.44000244140625
2018-01-12,243.98716735839844,155.73802185058594,142.39019775390625,97.1907730102539,126.95999908447266
2018-01-16,243.1531219482422,155.29299926757812,140.57154846191406,97.5966796875,127.16999816894531
2018-01-17,245.47076416015625,156.96884155273438,141.9040069580078,97.4639892578125,126.13999938964844
2018-01-18,245.05819702148438,156.99725341796875,140.93167114257812,96.55856323242188,125.86000061035156
2018-01-19,246.17311096191406,157.4895477294922,142.7863006591797,96.05123901367188,126.41999816894531
2018-01-22,248.17471313476562,159.17481994628906,143.551513671875,96.14488983154297,126.6500015258789
2018-01-23,248.70144653320312,160.49087524414062,144.01072692871094,96.55856323242188,127.27999877929688
2018-01-24,248.6048583984375,159.44943237304688,143.1194305419922,96.03565216064453,128.8300018310547
2018-01-25,248.71023559570312,159.39260864257812,143.17343139648438,96.82394409179688,127.97000122070312
2018-01-26,251.58985900878906,161.8353271484375,143.68658447265625,96.46487426757812,128.07000732421875
2018-01-29,249.92173767089844,161.04953002929688,142.8762969970703,95.79365539550781,127.3499984741211
2018-01-30,247.35830688476562,159.72396850585938,141.5078582763672,95.23169708251953,126.80000305175781
2018-01-31,247.48118591308594,160.38673400878906,140.7696075439453,95.79365539550781,127.6500015258789
2018-02-01,247.20021057128906,159.0233612060547,141.21075439453125,94.40536499023438,128.07000732421875
2018-02-02,241.8187255859375,155.85162353515625,138.49192810058594,93.52933502197266,126.38999938964844
2018-02-05,231.70523071289062,149.70692443847656,133.17117309570312,94.4132080078125,126.70999908447266
2018-02-06,236.27037048339844,153.6740264892578,134.76467895507812,93.82654571533203,125.37999725341797
2018-02-07,234.98863220214844,151.6857452392578,134.8997039794922,92.93492889404297,124.79000091552734
2018-02-08,226.17449951171875,145.28541564941406,130.9384765625,92.83323669433594,124.9800033569336
2018-02-09,229.5719451904297,147.79437255859375,132.13583374023438,92.24661254882812,124.7699966430664
2018-02-12,232.9430389404297,150.41697692871094,133.38726806640625,92.65330505371094,125.37000274658203
2018-02-13,233.52255249023438,151.19338989257812,133.67529296875,93.06787109375,126.08000183105469
2018-02-14,236.6741485595703,154.02430725097656,136.0791015625,92.03538513183594,128.22999572753906
2018-02-15,239.69418334960938,156.88360595703125,137.56460571289062,92.34830474853516,128.3800048828125
2018-02-16,239.76441955566406,156.18296813964844,138.05075073242188,92.84883117675781,127.95999908447266
2018-02-20,238.26324462890625,156.49542236328125,136.91635131835938,92.44216918945312,126.23999786376953
2018-02-21,237.07806396484375,156.0504913330078,137.06045532226562,91.30802154541016,125.66000366210938
2018-02-22,237.38528442382812,156.03152465820312,136.84437561035156,91.58179473876953,126.30000305175781
2018-02-23,241.16909790039062,159.22218322753906,138.626953125,92.39521789550781,126.13999938964844
2018-02-26,243.9695281982422,161.33351135253906,139.53622436523438,92.42649841308594,126.44999694824219
2018-02-27,240.9232635498047,159.33583068847656,137.52859497070312,92.29354858398438,125.12999725341797
2018-02-28,238.48260498046875,158.31326293945312,135.35888671875,92.880126953125,125.0
2018-03-01,235.01504516601562,155.72854614257812,134.9987335205078,93.51419067382812,124.72000122070312
2018-03-02,236.2263946533203,157.1582489013672,137.15945434570312,92.75394439697266,125.38999938964844
2018-03-05,238.95672607421875,158.9002685546875,138.3838348388672,92.50318908691406,125.18000030517578
2018-03-06,239.56248474121094,159.57249450683594,139.87831115722656,92.58938598632812,126.52999877929688
2018-03-07,239.47467041015625,159.9417266845703,141.1117706298828,92.48745727539062,125.72000122070312
2018-03-08,240.63351440429688,160.82228088378906,140.8236846923828,93.02042388916016,125.41999816894531
2018-03-09,244.82115173339844,163.94671630859375,143.07437133789062,92.4091567993164,125.54000091552734
2018-03-12,244.5138397216797,164.8177490234375,143.32644653320312,92.94208526611328,125.54000091552734
2018-03-13,242.9337158203125,162.5739288330078,142.66024780273438,93.41230773925781,125.77999877929688
2018-03-14,241.68701171875,162.54544067382812,141.98500061035156,94.2352294921875,125.69999694824219
2018-03-15,241.4236297607422,162.4034423828125,141.2737579345703,94.2352294921875,124.9000015258789
2018-03-16,241.68545532226562,161.92056274414062,142.06607055664062,93.89818572998047,124.5999984741211
2018-03-19,238.41529846191406,158.46575927734375,140.69764709472656,93.60041809082031,124.87000274658203
2018-03-20,238.82086181640625,158.9873504638672,140.66156005859375,93.22415924072266,124.30999755859375
2018-03-21,238.36251831054688,158.2951202392578,141.48085021972656,93.32605743408203,126.4800033569336
2018-03-22,232.40403747558594,154.38804626464844,138.37850952148438,94.25092315673828,125.9800033569336
2018-03-23,227.4504852294922,150.3196258544922,135.40066528320312,94.18034362792969,127.61000061035156
2018-03-26,233.67330932617188,155.90530395507812,138.36048889160156,93.81982421875,128.27999877929688
2018-03-27,229.69808959960938,150.8601837158203,135.68040466308594,94.82300567626953,127.48999786376953
2018-03-28,229.01943969726562,149.124755859375,135.6353302001953,95.07376098632812,125.7300033569336
2018-03-29,231.9457550048828,151.85594177246094,137.0069122314453,95.5362319946289,125.79000091552734
2018-04-02,226.93923950195312,147.4746856689453,133.6681365966797,95.72469329833984,127.26000213623047
2018-04-03,229.84796142578125,149.1342315673828,135.5811309814453,94.98641204833984,126.30000305175781
2018-04-04,232.3070831298828,151.4860382080078,137.3046875,94.79004669189453,126.44999694824219
2018-04-05,234.14053344726562,152.34906005859375,138.44163513183594,94.08318328857422,125.80000305175781
2018-04-06,228.92245483398438,148.53677368164062,135.68040466308594,95.11207580566406,126.38999938964844
2018-04-09,230.05068969726562,149.57997131347656,135.8428497314453,95.2691650390625,126.81999969482422
2018-04-10,233.70855712890625,152.88011169433594,138.40557861328125,95.0963363647461,127.12000274658203
2018-04-11,232.48338317871094,151.99819946289062,138.7033233642578,95.43408966064453,128.11000061035156
2018-04-12,234.39608764648438,153.8284454345703,139.65086364746094,94.73509216308594,126.62000274658203
2018-04-13,233.70855712890625,153.03189086914062,138.9198760986328,94.95501708984375,127.44999694824219
2018-04-16,235.63009643554688,154.1983184814453,140.20130920410156,94.98641204833984,127.62999725341797
2018-04-17,238.15090942382812,157.51748657226562,141.72634887695312,95.24559020996094,127.75
2018-04-18,238.32717895507812,157.83993530273438,142.10531616210938,94.4837875366211,127.8499984741211
2018-04-19,237.00511169433594,156.38894653320312,141.12173461914062,93.7140884399414,127.5999984741211
2018-04-20,234.99545288085938,153.913818359375,140.36373901367188,93.03861999511719,126.62999725341797
2018-04-23,234.960205078125,153.52496337890625,140.1562042236328,93.06217956542969,125.62000274658203
2018-04-24,231.79583740234375,150.27220153808594,139.35302734375,92.6380615234375,126.2300033569336
2018-04-25,232.36878967285156,150.45240783691406,139.14553833007812,92.01763916015625,125.41000366210938
2018-04-26,234.73098754882812,153.61984252929688,139.7862091064453,92.66162109375,124.97000122070312
2018-04-27,234.95140075683594,153.71466064453125,139.5876922607422,93.37635040283203,125.5
2018-04-30,233.14450073242188,152.6240997314453,138.3514862060547,93.54125213623047,124.58999633789062
2018-05-01,233.55870056152344,154.36900329589844,139.02821350097656,93.20436096191406,123.70999908447266
2018-05-02,231.98980712890625,153.45864868164062,139.5515899658203,93.10206604003906,123.6500015258789
2018-05-03,231.4785919189453,153.43966674804688,138.79356384277344,93.51924896240234,124.27999877929688
2018-05-04,234.4754180908203,156.35098266601562,140.52615356445312,93.66090393066406,124.54000091552734
2018-05-07,235.26869201660156,157.6502685546875,141.7172393798828,93.5113296508789,124.56999969482422
2018-05-08,235.26869201660156,157.48902893066406,142.42111206054688,93.4247817993164,124.58999633789062
2018-05-09,237.54278564453125,159.20553588867188,143.18814086914062,92.86589813232422,124.33000183105469
2018-05-10,239.7639617919922,160.85560607910156,143.9551544189453,93.61369323730469,125.18000030517578
2018-05-11,240.4955291748047,160.70388793945312,144.23487854003906,93.84986114501953,125.0
2018-05-14,240.6101531982422,160.97891235351562,143.68447875976562,93.35392761230469,124.48999786376953
2018-05-15,238.95301818847656,159.19602966308594,143.71151733398438,92.29131317138672,122.4800033569336
2018-05-16,239.95787048339844,160.24867248535156,145.20944213867188,91.93711853027344,122.29000091552734
2018-05-17,239.75514221191406,159.63223266601562,145.87721252441406,91.4726791381836,122.36000061035156
2018-05-18,239.15574645996094,158.80718994140625,146.0666961669922,92.25984954833984,122.41000366210938
2018-05-21,240.9538116455078,159.6986541748047,147.03228759765625,92.30704498291016,122.4800033569336
2018-05-22,240.283935546875,159.4900360107422,145.9674530029297,92.16535186767578,122.41000366210938
2018-05-23,240.9449462890625,160.8365936279297,146.1569366455078,92.83446502685547,122.54000091552734
2018-05-24,240.4514923095703,160.78916931152344,146.2110595703125,93.5743179321289,123.58999633789062
2018-05-25,239.87843322753906,160.95042419433594,145.94935607910156,94.15681457519531,123.20999908447266
2018-05-29,237.11968994140625,160.23916625976562,145.7508544921875,96.2190933227539,123.19000244140625
2018-05-30,240.283935546875,161.38665771484375,148.0609588623047,95.57362365722656,123.37000274658203
2018-05-31,238.81198120117188,161.28233337402344,146.8788299560547,95.4162368774414,123.0999984741211
2018-06-01,241.1565399169922,163.81434631347656,147.84439086914062,94.91207885742188,122.48999786376953
2018-06-04,242.3024444580078,165.2937469482422,148.62936401367188,94.22567749023438,122.37000274658203
2018-06-05,242.4786376953125,165.8058624267578,149.54986572265625,94.44660949707031,122.8499984741211
2018-06-06,244.50601196289062,166.7731475830078,150.63267517089844,93.68130493164062,122.91999816894531
2018-06-07,244.47950744628906,165.41700744628906,149.8115692138672,94.58861541748047,122.86000061035156
2018-06-08,245.2023162841797,165.42652893066406,150.26272583007812,94.30458068847656,123.01000213623047
2018-06-11,245.5284423828125,165.8722381591797,150.48829650878906,94.13101959228516,123.2300033569336
2018-06-12,245.84571838378906,166.74468994140625,151.17417907714844,94.15471649169922,122.81999969482422
2018-06-13,245.06121826171875,166.73519897460938,150.57855224609375,94.10735321044922,123.19000244140625
2018-06-14,245.6782989501953,168.42323303222656,151.38169860839844,94.88842010498047,123.37999725341797
2018-06-15,245.36473083496094,167.83529663085938,151.4267578125,94.97520446777344,121.33999633789062
2018-06-18,244.8601837158203,167.73834228515625,152.13963317871094,94.88842010498047,121.11000061035156
2018-06-19,243.9216766357422,167.26316833496094,152.14865112304688,95.44068145751953,120.80000305175781
2018-06-20,244.33782958984375,168.45111083984375,153.3759307861328,94.6043930053711,120.26000213623047
2018-06-21,242.80613708496094,166.987548828125,151.94113159179688,95.10143280029297,120.05000305175781
2018-06-22,243.24884033203125,166.61692810058594,151.43585205078125,95.09351348876953,120.33999633789062
2018-06-25,239.93756103515625,162.863037109375,148.96328735351562,95.30654907226562,119.88999938964844
2018-06-26,240.4687042236328,163.5282440185547,149.82962036132812,95.44068145751953,119.26000213623047
2018-06-27,238.47659301757812,161.3044891357422,147.42929077148438,96.34009552001953,118.58000183105469
2018-06-28,239.8400115966797,162.69195556640625,147.88047790527344,96.36380767822266,118.22000122070312
2018-06-29,240.18533325195312,163.12913513183594,147.7812042236328,96.03240203857422,118.6500015258789
2018-07-02,240.6988983154297,164.2220001220703,148.80088806152344,95.95728302001953,117.45999908447266
2018-07-03,239.8489532470703,162.32131958007812,149.39407348632812,96.47128295898438,118.6500015258789
2018-07-05,241.8056182861328,164.33604431152344,151.0967254638672,96.74800872802734,119.05000305175781
2018-07-06,243.85086059570312,166.89256286621094,152.37359619140625,97.0643081665039,118.86000061035156
2018-07-09,246.0465545654297,168.39407348632812,153.33358764648438,96.43964385986328,119.1500015258789
2018-07-10,246.93186950683594,168.5176544189453,152.63624572753906,96.43172454833984,118.93000030517578
2018-07-11,245.1257781982422,167.66232299804688,151.3411865234375,96.80341339111328,117.63999938964844
2018-07-12,247.3480682373047,170.5514678955078,152.0747833251953,96.79546356201172,118.12999725341797
2018-07-13,247.5427703857422,170.69395446777344,151.62193298339844,97.04060363769531,117.61000061035156
2018-07-16,247.3214569091797,170.28530883789062,151.03326416015625,96.6373519897461,117.55000305175781
2018-07-17,248.3219451904297,171.32122802734375,151.70346069335938,96.45547485351562,116.27999877929688
2018-07-18,248.8443603515625,170.99806213378906,152.12905883789062,96.06798553466797,116.30999755859375
2018-07-19,247.90586853027344,170.1427459716797,153.20684814453125,96.67682647705078,115.80999755859375
2018-07-20,247.62255859375,170.10470581054688,152.5819549560547,95.4907455444336,116.55999755859375
2018-07-23,248.0828857421875,170.6464080810547,152.7720947265625,94.31256103515625,116.0
2018-07-24,249.33135986328125,171.34971618652344,151.14198303222656,94.63672637939453,116.04000091552734
2018-07-25,251.45626831054688,173.74461364746094,151.69439697265625,94.4864730834961,116.68000030517578
2018-07-26,250.86305236816406,171.11215209960938,152.5094757080078,94.30461883544922,115.7699966430664
2018-07-27,249.16314697265625,168.80276489257812,149.66574096679688,94.46275329589844,115.83000183105469
2018-07-30,247.8616180419922,166.41734313964844,148.705810546875,94.1385726928711,115.6500015258789
2018-07-31,249.08340454101562,167.69082641601562,150.21817016601562,94.65254974365234,115.98999786376953
2018-08-01,248.6673126220703,168.32757568359375,150.1185760498047,93.88141632080078,115.13999938964844
2018-08-02,250.02191162109375,170.6179656982422,151.2144012451172,94.01618194580078,114.5199966430664
2018-08-03,251.09323120117188,171.14065551757812,150.6891632080078,94.48371887207031,114.91999816894531
2018-08-06,252.0140838623047,172.1479949951172,151.53135681152344,94.53917694091797,114.33000183105469
2018-08-07,252.84619140625,172.77523803710938,151.8936309814453,94.0478744506836,114.58999633789062
2018-08-08,252.74005126953125,172.9842987060547,151.75779724121094,94.1429443359375,114.91000366210938
2018-08-09,252.39476013183594,172.87979125976562,152.14724731445312,94.93548583984375,114.73999786376953
2018-08-10,250.70370483398438,171.5587921142578,151.72161865234375,95.62499237060547,114.69000244140625
2018-08-13,249.7652130126953,171.36874389648438,150.83407592773438,95.4268569946289,112.95999908447266
2018-08-14,251.3588409423828,172.442626953125,152.32833862304688,95.212890625,113.06999969482422
2018-08-15,249.48184204101562,170.3328094482422,150.41746520996094,95.76758575439453,111.19000244140625
2018-08-16,251.50045776367188,170.89358520507812,151.81214904785156,95.7596664428711,111.0999984741211
2018-08-17,252.38587951660156,170.9315185546875,152.4641876220703,95.87855529785156,112.12999725341797
2018-08-20,252.92593383789062,170.7794647216797,152.8898162841797,96.52049255371094,112.69000244140625
2018-08-21,253.51913452148438,171.40673828125,154.6467742919922,96.1955795288086,113.0199966430664
2018-08-22,253.36863708496094,172.07196044921875,155.0271453857422,96.57599639892578,113.2699966430664
2018-08-23,253.03219604492188,171.8249053955078,154.5561981201172,96.7265396118164,112.19999694824219
2018-08-24,254.55506896972656,173.4215087890625,155.39840698242188,96.91675567626953,114.16000366210938
2018-08-27,256.5648193359375,175.18917846679688,155.62484741210938,96.36196899414062,114.58999633789062
2018-08-28,256.6888732910156,175.44577026367188,155.7698211669922,95.78345489501953,113.68000030517578
2018-08-29,258.07000732421875,177.46998596191406,156.2225341796875,95.91024017333984,114.19999694824219
2018-08-30,257.0252380371094,177.1564178466797,156.09580993652344,96.11634826660156,113.63999938964844
2018-08-31,257.0341796875,177.38442993164062,156.69357299804688,95.8944320678711,113.51000213623047
2018-09-04,256.5914001464844,176.6242218017578,155.99618530273438,95.34001922607422,112.93000030517578
2018-09-05,255.90086364746094,174.34335327148438,155.57957458496094,95.0858383178711,113.31999969482422
2018-09-06,255.1305694580078,172.7847442626953,154.52908325195312,95.43531036376953,113.54000091552734
2018-09-07,254.63475036621094,172.1195068359375,154.44754028320312,94.62512969970703,113.2300033569336
2018-09-10,255.07748413085938,172.69924926757812,154.63771057128906,94.97462463378906,113.1500015258789
2018-09-11,255.91854858398438,174.0296630859375,154.89132690429688,94.2518081665039,113.22000122070312
2018-09-12,255.9805450439453,173.5165557861328,154.51998901367188,94.47421264648438,114.16999816894531
2018-09-13,257.4945068359375,175.36976623535156,154.5561981201172,94.6171875,113.76000213623047
2018-09-14,257.53875732421875,174.85655212402344,155.20826721191406,94.16445922851562,113.0199966430664
2018-09-17,256.17529296875,172.33807373046875,153.5599822998047,94.16445922851562,113.61000061035156
2018-09-18,257.56536865234375,173.76361083984375,154.2030029296875,93.17948150634766,113.44000244140625
2018-09-19,257.8398132324219,173.6305694580078,153.6415252685547,92.62347412109375,113.87999725341797
2018-09-20,259.9292297363281,175.55029296875,155.06338500976562,93.0523681640625,114.2699966430664
2018-09-21,259.6917724609375,174.5904541015625,154.3207550048828,93.01268768310547,113.48999786376953
2018-09-24,258.82916259765625,175.07601928710938,153.75015258789062,92.7743911743164,113.47000122070312
2018-09-25,258.589111328125,175.31402587890625,153.98568725585938,92.67904663085938,113.6500015258789
2018-09-26,257.81524658203125,175.43775939941406,152.57821655273438,93.3304214477539,113.05000305175781
2018-09-27,258.53558349609375,176.9229736328125,152.5873260498047,93.39396667480469,112.05000305175781
2018-09-28,258.5622863769531,176.8849334716797,153.05035400390625,93.14776611328125,112.76000213623047
2018-10-01,259.4606018066406,177.2467041015625,151.03453063964844,92.4638900756836,112.56999969482422
2018-10-02,259.3093566894531,176.84681701660156,149.40005493164062,93.02909851074219,113.87000274658203
2018-10-03,259.45172119140625,177.0372772216797,150.70762634277344,91.41311645507812,113.41999816894531
2018-10-04,257.4239196777344,173.63836669921875,148.5918731689453,90.76827239990234,113.4800033569336
2018-10-05,255.98306274414062,171.5152130126953,147.2479705810547,89.98811340332031,113.80000305175781
2018-10-08,255.98306274414062,170.46798706054688,146.9392547607422,89.68560028076172,112.54000091552734
2018-10-09,255.60955810546875,171.02015686035156,146.3671875,90.5931167602539,112.5999984741211
2018-10-10,247.5160675048828,163.4988555908203,142.16294860839844,90.3463363647461,112.87999725341797
2018-10-11,242.06419372558594,161.47093200683594,139.4479522705078,91.44491577148438,115.77999877929688
2018-10-12,245.42623901367188,165.9646453857422,139.47518920898438,91.12649536132812,115.2300033569336
2018-10-15,244.04759216308594,163.9558563232422,139.9927215576172,91.08666229248047,116.0
2018-10-16,249.3837890625,168.7257080078125,144.05166625976562,91.29367065429688,115.80000305175781
2018-10-17,249.42832946777344,168.7922821044922,143.43421936035156,90.75236511230469,115.79000091552734
2018-10-18,245.82627868652344,164.8793182373047,140.7464141845703,90.72046661376953,115.91999816894531
2018-10-19,245.69285583496094,164.72702026367188,139.25718688964844,90.52147674560547,116.01000213623047
2018-10-22,244.59007263183594,165.5743865966797,138.9575653076172,90.4020767211914,115.70999908447266
2018-10-23,243.34481811523438,164.96502685546875,137.71356201171875,90.68867492675781,116.38999938964844
2018-10-24,235.9718780517578,157.4150848388672,132.52865600585938,91.373291015625,116.66000366210938
2018-10-25,240.20530700683594,162.86093139648438,135.3980712890625,90.99117279052734,116.4000015258789
2018-10-26,235.98072814941406,158.671875,133.91796875,91.54045104980469,116.7699966430664
2018-10-29,234.67344665527344,155.40625,133.182373046875,91.33346557617188,116.30999755859375
2018-10-30,238.1509552001953,157.96726989746094,135.96104431152344,90.87969207763672,115.80000305175781
2018-10-31,240.6945037841797,161.6803741455078,136.23342895507812,90.41802215576172,115.1500015258789
2018-11-01,243.2560272216797,163.81301879882812,139.37527465820312,90.50176239013672,116.62999725341797
2018-11-02,241.81509399414062,161.26145935058594,139.83837890625,89.37661743164062,116.6500015258789
2018-11-05,243.14926147460938,160.86155700683594,139.7294464111328,89.72772216796875,116.37000274658203
2018-11-06,244.68788146972656,162.08026123046875,140.41952514648438,89.6718521118164,116.04000091552734
2018-11-07,249.92640686035156,167.164306640625,142.934814453125,89.79154968261719,116.02999877929688
2018-11-08,249.47274780273438,166.09800720214844,142.5534210205078,89.7835693359375,115.77999877929688
2018-11-09,247.0358428955078,163.2988739013672,139.9110107421875,90.45391082763672,114.4800033569336
2018-11-12,242.4199676513672,158.35765075683594,137.14146423339844,91.04442596435547,113.66000366210938
2018-11-13,241.96640014648438,158.49090576171875,136.7056121826172,90.98856353759766,113.69999694824219
2018-11-14,240.31216430664062,157.2818145751953,135.70675659179688,91.04442596435547,114.63999938964844
2018-11-15,242.8202362060547,160.0332794189453,137.64093017578125,91.00452423095703,114.7699966430664
2018-11-16,243.4517364501953,159.47157287597656,137.9678497314453,91.53121185302734,115.62000274658203
2018-11-19,239.33380126953125,154.2923126220703,135.1710662841797,91.78656768798828,115.66999816894531
2018-11-20,234.90463256835938,151.53135681152344,132.56497192382812,91.81851196289062,115.66999816894531
2018-11-21,235.70509338378906,152.68336486816406,134.41734313964844,91.78656768798828,115.86000061035156
2018-11-23,234.13084411621094,151.57894897460938,134.29022216796875,91.8823471069336,115.7699966430664
2018-11-26,237.91079711914062,155.08250427246094,136.03370666503906,91.67485046386719,115.63999938964844
2018-11-27,238.71121215820312,155.60617065429688,134.9076690673828,91.7785873413086,114.94999694824219
2018-11-28,244.20758056640625,160.614013671875,138.2401885986328,91.33168029785156,115.37999725341797
2018-11-29,243.67398071289062,160.09039306640625,137.86795043945312,91.6908187866211,115.73999786376953
2018-11-30,245.15921020507812,161.25196838378906,138.5852813720703,92.033935546875,115.54000091552734
2018-12-03,248.405517578125,164.0701141357422,139.9110107421875,92.68744659423828,116.41000366210938
2018-12-04,240.35655212402344,157.77685546875,133.95425415039062,94.23914337158203,117.12000274658203
2018-12-06,239.99195861816406,158.89080810546875,133.66372680664062,94.53512573242188,117.13999938964844
2018-12-07,234.4154815673828,153.6448974609375,130.77610778808594,94.7110824584961,118.08999633789062
2018-12-10,234.8601531982422,155.25390625,130.39474487304688,95.10301971435547,117.68000030517578
2018-12-11,234.9135284423828,155.76800537109375,130.258544921875,95.0870361328125,117.54000091552734
2018-12-12,236.096435546875,157.13897705078125,131.50257873535156,94.66305541992188,117.79000091552734
2018-12-13,236.0164031982422,157.1865997314453,129.6410675048828,94.43914031982422,117.52999877929688
2018-12-14,231.65843200683594,153.3592529296875,127.67970275878906,94.76709747314453,117.05999755859375
2018-12-17,227.1136016845703,149.8842010498047,124.83622741699219,95.31896209716797,117.87000274658203
2018-12-18,226.86460876464844,150.82675170898438,124.68135833740234,95.88981628417969,118.1500015258789
2018-12-19,223.4671173095703,147.12326049804688,122.08475494384766,97.15657043457031,117.43000030517578
2018-12-20,219.82955932617188,144.99058532714844,120.07124328613281,96.80381774902344,119.23999786376953
2018-12-21,215.32533264160156,140.49685668945312,116.95539093017578,96.7877426147461,118.72000122070312
2018-12-24,209.63580322265625,137.0127410888672,114.686767578125,97.26881408691406,120.0199966430664
2018-12-26,220.2276611328125,145.56777954101562,120.19881439208984,96.22655487060547,119.66000366210938
2018-12-27,221.91842651367188,146.13104248046875,120.69988250732422,96.24256134033203,120.56999969482422
2018-12-28,221.6321563720703,146.05470275878906,121.04613494873047,97.0523452758789,121.05999755859375
2018-12-31,223.5733642578125,147.28634643554688,121.99365234375,97.42118072509766,121.25
2019-01-02,223.805908203125,147.87832641601562,122.68607330322266,97.93429565429688,121.33000183105469
2019-01-03,218.46530151367188,143.04710388183594,120.49038696289062,99.04872131347656,122.43000030517578
2019-01-04,225.782958984375,149.16734313964844,124.9910888671875,97.90220642089844,121.44000244140625
2019-01-07,227.5631866455078,150.9432373046875,127.17768859863281,97.61357879638672,121.86000061035156
2019-01-08,229.7012176513672,152.30857849121094,129.12738037109375,97.35700988769531,121.52999877929688
2019-01-09,230.7747802734375,153.54981994628906,130.193359375,97.20468139648438,122.30999755859375
2019-01-10,231.5888214111328,153.989013671875,130.86756896972656,96.5793228149414,121.58999633789062
2019-01-11,231.67828369140625,153.42564392089844,130.90402221679688,96.95616149902344,121.80000305175781
2019-01-14,230.26483154296875,152.0699005126953,129.60116577148438,96.5953369140625,122.08999633789062
2019-01-15,232.9038848876953,155.03929138183594,130.6944580078125,96.24256134033203,121.87999725341797
2019-01-16,233.46742248535156,155.01063537597656,131.66932678222656,96.33877563476562,122.2699966430664
2019-01-17,235.2386932373047,156.23277282714844,132.86282348632812,96.36286163330078,122.11000061035156
2019-01-18,238.3697509765625,157.77957153320312,134.22947692871094,95.85773468017578,121.0199966430664
2019-01-22,235.14923095703125,154.6192169189453,132.10662841796875,96.50717163085938,121.44999694824219
2019-01-23,235.64132690429688,154.8196563720703,131.7422332763672,96.46709442138672,121.27999877929688
2019-01-24,235.76646423339844,155.82215881347656,132.5348358154297,97.10043334960938,121.08999633789062
2019-01-25,237.76136779785156,157.68406677246094,134.23854064941406,96.63543701171875,122.86000061035156
2019-01-28,235.954345703125,155.73631286621094,133.51882934570312,96.53922271728516,123.29000091552734
2019-01-29,235.64132690429688,154.26588439941406,133.19993591308594,97.02833557128906,123.9800033569336
2019-01-30,239.3716583251953,158.1901092529297,134.65765380859375,96.95616149902344,124.69000244140625
2019-01-31,241.4739227294922,160.55796813964844,135.80560302734375,97.78997039794922,124.75
2019-02-01,241.59019470214844,159.8800811767578,135.9149627685547,97.19935607910156,124.5
2019-02-04,243.2899169921875,161.86605834960938,137.53665161132812,96.76541137695312,123.95999908447266
2019-02-05,244.3096923828125,163.2982635498047,137.6824188232422,97.20736694335938,124.27999877929688
2019-02-06,243.98773193359375,162.81124877929688,137.50938415527344,97.255615234375,123.44000244140625
2019-02-07,241.66180419921875,160.6248016357422,136.379638671875,97.8984603881836,123.73999786376953
2019-02-08,241.95697021484375,160.93992614746094,136.525390625,98.31631469726562,124.20999908447266
2019-02-11,242.09109497070312,160.78713989257812,137.6642303466797,97.93058776855469,123.5999984741211
2019-02-12,245.20433044433594,163.16456604003906,139.3861846923828,97.68145751953125,123.86000061035156
2019-02-13,246.00048828125,163.2792205810547,139.7779541015625,97.3118667602539,123.37000274658203
2019-02-14,245.45480346679688,163.47964477539062,140.09681701660156,97.86632537841797,124.05999755859375
2019-02-15,248.1295928955078,164.1671142578125,142.32894897460938,98.01897430419922,124.80000305175781
2019-02-19,248.5590057373047,164.49179077148438,142.72067260742188,98.26807403564453,126.69999694824219
2019-02-20,249.0599822998047,164.46311950683594,143.39495849609375,97.98685455322266,126.4800033569336
2019-02-21,248.17430114746094,163.861572265625,142.84823608398438,97.1109848022461,125.05000305175781
2019-02-22,249.7130126953125,165.07415771484375,144.08737182617188,97.68952178955078,125.5
2019-02-25,250.05287170410156,165.67568969726562,144.12376403808594,97.4002456665039,125.37000274658203
2019-02-26,249.87399291992188,165.84754943847656,143.13072204589844,97.88236236572266,125.58000183105469
2019-02-27,249.76663208007812,165.74253845214844,143.3311309814453,96.77344512939453,124.69000244140625
2019-02-28,249.30148315429688,165.36065673828125,142.83914184570312,96.44400024414062,123.98999786376953
2019-03-01,250.85804748535156,166.5063934326172,144.1693572998047,95.55256652832031,121.87999725341797
2019-03-04,249.94557189941406,166.5349884033203,142.8665008544922,96.30146789550781,121.55999755859375
2019-03-05,249.60565185546875,166.6591033935547,142.20140075683594,96.50276184082031,121.72000122070312
2019-03-06,248.09375,165.7138214111328,139.4134979248047,96.85712432861328,121.61000061035156
2019-03-07,246.01841735839844,163.68014526367188,138.19264221191406,97.48519897460938,121.51000213623047
2019-03-08,245.5263671875,163.43191528320312,138.15621948242188,97.89586639404297,122.83999633789062
2019-03-11,249.0868377685547,166.83096313476562,140.5706024169922,97.60598754882812,122.23999786376953
2019-03-12,250.0260772705078,167.74754333496094,140.6435089111328,98.29048156738281,122.9800033569336
2019-03-13,251.68112182617188,169.00791931152344,141.19923400878906,98.10526275634766,123.83999633789062
2019-03-14,251.5200653076172,168.72145080566406,140.62525939941406,97.39657592773438,122.41000366210938
2019-03-15,252.76266479492188,170.287353515625,140.99880981445312,98.04084777832031,122.97000122070312
2019-03-18,253.6791534423828,170.6929473876953,141.90078735351562,97.98445129394531,123.04000091552734
2019-03-19,253.7420654296875,171.26681518554688,141.18101501464844,97.76708221435547,123.37999725341797
2019-03-20,252.97836303710938,171.9459686279297,140.00433349609375,98.78971862792969,124.18000030517578
2019-03-21,255.83560180664062,174.63380432128906,141.8405303955078,99.00714874267578,123.68000030517578
2019-03-22,250.91175842285156,170.7981414794922,136.67922973632812,100.54520416259766,123.97000122070312
2019-03-25,250.7230987548828,170.47288513183594,137.28211975097656,100.70626068115234,124.91999816894531
2019-03-26,252.5919647216797,171.26681518554688,138.72547912597656,100.63380432128906,124.30000305175781
2019-03-27,251.27113342285156,170.16680908203125,138.1865234375,101.55986022949219,123.6500015258789
2019-03-28,252.22361755371094,170.55892944335938,139.4197540283203,101.91414642333984,121.9000015258789
2019-03-29,253.8139190673828,171.85031127929688,139.84906005859375,101.81752014160156,122.01000213623047
2019-04-01,256.82403564453125,174.12684631347656,141.37464904785156,100.37133026123047,121.52999877929688
2019-04-02,256.94989013671875,174.7867889404297,141.00929260253906,100.55693817138672,121.9800033569336
2019-04-03,257.35418701171875,175.7912139892578,141.74008178710938,99.68533325195312,121.80000305175781
2019-04-04,258.03692626953125,175.72427368164062,142.434326171875,99.9677963256836,122.11000061035156
2019-04-05,259.28594970703125,176.63296508789062,143.76805114746094,100.096923828125,121.9800033569336
2019-04-08,259.483642578125,177.08248901367188,143.53053283691406,99.74180603027344,122.51000213623047
2019-04-09,258.15380859375,176.46078491210938,141.77659606933594,100.05657196044922,123.1500015258789
2019-04-10,259.03436279296875,177.4077606201172,143.70408630371094,100.29866027832031,123.52999877929688
2019-04-11,258.96246337890625,176.9868621826172,143.52139282226562,99.70954132080078,121.94999694824219
2019-04-12,260.7146301269531,177.75209045410156,144.04205322265625,98.99933624267578,121.83000183105469
2019-04-15,260.54388427734375,177.78082275390625,143.57620239257812,99.24952697753906,121.5999984741211
2019-04-16,260.7146301269531,178.3929443359375,143.9142303466797,98.62810516357422,120.51000213623047
2019-04-17,260.07666015625,179.01470947265625,142.59873962402344,98.66847229003906,120.27999877929688
2019-04-18,260.5887756347656,179.2442626953125,142.1785430908203,99.18494415283203,120.37000274658203
2019-04-22,260.81341552734375,179.75123596191406,141.80401611328125,98.70881652832031,120.37000274658203
2019-04-23,263.1585998535156,182.03732299804688,143.941650390625,98.91866302490234,120.12000274658203
2019-04-24,262.57452392578125,181.46343994140625,144.38925170898438,99.72566986083984,120.47000122070312
2019-04-25,262.4128112792969,182.19992065429688,143.1925506591797,99.58038330078125,120.56999969482422
2019-04-26,263.634765625,182.36257934570312,144.5810546875,99.91936492919922,121.37000274658203
2019-04-29,264.0480651855469,182.71646118164062,145.27536010742188,99.28180694580078,120.83000183105469
2019-04-30,264.1828918457031,181.30084228515625,144.59930419921875,99.79027557373047,121.19999694824219
2019-05-01,262.1971435546875,180.71731567382812,143.22906494140625,100.20187377929688,120.4000015258789
2019-05-02,261.6310729980469,179.93299865722656,143.89598083496094,99.72473907470703,119.94000244140625
2019-05-03,264.19189453125,182.8025665283203,146.6456298828125,100.00780487060547,120.6500015258789
2019-05-06,263.1046447753906,181.6833953857422,146.81004333496094,100.28276062011719,120.80999755859375
2019-05-07,258.7109375,178.14427185058594,143.90509033203125,101.05103302001953,121.20999908447266
2019-05-08,258.35150146484375,177.69473266601562,143.20164489746094,100.61431884765625,120.91000366210938
2019-05-09,257.5697326660156,176.73817443847656,142.6809844970703,101.02677154541016,121.19999694824219
2019-05-10,258.8636779785156,176.95814514160156,143.07382202148438,100.88928985595703,121.43000030517578
2019-05-13,252.35838317871094,170.81723022460938,138.51539611816406,101.681884765625,122.66999816894531
2019-05-14,254.6405792236328,172.69203186035156,140.26016235351562,101.38264465332031,122.45999908447266
2019-05-15,256.132080078125,175.1312255859375,140.71693420410156,102.00534057617188,122.38999938964844
2019-05-16,258.5042419433594,176.89120483398438,141.59390258789062,101.6656723022461,121.51000213623047
2019-05-17,256.8330078125,175.0833740234375,139.6207275390625,101.89217376708984,120.6500015258789
2019-05-20,255.13479614257812,172.12770080566406,138.65240478515625,101.681884765625,120.63999938964844
2019-05-21,257.43505859375,173.92599487304688,140.5159912109375,101.52011108398438,120.36000061035156
2019-05-22,256.644287109375,173.1511993408203,139.33753967285156,102.1024169921875,120.23999786376953
2019-05-23,253.50852966308594,170.50160217285156,136.46914672851562,103.25081634521484,121.16999816894531
2019-05-24,254.08352661132812,170.4154815673828,137.7480010986328,103.33977508544922,121.30000305175781
2019-05-28,251.72047424316406,169.77462768554688,136.65182495117188,104.08377838134766,120.83000183105469
2019-05-29,250.0311737060547,168.37808227539062,135.5099334716797,104.39922332763672,120.87000274658203
2019-05-30,250.71414184570312,169.08590698242188,135.1353759765625,105.2968978881836,121.69000244140625
2019-05-31,247.33563232421875,166.38851928710938,133.2444305419922,106.61511993408203,123.33000183105469
2019-06-03,246.70668029785156,162.72500610351562,133.71035766601562,107.32830047607422,125.11000061035156
2019-06-04,252.06187438964844,167.30679321289062,137.1725311279297,106.10458374023438,125.1500015258789
2019-06-05,254.24526977539062,168.55023193359375,137.19993591308594,105.50489807128906,125.47000122070312
2019-06-06,255.8985595703125,169.88941955566406,136.84365844726562,105.84524536132812,125.87999725341797
2019-06-07,258.4592590332031,173.17031860351562,137.81198120117188,106.7610092163086,126.58999633789062
2019-06-10,259.64544677734375,175.18858337402344,138.62498474121094,105.75611877441406,125.33000183105469
2019-06-11,259.58251953125,175.42771911621094,138.21392822265625,105.8209457397461,125.18000030517578
2019-06-12,259.1242370605469,174.41380310058594,138.36923217773438,105.9019775390625,125.83000183105469
2019-06-13,260.193359375,175.44688415527344,139.83082580566406,106.26664733886719,126.5999984741211
2019-06-14,259.9060363769531,174.70074462890625,138.60671997070312,106.53411102294922,126.55999755859375
2019-06-17,260.0047912597656,175.75294494628906,139.56289672851562,106.72050476074219,126.4800033569336
2019-06-18,262.727294921875,178.30690002441406,141.1854705810547,107.25536346435547,127.12000274658203
2019-06-19,263.3202819824219,178.9764862060547,141.689697265625,107.40930938720703,127.88999938964844
2019-06-20,265.8360900878906,180.64080810546875,142.35888671875,107.69295501708984,131.11000061035156
2019-06-21,265.4497375488281,180.37298583984375,141.1304931640625,106.50975036621094,131.97999572753906
2019-06-24,265.1247253417969,180.37875366210938,139.41622924804688,107.303955078125,133.94000244140625
2019-06-25,262.5244140625,177.28231811523438,138.56362915039062,107.6362075805664,134.1999969482422
2019-06-26,262.26251220703125,178.10675048828125,138.2427520751953,106.9474105834961,132.97000122070312
2019-06-27,263.1925048828125,178.7873992919922,140.837158203125,107.70103454589844,132.83999633789062
2019-06-28,264.54681396484375,179.0174560546875,142.55140686035156,107.62812042236328,133.1999969482422
2019-07-01,266.948486328125,181.43321228027344,143.1014404296875,107.37638854980469,130.6199951171875
2019-07-02,267.6438293457031,182.15225219726562,142.2305908203125,108.20464324951172,133.41000366210938
2019-07-03,269.7835388183594,183.52308654785156,143.24810791015625,108.97602844238281,133.6300048828125
2019-07-05,269.4766845703125,183.14923095703125,143.6331329345703,107.53065490722656,132.13999938964844
2019-07-08,267.99591064453125,181.86460876464844,142.26724243164062,107.67684936523438,131.2899932861328
2019-07-09,268.32989501953125,182.77537536621094,142.4597625732422,107.63628387451172,131.75
2019-07-10,269.61199951171875,184.5967559814453,142.707275390625,107.04349517822266,133.8300018310547
2019-07-11,270.2440185546875,184.46258544921875,142.01055908203125,105.61438751220703,132.6999969482422
2019-07-12,271.45391845703125,185.52664184570312,143.1106414794922,105.7362289428711,133.52999877929688
2019-07-15,271.54425048828125,186.12103271484375,142.35888671875,106.34517669677734,133.52999877929688
2019-07-16,270.6684265136719,185.162353515625,142.3130340576172,106.02851104736328,132.39999389648438
2019-07-17,268.82659912109375,184.2516632080078,141.29550170898438,107.17342376708984,134.5800018310547
2019-07-18,269.8107604980469,184.46258544921875,141.82723999023438,107.1814956665039,136.47999572753906
2019-07-19,268.3119201660156,183.1109161376953,141.01133728027344,106.92984008789062,134.47000122070312
2019-07-22,268.97100830078125,184.5680389404297,140.88294982910156,107.13279724121094,134.4499969482422
2019-07-23,270.8941345214844,185.77589416503906,141.81802368164062,106.54814910888672,133.69000244140625
2019-07-24,272.1672668457031,187.07965087890625,144.1648406982422,107.01101684570312,134.3699951171875
2019-07-25,270.8670349121094,185.3061981201172,142.42308044433594,106.49946594238281,133.4199981689453
2019-07-26,272.68182373046875,187.21389770507812,144.10980224609375,106.7511978149414,133.63999938964844
2019-07-29,272.18536376953125,186.5715789794922,143.1472930908203,106.78364562988281,134.52999877929688
2019-07-30,271.51715087890625,185.7663116455078,144.6965789794922,107.04349517822266,134.97999572753906
2019-07-31,268.546630859375,183.1971893310547,143.52313232421875,107.90419006347656,133.2100067138672
2019-08-01,266.20819091796875,182.28640747070312,141.44216918945312,110.04723358154297,136.41000366210938
2019-08-02,264.203857421875,179.60227966308594,139.87457275390625,111.064208984375,135.88999938964844
2019-08-05,256.2583312988281,173.25601196289062,135.67599487304688,112.98432159423828,137.7899932861328
2019-08-06,259.8517150878906,175.68141174316406,136.92266845703125,113.88739776611328,138.91000366210938
2019-08-07,260.0053405761719,176.63043212890625,136.88601684570312,113.92808532714844,141.02000427246094
2019-08-08,265.1065673828125,180.47462463378906,139.83790588378906,114.17211151123047,141.72999572753906
2019-08-09,263.3009033203125,178.77783203125,138.07777404785156,113.9443130493164,141.25999450683594
2019-08-12,260.0955810546875,176.72630310058594,136.29017639160156,116.320068359375,142.6300048828125
2019-08-13,264.1404724121094,180.59922790527344,137.75692749023438,115.92138671875,141.77999877929688
2019-08-14,256.33056640625,175.20205688476562,133.90663146972656,118.53305053710938,142.75
2019-08-15,257.00775146484375,175.00076293945312,133.3749542236328,119.8510513305664,143.6999969482422
2019-08-16,260.79986572265625,177.80953979492188,136.25347900390625,118.8910140991211,142.77999877929688
2019-08-19,263.94189453125,180.6375732421875,137.62855529785156,117.19063568115234,141.11000061035156
2019-08-20,261.9194641113281,179.23794555664062,136.73013305664062,118.40284729003906,142.2100067138672
2019-08-21,264.05029296875,180.82933044433594,137.85775756835938,117.61365509033203,141.75999450683594
2019-08-22,263.9690246582031,180.24449157714844,137.5369110107422,116.83258819580078,141.39999389648438
2019-08-23,257.1882629394531,174.54061889648438,133.31991577148438,118.752685546875,144.1699981689453
2019-08-26,260.03240966796875,177.1768798828125,134.7866973876953,118.27266693115234,144.19000244140625
2019-08-27,259.0120544433594,176.80300903320312,132.7882537841797,120.09513092041016,145.57000732421875
2019-08-28,260.8359375,177.43568420410156,134.3375244140625,120.24974822998047,145.16000366210938
2019-08-29,264.1675720214844,180.148681640625,136.69349670410156,119.7940902709961,144.1199951171875
2019-08-30,264.05029296875,179.71726989746094,136.44601440429688,119.82669067382812,143.75
2019-09-03,262.5062561035156,177.97254943847656,134.4475555419922,119.98152160644531,145.75
2019-09-04,265.4858093261719,180.54168701171875,135.529296875,120.16085052490234,146.66000366210938
2019-09-05,268.8988342285156,183.8490447998047,138.05030822753906,117.98463439941406,143.13999938964844
2019-09-06,269.1064453125,183.6668701171875,137.41770935058594,118.82420349121094,141.9199981689453
2019-09-09,269.24188232421875,183.28343200683594,139.26034545898438,116.71320343017578,141.38999938964844
2019-09-10,269.1786193847656,182.75621032714844,141.038818359375,114.66749572753906,140.17999267578125
2019-09-11,271.09283447265625,184.47216796875,143.92648315429688,114.46369934082031,141.02999877929688
2019-09-12,272.0317687988281,185.23902893066406,143.9632110595703,113.71387481689453,141.32000732421875
2019-09-13,271.85125732421875,184.57760620117188,144.21067810058594,111.28508758544922,140.14999389648438
2019-09-16,271.01165771484375,183.75318908691406,144.75155639648438,112.70326232910156,141.32000732421875
2019-09-17,271.6977844238281,184.6351318359375,144.3756866455078,113.31450653076172,141.60000610351562
2019-09-18,271.8603515625,184.55845642089844,143.48648071289062,113.7953872680664,140.7100067138672
2019-09-19,271.84222412109375,184.8651885986328,142.78973388671875,114.1376953125,141.27999877929688
2019-09-20,270.55780029296875,182.9095458984375,142.4872283935547,115.64551544189453,142.9499969482422
2019-09-23,270.49432373046875,182.99026489257812,142.37728881835938,115.62104034423828,143.75
2019-09-24,268.3717956542969,180.5599822998047,140.2282257080078,117.01478576660156,144.50999450683594
2019-09-25,269.95916748046875,182.5867919921875,141.7645263671875,115.3031997680664,141.8300018310547
2019-09-26,269.396728515625,181.9144287109375,140.18222045898438,116.04491424560547,141.7899932861328
2019-09-27,267.94549560546875,179.6570281982422,139.0598907470703,116.33014678955078,141.05999755859375
2019-09-30,269.1880187988281,181.36683654785156,139.2254638671875,116.6153793334961,138.8699951171875
2019-10-01,265.9862060546875,179.8875732421875,136.4932098388672,116.96651458740234,139.6300048828125
2019-10-02,261.28765869140625,176.79454040527344,135.46286010742188,117.25225067138672,141.25999450683594
2019-10-03,263.42828369140625,178.7349090576172,135.91363525390625,118.32178497314453,141.89999389648438
2019-10-04,266.9930725097656,181.36683654785156,137.2015838623047,119.1954574584961,141.89999389648438
2019-10-07,265.8409729003906,180.81930541992188,136.96241760253906,118.20752716064453,140.69000244140625
2019-10-08,261.7139587402344,178.11050415039062,134.73611450195312,118.52591705322266,141.9199981689453
2019-10-09,264.19927978515625,179.84910583496094,135.3524627685547,117.85646057128906,142.0500030517578
2019-10-10,265.9862060546875,181.2419891357422,135.89523315429688,116.10102844238281,140.80999755859375
2019-10-11,268.7436828613281,183.57620239257812,138.1951446533203,114.6640396118164,140.02999877929688
2019-10-14,268.4443664550781,183.55697631835938,137.68917846679688,115.49691772460938,140.58999633789062
2019-10-15,271.1020202636719,185.89120483398438,139.271484375,114.10066986083984,139.61000061035156
2019-10-16,270.66656494140625,185.43008422851562,139.4186553955078,114.23948669433594,140.41000366210938
2019-10-17,271.46478271484375,185.9199981689453,141.0653839111328,113.96188354492188,140.61000061035156
2019-10-18,270.2766418457031,184.1333465576172,140.39381408691406,113.96188354492188,140.4600067138672
2019-10-21,272.10882568359375,185.76629638671875,141.70933532714844,113.10462188720703,139.7899932861328
2019-10-22,271.2199401855469,184.28701782226562,141.86573791503906,113.76594543457031,140.1999969482422
2019-10-23,272.0091247558594,184.6424102783203,142.04051208496094,113.88024139404297,140.52999877929688
2019-10-24,272.45355224609375,186.43873596191406,141.83816528320312,113.65167999267578,141.52999877929688
2019-10-25,273.5692443847656,187.9276123046875,142.59251403808594,113.09644317626953,141.86000061035156
2019-10-28,275.11126708984375,189.7815704345703,143.8252410888672,112.06771087646484,140.63999938964844
2019-10-29,275.02960205078125,188.31182861328125,144.29437255859375,112.14115142822266,140.25
2019-10-30,275.8731994628906,189.22439575195312,143.81605529785156,113.78228759765625,141.02000427246094
2019-10-31,275.13848876953125,189.3108367919922,143.0064697265625,115.31720733642578,142.42999267578125
2019-11-01,277.687255859375,191.03030395507812,145.44436645507812,114.96224212646484,142.55999755859375
2019-11-04,278.8028564453125,192.21180725097656,146.22630310058594,113.44921112060547,142.14999389648438
2019-11-05,278.4945373535156,192.3175048828125,146.4102783203125,112.17327117919922,139.85000610351562
2019-11-06,278.5579833984375,191.8851776123047,145.56390380859375,112.85216522216797,140.4499969482422
2019-11-07,279.5376892089844,192.52882385253906,145.95033264160156,110.80743408203125,138.27000427246094
2019-11-08,280.22705078125,193.2972412109375,146.34593200683594,110.3412094116211,137.38999938964844
2019-11-11,279.69183349609375,193.0378875732422,146.0698699951172,110.41478729248047,137.05999755859375
2019-11-12,280.2814636230469,193.5950164794922,146.11593627929688,110.92190551757812,137.42999267578125
2019-11-13,280.3721618652344,193.64308166503906,145.49037170410156,111.64167022705078,137.97999572753906
2019-11-14,280.7803955078125,193.48934936523438,145.44436645507812,112.79483795166016,138.55999755859375
2019-11-15,282.8121643066406,194.9110565185547,146.19869995117188,112.672119140625,138.2100067138672
2019-11-18,283.02081298828125,195.0647430419922,145.83070373535156,112.87666320800781,138.6199951171875
2019-11-19,282.93914794921875,195.35287475585938,146.37351989746094,113.8172607421875,138.69000244140625
2019-11-20,281.886962890625,194.18101501464844,145.821533203125,114.99502563476562,138.75999450683594
2019-11-21,281.4334716796875,193.7487335205078,145.1039581298828,114.27523040771484,138.0
2019-11-22,282.05926513671875,193.8736114501953,145.55471801757812,114.42242431640625,137.74000549316406
2019-11-25,284.245361328125,196.1693878173828,148.64576721191406,114.75778198242188,137.0800018310547
2019-11-26,284.8892822265625,196.5440216064453,148.7469940185547,115.428466796875,137.74000549316406
2019-11-27,286.1592712402344,197.91761779785156,149.7957305908203,115.0931396484375,137.00999450683594
2019-11-29,285.09796142578125,197.0146484375,148.82058715820312,114.84777069091797,137.86000061035156
2019-12-02,282.67608642578125,194.9974822998047,147.36703491210938,113.31652069091797,137.7899932861328
2019-12-03,280.7803955078125,193.47018432617188,146.89785766601562,115.69249725341797,139.11000061035156
2019-12-04,282.5128479003906,194.44992065429688,147.90980529785156,114.5372314453125,138.9199981689453
2019-12-05,283.02081298828125,194.834228515625,148.0570068359375,113.98011779785156,139.0
2019-12-06,285.60589599609375,196.9186553955078,149.78652954101562,113.34927368164062,137.6199951171875
2019-12-09,284.7079162597656,196.0252685546875,149.50132751464844,113.59507751464844,137.5800018310547
2019-12-10,284.3904724121094,195.86199951171875,149.59329223632812,113.60325622558594,137.97000122070312
2019-12-11,285.1977233886719,196.89942932128906,149.5473175048828,114.49629211425781,138.9199981689453
2019-12-12,287.6559143066406,198.3690948486328,150.8352813720703,112.61186218261719,138.42999267578125
2019-12-13,287.8281555175781,199.02232360839844,150.2556915283203,113.91461181640625,139.0500030517578
2019-12-16,289.8056640625,201.02032470703125,151.31472778320312,112.89046478271484,139.0399932861328
2019-12-17,289.869140625,201.13555908203125,152.0718994140625,112.73483276367188,139.00999450683594
2019-12-18,289.8872375488281,201.2892608642578,152.36734008789062,111.80902099609375,139.02000427246094
2019-12-19,291.075439453125,202.54762268066406,153.0229034423828,111.98793029785156,139.3800048828125
2019-12-20,292.3515930175781,203.36410522460938,153.24452209472656,112.13558959960938,139.52000427246094
2019-12-23,292.7982177734375,203.9012908935547,153.54922485351562,111.97144317626953,139.9499969482422
2019-12-24,292.807373046875,204.00721740722656,153.90000915527344,112.29154205322266,141.27000427246094
2019-12-26,294.3660888671875,205.80738830566406,153.90000915527344,112.56232452392578,142.3800048828125
2019-12-27,294.2931213378906,205.63406372070312,153.14291381835938,112.68537902832031,142.3300018310547
2019-12-30,292.6706848144531,204.28636169433594,152.75515747070312,112.27510070800781,142.6300048828125
2019-12-31,293.3815612792969,204.67138671875,152.9674835205078,111.17545318603516,142.89999389648438
2020-01-02,296.1253662109375,208.08889770507812,153.069091796875,112.43107604980469,143.9499969482422
2020-01-03,293.88287353515625,206.18275451660156,152.4689178466797,114.1624984741211,145.86000061035156
2020-01-06,295.004150390625,207.51129150390625,152.6720428466797,113.51417541503906,147.38999938964844
2020-01-07,294.1745910644531,207.48239135742188,152.16419982910156,112.95616149902344,147.97000122070312
2020-01-08,295.742431640625,209.04193115234375,152.63507080078125,112.20941162109375,146.86000061035156
2020-01-09,297.747802734375,210.813232421875,152.81976318359375,112.60331726074219,146.02999877929688
2020-01-10,296.8909912109375,210.2740936279297,152.247314453125,113.60447692871094,146.91000366210938
2020-01-13,298.9327697753906,212.7000274658203,153.2352752685547,113.25980377197266,145.82000732421875
2020-01-14,298.4770202636719,211.86248779296875,153.79849243164062,113.84249877929688,145.69000244140625
2020-01-15,299.1514587402344,211.94912719726562,154.5371856689453,114.59741973876953,146.5399932861328
2020-01-16,301.6400146484375,213.98036193847656,156.5315399169922,114.23633575439453,146.30999755859375
2020-01-17,302.57879638671875,215.039306640625,156.10679626464844,113.25980377197266,146.5800018310547
2020-01-21,301.98638916015625,214.9429931640625,154.81419372558594,114.4496841430664,146.74000549316406
2020-01-22,302.02288818359375,215.51100158691406,154.71258544921875,114.85181427001953,146.7899932861328
2020-01-23,302.3691711425781,216.20408630371094,154.61097717285156,115.6559829711914,147.1199951171875
2020-01-24,299.6802062988281,214.38465881347656,152.70899963378906,116.59147644042969,147.97999572753906
2020-01-27,294.8765563964844,209.95645141601562,150.97311401367188,118.4050064086914,148.99000549316406
2020-01-28,297.966552734375,213.18133544921875,152.22885131835938,117.47779846191406,147.66000366210938
2020-01-29,297.7203674316406,213.52789306640625,151.36093139648438,118.62660217285156,148.4600067138672
2020-01-30,298.6866760253906,214.28836059570312,151.36093139648438,118.6429672241211,148.47000122070312
2020-01-31,293.2630920410156,210.89022827148438,148.22157287597656,119.72618865966797,149.3300018310547
2020-02-03,295.4416809082031,214.0765838623047,149.87442016601562,119.62920379638672,148.36000061035156
2020-02-04,299.9445495605469,218.97654724121094,152.13650512695312,118.01815795898438,146.42999267578125
2020-02-05,303.4083251953125,219.6985626220703,154.48179626464844,116.7276611328125,146.61000061035156
2020-02-06,304.4292907714844,221.5950164794922,154.1309051513672,117.25369262695312,147.39999389648438
2020-02-07,302.8067321777344,220.64193725585938,152.2381134033203,118.716796875,147.7899932861328
2020-02-10,305.0672912597656,223.30853271484375,153.09678649902344,119.04561614990234,148.1699981689453
2020-02-11,305.595947265625,223.34706115722656,154.1586151123047,118.445556640625,147.66000366210938
2020-02-12,307.56494140625,225.52267456054688,155.22044372558594,117.84555053710938,147.5399932861328
2020-02-13,307.2367858886719,225.23387145996094,155.62664794921875,118.297607421875,148.3800048828125
2020-02-14,307.72894287109375,225.87892150878906,155.02658081054688,118.8154525756836,149.0
2020-02-18,306.9358825683594,225.9654998779297,154.69415283203125,119.62920379638672,150.91000366210938
2020-02-19,308.4034729003906,228.1314697265625,155.4882049560547,119.62100219726562,151.7899932861328
2020-02-20,307.136474609375,226.0135955810547,155.86672973632812,120.55802917480469,152.41000366210938
2020-02-21,303.9734802246094,221.67201232910156,154.287841796875,121.68412017822266,154.6999969482422
2020-02-24,293.8919677734375,213.12362670898438,149.6435089111328,123.50067138671875,156.08999633789062
2020-02-25,284.9865417480469,207.328369140625,144.32516479492188,124.15827941894531,153.3000030517578
2020-02-26,283.9383544921875,208.3969268798828,142.65391540527344,123.50067138671875,153.97000122070312
2020-02-27,271.1860656738281,197.9617156982422,137.63108825683594,124.84040832519531,154.0
2020-02-28,270.0467224121094,198.11570739746094,135.1103973388672,127.65982818603516,148.3800048828125
2020-03-02,281.74151611328125,208.3391571044922,139.44998168945312,126.7205581665039,149.1999969482422
2020-03-03,273.6745910644531,201.65830993652344,136.60617065429688,128.68797302246094,153.88999938964844
2020-03-04,285.17791748046875,210.0719757080078,140.49339294433594,127.32142639160156,154.16000366210938
2020-03-05,275.6982116699219,203.68948364257812,136.02447509765625,130.4907989501953,157.49000549316406
2020-03-06,271.1405334472656,200.25282287597656,133.32833862304688,137.28196716308594,157.5500030517578
2020-03-09,249.96595764160156,186.3423614501953,120.36483764648438,141.00277709960938,157.80999755859375
2020-03-10,262.9004211425781,196.48880004882812,124.12276458740234,133.7752227783203,154.47999572753906
2020-03-11,250.0844268798828,187.9307403564453,116.22836303710938,128.85264587402344,153.92999267578125
2020-03-12,226.15704345703125,170.6990966796875,103.38487243652344,129.6510772705078,147.7899932861328
2020-03-13,245.49037170410156,185.1582794189453,110.30982208251953,126.7205581665039,143.27999877929688
2020-03-16,218.6278839111328,162.97860717773438,95.67510223388672,134.92771911621094,141.63999938964844
2020-03-17,230.4320831298828,175.339111328125,100.06090545654297,125.93035888671875,143.55999755859375
2020-03-18,218.76466369628906,170.00601196289062,92.3049545288086,118.8262710571289,140.6999969482422
2020-03-19,219.2295684814453,171.02639770507812,95.90593719482422,122.06135559082031,138.0399932861328
2020-03-20,209.78199768066406,164.32626342773438,93.62532806396484,131.23985290527344,140.11000061035156
2020-03-23,204.4182586669922,164.44496154785156,92.24031829833984,136.6481475830078,146.3000030517578
2020-03-24,222.939208984375,177.17919921875,100.67952728271484,134.10452270507812,153.39999389648438
2020-03-25,226.27664184570312,175.86712646484375,101.93083953857422,133.79989624023438,151.3000030517578
2020-03-26,239.48890686035156,185.12838745117188,108.27080535888672,134.45848083496094,153.24000549316406
2020-03-27,232.3555908203125,178.7612762451172,104.33148193359375,138.04757690429688,152.25
2020-03-30,239.90150451660156,185.263427734375,106.63021087646484,136.91160583496094,152.9199981689453
2020-03-31,236.32566833496094,183.68128967285156,106.09259033203125,135.8002471923828,148.0500030517578
2020-04-01,225.6898651123047,175.8767852783203,98.86283874511719,137.70294189453125,149.4499969482422
2020-04-02,230.8977508544922,179.4462432861328,99.7989730834961,138.57676696777344,151.89999389648438
2020-04-03,227.56027221679688,176.89938354492188,96.9719467163086,138.90652465820312,152.64999389648438
2020-04-06,242.84463500976562,189.54676818847656,104.39637756347656,138.54379272460938,156.8800048828125
2020-04-07,243.09217834472656,189.4696044921875,104.6651840209961,137.09292602539062,156.0399932861328
2020-04-08,251.25242614746094,193.4924774169922,109.43870544433594,136.09535217285156,154.64999389648438
2020-04-09,255.07579040527344,193.77220153808594,114.67566680908203,136.3427734375,158.69000244140625
2020-04-13,252.74693298339844,195.8656005859375,111.570556640625,135.09793090820312,161.41000366210938
2020-04-14,260.2011413574219,204.38404846191406,113.83219146728516,135.06488037109375,162.67999267578125
2020-04-15,254.67242431640625,202.03981018066406,109.1884536743164,138.6427001953125,161.85000610351562
2020-04-16,255.9009246826172,205.72503662109375,108.36351013183594,140.21722412109375,161.7100067138672
2020-04-17,262.8143310546875,207.6929931640625,113.13701629638672,138.33767700195312,158.57000732421875
2020-04-20,258.18402099609375,205.23300170898438,111.80229187011719,139.45057678222656,159.6999969482422
2020-04-21,250.34475708007812,197.65997314453125,109.13282012939453,141.2064666748047,158.61000061035156
2020-04-22,255.9009246826172,203.52548217773438,110.45828247070312,139.76382446289062,161.72999572753906
2020-04-23,255.8826446533203,203.09133911132812,111.54273223876953,140.5057373046875,163.33999633789062
2020-04-24,259.4493408203125,206.2942352294922,113.46142578125,140.83555603027344,162.63999938964844
2020-04-27,263.19024658203125,207.9534912109375,117.95689392089844,138.21405029296875,161.55999755859375
2020-04-28,261.9799499511719,204.03677368164062,119.67164611816406,139.80502319335938,160.83999633789062
2020-04-29,268.8381652832031,211.27207946777344,125.55740356445312,139.07958984375,161.72999572753906
2020-04-30,266.33514404296875,211.18528747558594,120.78388977050781,137.45558166503906,158.8000030517578
2020-05-01,259.2842712402344,205.23300170898438,115.99185180664062,138.63270568847656,159.77999877929688
2020-05-04,259.9995422363281,207.62547302246094,116.49239349365234,137.98062133789062,160.33999633789062
2020-05-05,262.4016418457031,209.97938537597656,117.39147186279297,137.09735107421875,161.02000427246094
2020-05-06,260.6229553222656,211.27207946777344,116.52944946289062,134.8852081298828,158.9499969482422
2020-05-07,263.7677917480469,213.9925994873047,118.12371826171875,137.13864135742188,161.38999938964844
2020-05-08,268.1322021484375,216.92530822753906,122.68403625488281,135.35572814941406,160.4199981689453
2020-05-11,268.1872253417969,218.86434936523438,122.07231140136719,134.2991180419922,159.4199981689453
2020-05-12,262.8418273925781,214.28199768066406,117.68809509277344,135.67758178710938,160.0399932861328
2020-05-13,258.1932373046875,211.60011291503906,113.74878692626953,136.62689208984375,161.5800018310547
2020-05-14,261.2829895019531,214.00222778320312,114.11951446533203,137.964111328125,163.00999450683594
2020-05-15,262.4842224121094,215.39144897460938,115.93623352050781,137.60911560058594,163.92999267578125
2020-05-18,270.4793701171875,219.4046173095703,122.98064422607422,134.5880584716797,162.69000244140625
2020-05-19,267.7012939453125,218.85472106933594,120.55218505859375,135.091552734375,164.25999450683594
2020-05-20,272.24896240234375,223.22491455078125,124.20414733886719,135.49600219726562,164.64999389648438
2020-05-21,270.3694152832031,220.79380798339844,124.42665100097656,135.83444213867188,162.25
2020-05-22,270.88287353515625,221.55592346191406,125.02909851074219,136.6516571044922,163.2100067138672
2020-05-26,274.2202453613281,220.9578094482422,128.63470458984375,134.81907653808594,160.88999938964844
2020-05-27,278.3003845214844,222.16371154785156,132.62965393066406,134.5714569091797,161.17999267578125
2020-05-28,277.7869873046875,221.8743133544922,129.48745727539062,134.07626342773438,161.72000122070312
2020-05-29,279.0247497558594,225.12535095214844,128.74594116210938,135.03378295898438,162.91000366210938
2020-06-01,280.1524658203125,225.80067443847656,129.9787139892578,134.1246337890625,163.66000366210938
2020-06-02,282.4721984863281,227.31529235839844,131.05389404296875,133.636962890625,162.60000610351562
2020-06-03,286.2314453125,228.33786010742188,134.21466064453125,131.85997009277344,159.60000610351562
2020-06-04,285.47943115234375,226.73641967773438,134.0199737548828,129.95077514648438,161.27999877929688
2020-06-05,292.7962341308594,231.2320098876953,139.20135498046875,129.02511596679688,158.00999450683594
2020-06-08,296.33538818359375,233.02638244628906,141.8986053466797,129.52102661132812,159.72000122070312
2020-06-09,294.125732421875,234.71461486816406,139.2754669189453,130.9922332763672,161.25999450683594
2020-06-10,292.4844665527344,237.5316162109375,135.49378967285156,132.9344024658203,163.57000732421875
2020-06-11,275.6230163574219,225.76206970214844,125.15885925292969,135.44711303710938,162.38999938964844
2020-06-12,278.9238586425781,227.55648803710938,128.16201782226562,134.14117431640625,162.6199951171875
2020-06-15,281.52777099609375,230.3251953125,131.12513732910156,134.21548461914062,162.3300018310547
2020-06-16,286.946533203125,234.28048706054688,134.27789306640625,132.15756225585938,162.25
2020-06-17,285.7546081542969,235.02330017089844,131.85049438476562,132.70301818847656,162.55999755859375
2020-06-18,285.8645935058594,235.66001892089844,131.8040008544922,134.1081085205078,162.24000549316406
2020-06-19,284.2310485839844,235.6214599609375,131.12513732910156,134.21548461914062,164.02999877929688
2020-06-22,286.0543518066406,238.44717407226562,132.4364471435547,134.2320556640625,165.08999633789062
2020-06-23,287.3711853027344,240.4766082763672,132.9944305419922,133.314697265625,166.47999572753906
2020-06-24,280.040771484375,235.51904296875,128.67909240722656,134.7445068359375,165.89999389648438
2020-06-25,283.04296875,237.7610321044922,130.62286376953125,135.13291931152344,165.8000030517578
2020-06-26,276.3202209472656,232.1463165283203,127.10738372802734,136.57931518554688,166.5399932861328
2020-06-29,280.3815002441406,234.67823791503906,131.2646026611328,136.14959716796875,166.6300048828125
2020-06-30,283.9730224609375,239.2782440185547,133.161865234375,135.48837280273438,167.3699951171875
2020-07-01,285.9623107910156,242.07115173339844,131.89700317382812,135.22518920898438,166.6199951171875
2020-07-02,287.53704833984375,243.7139892578125,132.4364471435547,135.36587524414062,166.97999572753906
2020-07-06,291.9757995605469,249.70565795898438,133.3943634033203,134.81143188476562,167.97999572753906
2020-07-07,288.96441650390625,247.9854278564453,131.03207397460938,136.7063751220703,169.0399932861328
2020-07-08,291.1746826171875,251.25189208984375,132.0085906982422,136.16026306152344,170.08999633789062
2020-07-09,289.5170593261719,253.36819458007812,129.33941650390625,138.32818603515625,169.6300048828125
2020-07-10,292.4731140136719,255.09814453125,131.42266845703125,137.6331787109375,169.19000244140625
2020-07-13,289.940673828125,249.85061645507812,129.7579345703125,138.08828735351562,169.39999389648438
2020-07-14,293.6979675292969,251.61903381347656,131.9063262939453,138.2867889404297,170.19000244140625
2020-07-15,296.3962097167969,252.13124084472656,136.74244689941406,137.64138793945312,170.33999633789062
2020-07-16,295.4201354980469,250.41102600097656,135.93336486816406,138.29515075683594,168.72999572753906
2020-07-17,296.2765808105469,250.70098876953125,136.333251953125,138.0054931640625,170.1199951171875
2020-07-20,298.6709289550781,257.8136291503906,135.74737548828125,138.34478759765625,170.94000244140625
2020-07-21,299.3062744140625,255.12705993652344,137.67250061035156,138.42755126953125,173.0
2020-07-22,301.0099792480469,256.02581787109375,137.7468719482422,138.84129333496094,175.6300048828125
2020-07-23,297.41845703125,249.33840942382812,137.88638305664062,140.4630889892578,177.17999267578125
2020-07-24,295.5029296875,246.9707489013672,135.85899353027344,140.4549102783203,178.6999969482422
2020-07-27,297.6578674316406,251.37750244140625,137.27261352539062,139.9335174560547,182.22999572753906
2020-07-28,295.76995849609375,248.17868041992188,135.90545654296875,140.90167236328125,183.75
2020-07-29,299.4075622558594,251.0392303466797,138.90016174316406,140.66172790527344,185.1300048828125
2020-07-30,298.33941650390625,252.35357666015625,138.35145568847656,141.58848571777344,183.75999450683594
2020-07-31,300.6968994140625,256.8569641113281,137.04942321777344,141.49737548828125,185.42999267578125
2020-08-03,302.787353515625,260.32623291015625,139.2814483642578,140.78504943847656,185.63999938964844
2020-08-04,303.9569396972656,261.29266357421875,140.23939514160156,142.12704467773438,189.58999633789062
2020-08-05,305.8446960449219,261.9400634765625,143.0294952392578,140.88436889648438,191.35000610351562
2020-08-06,307.88922119140625,265.40948486328125,142.97364807128906,141.67141723632812,193.88999938964844
2020-08-07,308.1103210449219,262.3460693359375,145.24298095703125,140.72695922851562,190.80999755859375
2020-08-10,309.0311584472656,261.2250061035156,146.7496337890625,140.0974884033203,190.14999389648438
2020-08-11,306.480224609375,256.27716064453125,145.90330505371094,138.43234252929688,179.94000244140625
2020-08-12,310.7532043457031,262.722900390625,146.49850463867188,137.17323303222656,179.10000610351562
2020-08-13,310.1915283203125,263.32208251953125,146.19163513183594,135.70697021484375,183.3300018310547
2020-08-14,310.2007751464844,263.0128479003906,146.0985870361328,135.17678833007812,182.5399932861328
2020-08-17,311.1861267089844,266.0666198730469,146.8518829345703,135.51649475097656,186.5
2020-08-18,311.8583984375,268.6275329589844,145.44760131835938,136.48568725585938,188.17999267578125
2020-08-19,310.5599365234375,266.8204650878906,145.45689392089844,135.6324005126953,182.24000549316406
2020-08-20,311.5267639160156,270.5216369628906,144.8616485595703,136.85848999023438,183.5
2020-08-21,312.63189697265625,272.39642333984375,143.79212951660156,137.67849731445312,182.02999877929688
2020-08-24,315.7998962402344,274.0973205566406,145.29876708984375,137.4548797607422,181.0
2020-08-25,316.9050598144531,276.25238037109375,145.45689392089844,136.40281677246094,181.22000122070312
2020-08-26,320.0821838378906,282.1473083496094,144.54542541503906,135.8809356689453,183.36000061035156
2020-08-27,320.7820129394531,281.2678527832031,144.89886474609375,133.56976318359375,181.24000549316406
2020-08-28,322.85406494140625,282.6982116699219,146.12644958496094,133.4703369140625,184.38999938964844
2020-08-31,321.6844787597656,284.96923828125,144.5547332763672,134.35675048828125,184.8300018310547
2020-09-01,324.7143249511719,289.83978271484375,146.21022033691406,135.8934326171875,185.0500030517578
2020-09-02,329.41094970703125,292.5843811035156,147.37274169921875,137.1871795654297,182.6199951171875
2020-09-03,318.0744934082031,277.750244140625,143.02020263671875,137.5769805908203,181.13999938964844
2020-09-04,315.4775695800781,274.0489196777344,142.10874938964844,134.96453857421875,181.63999938964844
2020-09-08,306.8577575683594,260.8771667480469,139.3744659423828,135.79396057128906,181.2899932861328
2020-09-09,312.9173889160156,268.54046630859375,141.48562622070312,135.42897033691406,183.0500030517578
2020-09-10,307.48406982421875,263.18670654296875,139.64418029785156,136.11740112304688,182.4600067138672
2020-09-11,307.6405944824219,261.36029052734375,138.71414184570312,136.40756225585938,182.4499969482422
2020-09-14,311.692626953125,265.9119873046875,142.3691864013672,136.39944458007812,183.88999938964844
2020-09-15,313.26739501953125,269.6808776855469,142.6388702392578,136.06761169433594,183.4499969482422
2020-09-16,312.02410888671875,265.3804931640625,143.98741149902344,135.66119384765625,183.97000122070312
2020-09-17,309.27984619140625,261.2347106933594,142.9365234375,136.0759735107422,182.9600067138672
2020-09-18,305.7191467285156,257.9006652832031,142.56446838378906,135.65296936035156,183.1999969482422
2020-09-21,302.3166198730469,258.5191345214844,137.57022094726562,136.34132385253906,179.52000427246094
2020-09-22,305.3955383300781,263.32208251953125,138.6304473876953,136.23348999023438,178.64999389648438
2020-09-23,298.3130798339844,255.28170776367188,134.50035095214844,136.41592407226562,174.7899932861328
2020-09-24,299.1082458496094,256.4703369140625,134.50035095214844,136.93841552734375,175.44000244140625
2020-09-25,303.94390869140625,262.4329528808594,136.68487548828125,136.93841552734375,174.94000244140625
2020-09-28,308.99224853515625,267.8834228515625,140.05508422851562,136.54855346679688,176.6999969482422
2020-09-29,307.3094787597656,266.67547607421875,139.4202423095703,136.70619201660156,178.19000244140625
2020-09-30,309.6394958496094,268.50189208984375,139.8402862548828,135.39585876464844,177.1199951171875
2020-10-01,311.62738037109375,272.7637023925781,142.0715789794922,135.61912536621094,178.6999969482422
2020-10-02,308.66864013671875,265.090576171875,142.6970977783203,135.11276245117188,178.5399932861328
2020-10-05,314.1423645019531,270.7439270019531,146.63677978515625,132.47280883789062,179.41000366210938
2020-10-06,309.67645263671875,265.9119873046875,146.2166748046875,133.18673706054688,177.3000030517578
2020-10-07,315.06695556640625,270.5119934082031,149.40951538085938,132.2153778076172,177.22000122070312
2020-10-08,317.85919189453125,271.95196533203125,151.108642578125,132.92938232421875,177.85000610351562
2020-10-09,320.6977233886719,276.1074523925781,151.89283752441406,132.90443420410156,181.0800018310547
2020-10-12,325.8569641113281,284.6309814453125,152.91041564941406,133.32786560058594,180.55999755859375
2020-10-13,323.7303466796875,284.62127685546875,151.89283752441406,134.2825469970703,177.72000122070312
2020-10-14,321.6962585449219,282.24395751953125,150.38973999023438,134.5897216796875,178.27000427246094
2020-10-15,321.2987060546875,280.3498229980469,151.93951416015625,134.3572998046875,178.9199981689453
2020-10-16,321.1046142578125,278.81329345703125,151.5660858154297,133.98367309570312,178.3000030517578
2020-10-19,316.22265625,274.2615661621094,149.7549285888672,133.47731018066406,178.38999938964844
2020-10-20,317.4893798828125,274.85113525390625,150.0817108154297,132.20716857910156,179.25
2020-10-21,316.8884582519531,274.6384582519531,148.79335021972656,131.75054931640625,180.60000610351562
2020-10-22,318.62664794921875,274.6288757324219,151.36068725585938,130.3806610107422,178.8300018310547
2020-10-23,319.7084045410156,275.1700134277344,152.23828125,131.17767333984375,178.63999938964844
2020-10-26,313.8001708984375,271.0435485839844,148.95208740234375,132.3980255126953,178.5500030517578
2020-10-27,312.7183837890625,273.15985107421875,147.6730499267578,133.286376953125,179.02000427246094
2020-10-28,302.02996826171875,262.5102844238281,143.12652587890625,133.4108428955078,176.1300048828125
2020-10-29,305.09967041015625,267.1007080078125,144.83494567871094,132.11581420898438,175.39999389648438
2020-10-30,301.9190673828125,260.32623291015625,142.921142578125,130.81236267089844,176.1999969482422
2020-11-02,305.3031005859375,260.9060363769531,145.4698486328125,131.79220581054688,177.91000366210938
2020-11-03,310.6935119628906,265.41912841796875,149.5962371826172,131.02764892578125,178.9199981689453
2020-11-04,317.6372375488281,277.26702880859375,149.7642822265625,133.8699951171875,178.82000732421875
2020-11-05,323.8320617675781,284.4956359863281,153.95602416992188,134.1026153564453,182.92999267578125
2020-11-06,323.7580871582031,284.708251953125,152.751708984375,132.48202514648438,183.19000244140625
2020-11-09,327.826416015625,278.89056396484375,158.28782653808594,129.6978759765625,175.0800018310547
2020-11-10,327.3455810546875,273.8944091796875,161.22857666015625,128.94996643066406,175.66000366210938
2020-11-11,329.77734375,280.0213623046875,161.16322326660156,129.4154052734375,174.89999389648438
2020-11-12,326.57806396484375,278.70697021484375,158.68927001953125,131.61767578125,175.9600067138672
2020-11-13,331.0994567871094,281.1519470214844,161.97547912597656,131.44320678710938,177.16000366210938
2020-11-16,335.2324523925781,283.345703125,165.83108520507812,131.12738037109375,177.14999389648438
2020-11-17,333.4294128417969,282.4469909667969,166.60597229003906,131.9833984375,176.5
2020-11-18,329.41668701171875,280.3594970703125,164.27203369140625,132.36569213867188,175.49000549316406
2020-11-19,330.80352783203125,282.5532531738281,165.53236389160156,133.04718017578125,175.16000366210938
2020-11-20,328.538330078125,280.6204528808594,165.709716796875,134.22720336914062,175.69000244140625
2020-11-23,330.5076904296875,280.630126953125,168.80918884277344,133.61228942871094,172.22999572753906
2020-11-24,335.83343505859375,284.57293701171875,171.98338317871094,132.28257751464844,169.58999633789062
2020-11-25,335.31561279296875,286.3221130371094,171.39524841308594,131.8753204345703,169.50999450683594
2020-11-27,336.24945068359375,288.96051025390625,172.1234130859375,133.1551971435547,167.7899932861328
2020-11-30,334.7608337402344,289.5498962402344,168.99594116210938,132.989013671875,166.6699981689453
2020-12-01,338.42230224609375,293.2608337402344,170.56431579589844,131.02813720703125,170.17999267578125
2020-12-02,339.1341857910156,293.6377258300781,170.74169921875,129.98831176757812,171.4600067138672
2020-12-03,339.0417785644531,294.0533752441406,171.70327758789062,131.0364990234375,172.80999755859375
2020-12-04,341.9635009765625,295.2515563964844,175.6990203857422,129.11465454101562,172.32000732421875
2020-12-07,341.2608337402344,296.9234619140625,175.86708068847656,130.27943420410156,174.88999938964844
2020-12-08,342.2594299316406,297.9285583496094,178.1262969970703,130.89501953125,175.5
2020-12-09,339.18975830078125,291.1831359863281,176.82864379882812,130.46240234375,172.5
2020-12-10,339.0787353515625,292.3523864746094,178.53707885742188,131.6188201904297,172.1699981689453
2020-12-11,338.68109130859375,291.7049255371094,177.65953063964844,132.084716796875,172.49000549316406
2020-12-14,337.1648864746094,293.82135009765625,177.86740112304688,131.7186737060547,171.5399932861328
2020-12-15,341.72308349609375,296.9621276855469,182.31576538085938,131.27772521972656,173.94000244140625
2020-12-16,342.2594299316406,298.59539794921875,181.66021728515625,130.92831420898438,174.89999389648438
2020-12-17,344.1732482910156,300.5473937988281,183.823486328125,130.58184814453125,176.74000549316406
2020-12-18,342.799072265625,299.6390075683594,182.93382263183594,130.19044494628906,176.44000244140625
2020-12-21,341.5733642578125,299.0783996582031,182.8402099609375,130.70675659179688,175.8800048828125
2020-12-22,340.9976806640625,299.8916931152344,184.91920471191406,131.38131713867188,174.49000549316406
2020-12-23,341.3041076660156,298.3814697265625,186.4925079345703,130.47360229492188,175.64999389648438
2020-12-24,342.6319580078125,299.6980895996094,186.3707275390625,130.98988342285156,176.35000610351562
2020-12-28,345.57537841796875,302.7187194824219,185.6777801513672,131.0482177734375,175.7100067138672
2020-12-29,344.91619873046875,302.98968505859375,182.08160400390625,130.8816680908203,176.35000610351562
2020-12-30,345.4082946777344,302.9994201660156,183.93589782714844,131.16477966308594,177.6999969482422
2020-12-31,347.1632385253906,303.7449035644531,183.60809326171875,131.35629272460938,178.36000061035156
2021-01-04,342.4369201660156,299.45599365234375,181.21067810058594,131.19810485839844,182.3300018310547
2021-01-05,344.7953796386719,301.92474365234375,184.01080322265625,130.22372436523438,182.8699951171875
2021-01-06,346.8567199707031,297.74249267578125,191.54017639160156,127.55048370361328,179.89999389648438
2021-01-07,352.01025390625,304.94537353515625,194.94898986816406,126.4262466430664,179.47999572753906
2021-01-08,354.0158386230469,308.8663635253906,194.52757263183594,126.01814270019531,173.33999633789062
2021-01-11,351.62945556640625,304.4032897949219,194.3590087890625,125.80998992919922,173.0
2021-01-12,351.7037658691406,303.91912841796875,197.8427276611328,125.70999908447266,174.1199951171875
2021-01-13,352.6508483886719,305.9716491699219,196.4286346435547,127.12577056884766,173.3699951171875
2021-01-14,351.4158935546875,304.33551025390625,200.35255432128906,125.93484497070312,173.27999877929688
2021-01-15,348.85308837890625,301.92474365234375,197.3651123046875,126.43457794189453,171.1300048828125
2021-01-19,351.59234619140625,306.32989501953125,199.8936767578125,126.84264373779297,172.5800018310547
2021-01-20,356.4579162597656,313.455322265625,200.7739715576172,126.96755981445312,175.38999938964844
2021-01-21,356.78289794921875,315.9628601074219,199.0320587158203,126.07646179199219,175.27999877929688
2021-01-22,355.5201110839844,315.0527648925781,201.34518432617188,126.48457336425781,173.89999389648438
2021-01-25,356.9222412109375,317.65704345703125,201.14857482910156,127.97526550292969,174.0500030517578
2021-01-26,356.3651428222656,318.12188720703125,199.75318908691406,127.73368835449219,173.6199951171875
2021-01-27,347.65533447265625,309.253662109375,196.09149169921875,128.05848693847656,172.52000427246094
2021-01-28,350.64520263671875,311.08343505859375,195.46405029296875,127.35062408447266,172.67999267578125
2021-01-29,343.6254577636719,304.53875732421875,192.50473022460938,126.5844497680664,172.61000061035156
2021-02-01,349.3453063964844,312.1483459472656,197.23402404785156,126.73119354248047,174.22999572753906
2021-02-02,354.2850646972656,317.24078369140625,200.04348754882812,125.9140853881836,172.11000061035156
2021-02-03,354.56365966796875,315.982177734375,200.64285278320312,124.79689025878906,171.85000610351562
2021-02-04,358.593505859375,319.71917724609375,204.7352752685547,124.4633560180664,168.14999389648438
2021-02-05,360.0049133300781,320.8034362792969,207.5728759765625,123.4211196899414,169.80999755859375
2021-02-08,362.60491943359375,322.95281982421875,212.8733673095703,123.9631118774414,171.52000427246094
2021-02-09,362.3634338378906,322.88507080078125,213.8754425048828,124.05486297607422,172.0800018310547
2021-02-10,362.2056579589844,322.1492614746094,212.47068786621094,124.88024139404297,172.7100067138672
2021-02-11,362.79058837890625,323.9208984375,212.2272491455078,124.19660186767578,171.2100067138672
2021-02-12,364.5826416015625,325.7314147949219,212.8265838623047,122.6541519165039,170.69000244140625
2021-02-16,364.2668762207031,324.8504638671875,211.48739624023438,120.78649139404297,168.24000549316406
2021-02-17,364.3505554199219,323.2917175292969,209.8297576904297,121.55353546142578,166.3300018310547
2021-02-18,362.7998352050781,321.8782043457031,206.58018493652344,121.06166076660156,166.32000732421875
2021-02-19,362.1591796875,320.4743957519531,210.8880157470703,119.45246887207031,167.00999450683594
2021-02-22,359.37353515625,312.1676940917969,209.52076721191406,118.543701171875,169.50999450683594
2021-02-23,359.8099365234375,311.2383728027344,207.6758575439453,118.20188903808594,169.1199951171875
2021-02-24,363.77490234375,313.80389404296875,212.58309936523438,117.42646789550781,169.0
2021-02-25,355.0093994140625,302.8638610839844,204.72592163085938,115.50880432128906,165.82000732421875
2021-02-26,353.18011474609375,304.13214111328125,204.44497680664062,119.32743072509766,161.80999755859375
2021-03-01,361.7413330078125,313.28106689453125,211.71217346191406,117.75140380859375,161.52999877929688
2021-03-02,358.9185485839844,308.25653076171875,207.638427734375,117.75969696044922,162.41000366210938
2021-03-03,354.1644287109375,299.31085205078125,205.39085388183594,116.48255157470703,160.6199951171875
2021-03-04,349.7817077636719,294.4120788574219,199.6501922607422,115.73125457763672,159.0399932861328
2021-03-05,356.21649169921875,298.84600830078125,203.8831024169922,115.95664978027344,159.13999938964844
2021-03-08,354.4430236816406,290.3845520019531,204.84767150878906,115.05511474609375,157.49000549316406
2021-03-09,359.5035095214844,301.8376159667969,209.15548706054688,116.64955139160156,160.83999633789062
2021-03-10,361.7413330078125,300.9760437011719,212.78909301757812,116.8832778930664,161.66000366210938
2021-03-11,365.4090881347656,307.907958984375,217.4715576171875,116.0401382446289,161.52000427246094
2021-03-12,365.901123046875,305.4101257324219,218.75453186035156,113.57758331298828,161.49000549316406
2021-03-15,368.083251953125,308.6726989746094,219.53182983398438,114.24542236328125,162.1999969482422
2021-03-16,367.6189880371094,310.366943359375,215.86080932617188,113.78628540039062,162.35000610351562
2021-03-17,368.87255859375,311.64495849609375,217.55581665039062,112.934814453125,163.50999450683594
2021-03-18,363.5055236816406,302.09906005859375,210.9348602294922,111.79119873046875,162.55999755859375
2021-03-19,362.8329772949219,303.1640319824219,212.5269317626953,112.48405456542969,163.24000549316406
2021-03-22,365.7301940917969,308.84930419921875,210.92547607421875,113.74453735351562,163.0
2021-03-23,362.85162353515625,307.5019226074219,203.27435302734375,114.77129364013672,161.80999755859375
2021-03-24,361.0070495605469,302.3157958984375,198.5731964111328,115.3890380859375,162.3699951171875
2021-03-25,363.0379333496094,301.7923278808594,203.28135681152344,114.47913360595703,161.77999877929688
2021-03-26,368.8882751464844,306.31927490234375,206.98745727539062,114.07847595214844,162.24000549316406
2021-03-29,368.7019348144531,306.23211669921875,201.160888671875,113.11009979248047,160.30999755859375
2021-03-30,367.7237548828125,304.6907043457031,204.54800415039062,113.70284271240234,157.57000732421875
2021-03-31,369.2142028808594,309.35345458984375,207.2970428466797,113.06840515136719,159.9600067138672
2021-04-01,373.20147705078125,314.6267395019531,209.9241485595703,114.94499206542969,161.97999572753906
2021-04-05,378.5580749511719,320.9081726074219,211.07818603515625,114.44346618652344,161.9199981689453
2021-04-06,378.3345031738281,320.68524169921875,210.45896911621094,115.22090148925781,163.22000122070312
2021-04-07,378.7722473144531,321.4606628417969,207.06251525878906,114.41842651367188,162.75999450683594
2021-04-08,380.5702209472656,324.8147277832031,208.81700134277344,115.36292266845703,164.50999450683594
2021-04-09,383.3371276855469,326.7826232910156,208.84515380859375,114.94499206542969,163.27000427246094
2021-04-12,383.4768371582031,326.3560485839844,208.02890014648438,114.89486694335938,162.27999877929688
2021-04-13,384.6134033203125,330.1656494140625,207.4846954345703,115.755859375,163.42999267578125
2021-04-14,383.29986572265625,326.20098876953125,209.53009033203125,115.38800811767578,162.72000122070312
2021-04-15,387.41741943359375,331.1447448730469,210.44020080566406,117.31897735595703,165.35000610351562
2021-04-16,388.7123107910156,331.532470703125,210.77793884277344,116.40782928466797,166.35000610351562
2021-04-19,386.8025817871094,328.4984436035156,208.03826904296875,116.0734634399414,165.88999938964844
2021-04-20,383.9706115722656,326.1040344238281,203.7786102294922,116.60843658447266,166.47999572753906
2021-04-21,387.6037292480469,328.8958740234375,208.76072692871094,116.84252166748047,168.1300048828125
2021-04-22,384.0636901855469,324.93109130859375,207.8975372314453,117.3523941040039,167.0399932861328
2021-04-23,388.22784423828125,329.0217590332031,211.81944274902344,117.0765380859375,166.39999389648438
2021-04-26,389.03826904296875,331.1641540527344,214.0242919921875,116.90928649902344,166.83999633789062
2021-04-27,388.95458984375,329.72943115234375,214.34332275390625,115.88956451416016,166.4199981689453
2021-04-28,388.8427734375,328.61474609375,214.70924377441406,115.96482849121094,166.91000366210938
2021-04-29,391.32073974609375,329.79736328125,213.91175842285156,115.6220703125,166.22000122070312
2021-04-30,388.74957275390625,327.6355895996094,211.00315856933594,115.88956451416016,165.66000366210938
2021-05-03,389.5879821777344,325.8907775878906,212.03521728515625,115.95906066894531,167.80999755859375
2021-05-04,387.1845397949219,320.026123046875,209.501953125,116.7459716796875,166.5800018310547
2021-05-05,387.3056335449219,318.9501647949219,208.66690063476562,116.93848419189453,167.27000427246094
2021-05-06,390.3985290527344,321.3541564941406,208.84515380859375,117.13101196289062,170.05999755859375
2021-05-07,393.23980712890625,323.9617004394531,211.4722900390625,116.55343627929688,171.58999633789062
2021-05-10,389.34576416015625,315.7803955078125,206.09609985351562,115.37309265136719,172.11000061035156
2021-05-11,385.87103271484375,315.34405517578125,205.43930053710938,114.7200927734375,172.13999938964844
2021-05-12,377.6730651855469,307.1819763183594,198.76841735839844,113.51464080810547,170.42999267578125
2021-05-13,382.2099304199219,309.5569763183594,202.42752075195312,113.6904067993164,171.1300048828125
2021-05-14,388.07879638671875,316.3910217285156,207.3721466064453,114.75360107421875,172.69000244140625
2021-05-17,387.09136962890625,314.4716491699219,207.65357971191406,114.51084899902344,174.6999969482422
2021-05-18,383.7563171386719,312.3487243652344,206.0773162841797,114.21784973144531,175.0399932861328
2021-05-19,382.75018310546875,312.7073974609375,204.4916534423828,113.94155883789062,175.16000366210938
2021-05-20,386.8677978515625,318.7562255859375,205.85215759277344,114.87914276123047,175.9600067138672
2021-05-21,386.55108642578125,316.9920349121094,206.38694763183594,115.24749755859375,176.0399932861328
2021-05-24,390.49169921875,322.32342529296875,207.7286376953125,115.67440032958984,176.35000610351562
2021-05-25,389.6252746582031,322.7694396972656,205.72079467773438,116.7459716796875,177.9499969482422
2021-05-26,390.3985290527344,323.8939208984375,209.55821228027344,116.54505157470703,177.63999938964844
2021-05-27,390.6033935546875,322.6822204589844,211.71621704101562,116.07623291015625,177.7100067138672
2021-05-28,391.3021240234375,323.70001220703125,211.5754852294922,115.89208984375,178.3800048828125
2021-06-01,390.9573974609375,322.6240539550781,213.9774169921875,115.8660659790039,177.89999389648438
2021-06-02,391.5723571777344,323.2541198730469,214.2307586669922,116.13433837890625,178.77000427246094
2021-06-03,390.1189270019531,319.8903503417969,212.43865966796875,115.69841003417969,175.27000427246094
2021-06-04,393.68701171875,325.3188781738281,213.35813903808594,117.28288269042969,177.16000366210938
2021-06-07,393.3049621582031,326.2881774902344,216.2198028564453,116.92240905761719,177.8699951171875
2021-06-08,393.38885498046875,326.44329833984375,218.50918579101562,117.74397277832031,177.32000732421875
2021-06-09,392.80194091796875,326.52081298828125,217.0548553466797,118.7835464477539,176.97999572753906
2021-06-10,394.6278991699219,329.92327880859375,215.4452362060547,119.49605560302734,177.74000549316406
2021-06-11,395.280029296875,330.7860107421875,217.71922302246094,119.30326080322266,175.74000549316406
2021-06-14,396.1650085449219,333.9559631347656,217.08021545410156,118.38946533203125,174.7100067138672
2021-06-15,395.4383544921875,331.7747802734375,216.46006774902344,118.24699401855469,174.0500030517578
2021-06-16,393.23052978515625,330.56304931640625,215.99960327148438,118.14632415771484,171.11000061035156
2021-06-17,393.10003662109375,334.7604064941406,213.57530212402344,119.91524505615234,165.85000610351562
2021-06-18,387.79693603515625,332.13348388671875,208.72666931152344,122.17034912109375,164.92999267578125
2021-06-21,393.3486328125,334.19775390625,213.19004821777344,120.12481689453125,166.9499969482422
2021-06-22,395.4516296386719,337.3130187988281,214.15794372558594,120.41827392578125,166.25
2021-06-23,394.9750061035156,337.4779357910156,214.86264038085938,120.1080322265625,166.13999938964844
2021-06-24,397.3115234375,339.5645446777344,217.897705078125,120.30087280273438,166.0399932861328
2021-06-25,398.7228088378906,339.14715576171875,218.26422119140625,119.05179595947266,166.58999633789062
2021-06-28,399.5266418457031,343.2716979980469,216.5352325439453,120.27574157714844,166.5800018310547
2021-06-29,399.7415466308594,344.5140075683594,215.50160217285156,120.47691345214844,164.8300018310547
2021-06-30,400.07806396484375,343.97052001953125,215.52978515625,121.0134048461914,165.6300048828125
2021-07-01,402.29315185546875,344.10638427734375,217.4279022216797,121.02021026611328,166.1999969482422
2021-07-02,405.3681335449219,348.0563659667969,215.36065673828125,121.75047302246094,167.2899932861328
2021-07-06,404.6297912597656,349.560546875,212.2315673828125,123.17754364013672,168.1199951171875
2021-07-07,406.0596618652344,350.298095703125,210.25833129882812,124.26870727539062,168.75999450683594
2021-07-08,402.75103759765625,348.18243408203125,208.32260131835938,124.75566864013672,168.64999389648438
2021-07-09,407.05035400390625,350.35638427734375,212.72023010253906,123.00125885009766,169.2100067138672
2021-07-12,408.5083312988281,351.7247619628906,212.89877319335938,122.84172821044922,169.0
2021-07-13,407.11578369140625,351.7247619628906,208.8863983154297,121.90149688720703,169.22000122070312
2021-07-14,407.7232971191406,352.3555908203125,205.66339111328125,123.28660583496094,171.0399932861328
2021-07-15,406.33074951171875,349.880859375,204.49818420410156,124.646484375,171.07000732421875
2021-07-16,403.1436462402344,347.04693603515625,201.97988891601562,124.41146850585938,169.41000366210938
2021-07-19,397.1899719238281,344.2035217285156,198.9541778564453,127.13959503173828,169.61000061035156
2021-07-20,402.8819580078125,348.2018127441406,205.12777709960938,125.91407012939453,169.38999938964844
2021-07-21,406.1437683105469,350.89013671875,208.66087341308594,124.3191146850586,168.75999450683594
2021-07-22,406.9942321777344,353.2095642089844,205.3438720703125,125.49435424804688,169.08999633789062
2021-07-23,411.1814270019531,357.3341369628906,206.3023223876953,124.65492248535156,168.55999755859375
2021-07-26,412.1907958984375,357.6155700683594,206.9037322998047,124.28555297851562,168.16000366210938
2021-07-27,410.3122863769531,353.6754455566406,204.48880004882812,125.61185455322266,168.44000244140625
2021-07-28,410.14398193359375,355.0340881347656,207.49575805664062,125.62026977539062,169.2899932861328
2021-07-29,411.8450012207031,355.6649169921875,209.09315490722656,124.92350769042969,171.1699981689453
2021-07-30,409.844970703125,353.811279296875,207.7117919921875,125.51109313964844,169.82000732421875
2021-08-02,408.9850769042969,353.84033203125,206.6781768798828,126.630615234375,169.61000061035156
2021-08-03,412.31231689453125,355.9851989746094,207.53326416015625,126.69783020019531,169.49000549316406
2021-08-04,410.2841796875,356.49957275390625,204.94918823242188,126.9583740234375,169.52999877929688
2021-08-05,412.8824768066406,358.7607727050781,208.63265991210938,126.31120300292969,168.86000061035156
2021-08-06,413.5647277832031,357.18853759765625,209.91064453125,124.2016830444336,164.63999938964844
2021-08-09,413.22833251953125,357.8485412597656,208.7548370361328,123.75621795654297,161.72000122070312
2021-08-10,413.7423095703125,356.01434326171875,209.16827392578125,123.18478393554688,161.77000427246094
2021-08-11,414.7703857421875,355.40289306640625,210.19248962402344,123.10907745361328,164.0
2021-08-12,416.01348876953125,356.68389892578125,209.6945343017578,122.90737915039062,164.0399932861328
2021-08-13,416.7705383300781,357.93585205078125,207.7869873046875,124.84888458251953,166.38999938964844
2021-08-16,417.7519226074219,358.0911865234375,205.85130310058594,125.15137481689453,167.22000122070312
2021-08-17,415.0133972167969,354.9371032714844,203.34242248535156,125.1009521484375,166.97000122070312
2021-08-18,410.4710998535156,351.52093505859375,201.5664520263672,125.52119445800781,167.10000610351562
2021-08-19,411.106689453125,353.2192687988281,199.1514892578125,126.44570922851562,166.61000061035156
2021-08-20,414.3779296875,356.8780517578125,202.51551818847656,126.52972412109375,166.6999969482422
2021-08-23,418.0229797363281,362.21575927734375,206.3681182861328,126.44570922851562,168.72999572753906
2021-08-24,418.68658447265625,363.3221130371094,208.3977813720703,125.46236419677734,168.64999389648438
2021-08-25,419.56512451171875,363.73931884765625,209.13072204589844,124.42019653320312,167.47999572753906
2021-08-26,417.0883483886719,361.4296875,206.91310119628906,124.76483917236328,167.6699981689453
2021-08-27,420.8175048828125,364.9428405761719,212.74839782714844,125.61365509033203,170.19000244140625
2021-08-30,422.6680908203125,369.0382995605469,211.87451171875,125.94140625,169.35000610351562
2021-08-31,422.0418395996094,368.7374267578125,212.28799438476562,125.0841293334961,169.69000244140625
2021-09-01,422.2662048339844,369.3487243652344,213.7162322998047,125.29364013671875,169.6999969482422
2021-09-02,423.5653381347656,369.17413330078125,215.200927734375,125.84066772460938,169.25
2021-09-03,423.4625244140625,370.30963134765625,214.204833984375,124.69622039794922,171.05999755859375
2021-09-07,421.9483642578125,370.8337097167969,212.7296142578125,123.64427947998047,167.7100067138672
2021-09-08,421.4344177246094,369.54290771484375,210.4086151123047,124.4858169555664,167.2899932861328
2021-09-09,419.6304931640625,368.27154541015625,210.3052978515625,125.99214935302734,168.02999877929688
2021-09-10,416.3218688964844,365.4766540527344,208.24740600585938,124.88137817382812,167.17999267578125
2021-09-13,417.3874206542969,365.2242431640625,209.43141174316406,125.63873291015625,167.74000549316406
2021-09-14,415.1349182128906,364.18585205078125,206.7627410888672,127.16190338134766,168.82000732421875
2021-09-15,418.6024169921875,366.8935241699219,208.63265991210938,126.71583557128906,167.8300018310547
2021-09-16,417.9388122558594,367.145751953125,208.78306579589844,126.13524627685547,164.02999877929688
2021-09-17,413.86767578125,362.79803466796875,209.0555419921875,125.52931213378906,163.77000427246094
2021-09-20,406.9667663574219,355.30145263671875,204.08473205566406,127.08615112304688,164.94000244140625
2021-09-21,406.58233642578125,355.7386169433594,204.3948516845703,126.97669982910156,166.0399932861328
2021-09-22,410.5484619140625,359.0614013671875,207.5708465576172,127.73408508300781,165.4199981689453
2021-09-23,415.5365905761719,362.3743591308594,211.24493408203125,124.84771728515625,163.50999450683594
2021-09-24,416.22119140625,362.71441650390625,210.22613525390625,123.6275405883789,163.3000030517578
2021-09-27,415.0303039550781,359.8192443847656,213.4212188720703,123.17308807373047,163.63999938964844
2021-09-28,406.6667175292969,349.6372375488281,208.5673065185547,121.25442504882812,162.0500030517578
2021-09-29,407.3512268066406,349.06396484375,208.12432861328125,121.46480560302734,161.32000732421875
2021-09-30,402.3724060058594,347.7815246582031,206.17330932617188,121.44794464111328,164.22000122070312
2021-10-01,407.1542663574219,349.9383850097656,209.50035095214844,122.47003173828125,164.58999633789062
2021-10-04,401.9035949707031,342.5932922363281,207.5965118408203,122.15827178955078,165.36000061035156
2021-10-05,406.08538818359375,347.218017578125,208.31285095214844,120.9786376953125,164.58999633789062
2021-10-06,407.7731628417969,349.44287109375,207.22889709472656,121.66114044189453,165.02999877929688
2021-10-07,411.2985534667969,352.6490173339844,210.42401123046875,120.38884735107422,164.16000366210938
2021-10-08,410.5484619140625,350.8905029296875,208.84059143066406,119.54620361328125,164.22999572753906
2021-10-11,407.57623291015625,348.19921875,207.64364624023438,119.2428970336914,163.9199981689453
2021-10-12,406.5729064941406,346.9848327636719,208.78404235839844,121.28202056884766,164.66000366210938
2021-10-13,408.03558349609375,349.76348876953125,209.77369689941406,122.46160888671875,167.58999633789062
2021-10-14,414.8990783691406,356.2049560546875,212.88397216796875,122.91661071777344,168.0
2021-10-15,418.0588073730469,358.4493408203125,212.2147979736328,122.20039367675781,165.3300018310547
2021-10-18,419.2964782714844,362.0537109375,212.09226989746094,122.7733383178711,164.9199981689453
2021-10-19,422.53131103515625,364.7935791015625,212.88397216796875,121.07970428466797,165.4499969482422
2021-10-20,424.19091796875,364.3175354003906,214.29774475097656,120.26243591308594,166.89999389648438
2021-10-21,425.2973327636719,366.5423889160156,214.84439086914062,120.11919403076172,166.75
2021-10-22,424.85662841796875,363.462646484375,214.33543395996094,121.44205474853516,167.77000427246094
2021-10-25,427.1350402832031,367.1837158203125,216.37123107910156,121.25669860839844,168.92999267578125
2021-10-26,427.5195007324219,368.3398132324219,214.74070739746094,122.25934600830078,167.67999267578125
2021-10-27,425.6254577636719,369.19476318359375,210.79159545898438,124.48381805419922,168.1199951171875
2021-10-28,429.7322998046875,373.29486083984375,214.99517822265625,124.0625228881836,168.0800018310547
2021-10-29,430.6042785644531,375.1310119628906,214.93862915039062,124.4416732788086,166.64999389648438
2021-11-01,431.3450012207031,376.41351318359375,220.50885009765625,123.54570007324219,167.52000427246094
2021-11-02,433.08892822265625,377.9874572753906,220.97067260742188,124.0940170288086,167.16000366210938
2021-11-03,435.73309326171875,382.0000915527344,224.9197540283203,122.81169891357422,165.77000427246094
2021-11-04,437.7864685058594,386.8967590332031,224.83493041992188,124.10252380371094,167.64999389648438
2021-11-05,439.3054504394531,387.2658996582031,227.90753173828125,125.95858764648438,169.83999633789062
2021-11-08,439.6804504394531,386.7412414550781,228.61439514160156,125.72235870361328,170.4499969482422
2021-11-09,438.2272644042969,384.0792541503906,227.2854461669922,127.35910034179688,171.2899932861328
2021-11-10,434.7017822265625,378.4343566894531,223.70396423339844,125.03053283691406,173.14999389648438
2021-11-11,434.84228515625,379.4836120605469,225.50411987304688,124.84495544433594,174.1199951171875
2021-11-12,438.12396240234375,383.4768371582031,225.7303009033203,124.29656982421875,174.4499969482422
2021-11-15,438.2740173339844,383.3893127441406,224.83493041992188,122.73577117919922,174.17999267578125
2021-11-16,440.0086364746094,386.1195068359375,225.24966430664062,122.42363739013672,172.9199981689453
2021-11-17,438.9397888183594,386.32354736328125,222.2996063232422,123.393798828125,174.5
2021-11-18,440.4306335449219,390.32635498046875,221.35708618164062,123.85786437988281,173.94000244140625
2021-11-19,439.6429443359375,392.50262451171875,219.34014892578125,125.16556549072266,172.61000061035156
2021-11-22,438.40533447265625,387.9460144042969,218.40704345703125,123.6975326538086,168.74000549316406
2021-11-23,438.9866638183594,386.1777648925781,218.030029296875,121.90898132324219,167.27999877929688
2021-11-24,440.15863037109375,387.42144775390625,218.26571655273438,123.86629486083984,167.1199951171875
2021-11-26,430.3417053222656,380.07635498046875,210.03759765625,126.9962387084961,166.85000610351562
2021-11-29,435.6205139160156,388.3249816894531,209.9056396484375,125.97539520263672,166.6199951171875
2021-11-30,427.1443786621094,382.6218566894531,205.6266632080078,127.89054870605469,165.5
2021-12-01,422.4001159667969,376.11236572265625,200.99896240234375,128.6795196533203,166.16000366210938
2021-12-02,428.8696594238281,378.822998046875,206.6068878173828,128.83998107910156,165.24000549316406
2021-12-03,425.137939453125,372.23577880859375,202.36558532714844,130.3772735595703,166.6300048828125
2021-12-06,430.1729431152344,375.218505859375,206.42779541015625,128.58657836914062,166.22000122070312
2021-12-07,439.07098388671875,386.5177307128906,211.21571350097656,127.54757690429688,166.80999755859375
2021-12-08,440.2336730957031,388.24713134765625,212.65777587890625,125.3429946899414,166.89999389648438
2021-12-09,437.2613525390625,382.5344543457031,207.84152221679688,126.04402923583984,165.8800048828125
2021-12-10,441.3775939941406,386.69268798828125,207.26661682128906,125.739990234375,166.5800018310547
2021-12-13,437.4676208496094,381.106201171875,204.23765563964844,127.59832763671875,167.0
2021-12-14,434.4578857421875,377.1616516113281,202.479248046875,127.29423522949219,165.44000244140625
2021-12-15,441.24627685546875,385.7599792480469,205.6935577392578,126.06939697265625,166.14999389648438
2021-12-16,437.3551940917969,375.8403015136719,201.53392028808594,126.11845397949219,168.16000366210938
2021-12-17,432.70037841796875,373.9651184082031,203.38682556152344,127.547607421875,167.8000030517578
2021-12-20,428.0993347167969,370.3376159667969,200.53179931640625,126.59203338623047,167.08999633789062
2021-12-21,435.70196533203125,378.6258544921875,206.2607421875,126.11002349853516,167.02000427246094
2021-12-22,440.05841064453125,383.2369689941406,208.24603271484375,126.69351959228516,168.58999633789062
2021-12-23,442.7965087890625,386.126220703125,209.9098663330078,125.59413146972656,168.97000122070312
2021-12-27,449.06304931640625,392.50787353515625,211.87625122070312,125.89856719970703,169.3699951171875
2021-12-28,448.69598388671875,390.68865966796875,210.58111572265625,125.39970397949219,168.63999938964844
2021-12-29,449.2701110839844,390.6303405761719,210.8079833984375,124.02973175048828,168.58999633789062
2021-12-30,448.028076171875,389.46295166015625,210.7512664794922,125.06989288330078,169.8000030517578
2021-12-31,446.89898681640625,387.03094482421875,210.29747009277344,125.31510162353516,170.9600067138672
2022-01-03,449.4864196777344,390.7567443847656,213.01068115234375,122.02558898925781,168.3300018310547
2022-01-04,449.33587646484375,385.68853759765625,212.6892547607422,121.5181655883789,169.57000732421875
2022-01-05,440.7076721191406,373.8396911621094,205.4855499267578,120.85861206054688,169.05999755859375
2022-01-06,440.2936706542969,373.5769958496094,206.65780639648438,121.17144012451172,166.99000549316406
2022-01-07,438.552978515625,369.5301513671875,204.26600646972656,120.3005142211914,167.75
2022-01-10,438.0072937011719,369.7733459472656,203.5569610595703,120.59640502929688,168.25999450683594
2022-01-11,441.9967041015625,375.328125,205.7218780517578,121.39981079101562,170.2899932861328
2022-01-12,443.19171142578125,376.81646728515625,204.1904296875,120.93467712402344,170.74000549316406
2022-01-13,437.0851745605469,367.3900146484375,202.31854248046875,122.00871276855469,170.16000366210938
2022-01-14,437.2638854980469,369.6761169433594,202.60214233398438,120.16515350341797,169.6699981689453
2022-01-18,429.5201416015625,360.4732666015625,196.47618103027344,118.4738998413086,169.38999938964844
2022-01-19,425.06011962890625,356.5140075683594,193.28082275390625,119.29415130615234,172.0800018310547
2022-01-20,420.3555908203125,351.88348388671875,189.78292846679688,120.02984619140625,171.64999389648438
2022-01-21,412.1037292480469,342.126220703125,186.22836303710938,121.45897674560547,171.08999633789062
2022-01-24,413.85394287109375,343.6923522949219,190.52032470703125,120.46114349365234,172.02999877929688
2022-01-25,408.8011169433594,335.7251281738281,187.97731018066406,120.26663208007812,172.5800018310547
2022-01-26,407.77545166015625,335.1997985839844,185.2640838623047,118.81212615966797,169.7899932861328
2022-01-27,405.7619323730469,331.8242492675781,181.05718994140625,120.99388885498047,167.60000610351562
2022-01-28,415.8392028808594,342.2331848144531,184.58340454101562,121.03614807128906,167.10000610351562
2022-01-31,423.32891845703125,353.17730712890625,190.24618530273438,120.4103775024414,168.08999633789062
2022-02-01,426.1893310546875,355.58001708984375,192.25035095214844,120.01069641113281,168.22999572753906
2022-02-02,430.3293762207031,358.46929931640625,190.34072875976562,120.41716003417969,168.83999633789062
2022-02-03,420.2145080566406,343.9356384277344,186.73887634277344,119.47720336914062,168.60000610351562
2022-02-04,422.1903991699219,348.2743835449219,187.54244995117188,117.71580505371094,168.86000061035156
2022-02-07,420.83544921875,345.4726867675781,188.46888732910156,117.7920913696289,170.11000061035156
2022-02-08,424.29803466796875,349.3541564941406,191.6831512451172,117.00447845458984,170.6300048828125
2022-02-09,430.5081481933594,356.7571716308594,195.3228302001953,117.22468566894531,171.2100067138672
2022-02-10,422.7738037109375,348.682861328125,192.32601928710938,115.36168670654297,170.55999755859375
2022-02-11,414.4372253417969,337.6220703125,190.37857055664062,117.07227325439453,173.80999755859375
2022-02-14,413.0822448730469,338.0404052734375,189.71676635742188,115.61573028564453,174.74000549316406
2022-02-15,419.7440185546875,346.4454650878906,194.80287170410156,114.30319213867188,173.0800018310547
2022-02-16,420.2145080566406,346.35791015625,195.20938110351562,114.98064422607422,174.86000061035156
2022-02-17,411.2380676269531,336.055908203125,190.20835876464844,115.83595275878906,177.25
2022-02-18,408.5753479003906,332.2230529785156,188.5728759765625,117.0553207397461,177.1199951171875
2022-02-22,404.19061279296875,328.88629150390625,185.91641235351562,117.36016845703125,177.49000549316406
2022-02-23,397.020751953125,320.4619140625,182.4374542236328,115.74275970458984,178.2899932861328
2022-02-24,402.9956970214844,331.23077392578125,187.22097778320312,115.81900787353516,177.13999938964844
2022-02-25,411.88739013671875,336.3672180175781,191.43736267089844,115.90363311767578,176.5500030517578
2022-02-28,410.83349609375,337.369140625,192.21258544921875,118.44403076171875,178.3800048828125
2022-03-01,404.57635498046875,332.2035217285156,188.59178161621094,119.81352233886719,181.6199951171875
2022-03-02,412.01910400390625,337.7777404785156,193.08230590820312,115.71800994873047,179.72999572753906
2022-03-03,409.96783447265625,332.95263671875,190.7945556640625,116.89665222167969,180.8000030517578
2022-03-04,406.6369934082031,328.12750244140625,187.8071746826172,118.9146728515625,183.67999267578125
2022-03-07,394.64971923828125,316.0257568359375,183.13702392578125,118.00737762451172,186.41000366210938
2022-03-08,391.6575927734375,314.55682373046875,184.14857482910156,116.82030487060547,191.50999450683594
2022-03-09,402.15826416015625,325.8803405761719,189.33863830566406,115.67556762695312,185.82000732421875
2022-03-10,400.34228515625,322.261474609375,188.99832153320312,114.01361083984375,186.39999389648438
2022-03-11,395.2518615722656,315.5782470703125,185.9825897216797,114.3951644897461,185.08999633789062
2022-03-14,392.3632507324219,309.5177917480469,182.1822052001953,111.72418975830078,182.3000030517578
2022-03-15,400.99151611328125,319.226318359375,185.08445739746094,111.52913665771484,178.88999938964844
2022-03-16,409.8832092285156,331.06536865234375,190.90794372558594,112.62300872802734,180.00999450683594
2022-03-17,415.0111999511719,335.0733642578125,193.90478515625,111.78355407714844,180.88999938964844
2022-03-18,419.55670166015625,341.93157958984375,195.94677734375,113.14873504638672,179.3000030517578
2022-03-21,419.4339904785156,340.9809875488281,194.21673583984375,110.52860260009766,180.6699981689453
2022-03-22,424.342041015625,347.6822204589844,196.16421508789062,109.11251068115234,179.36000061035156
2022-03-23,418.877197265625,342.685546875,192.76083374023438,111.50373840332031,181.80999755859375
2022-03-24,425.19146728515625,350.3022766113281,194.9774169921875,110.63033294677734,183.1300048828125
2022-03-25,427.26788330078125,350.0101318359375,195.2426300048828,109.0955810546875,182.3800048828125
2022-03-28,430.3070983886719,355.42559814453125,195.3089141845703,110.02832794189453,179.05999755859375
2022-03-29,435.6303405761719,361.5423583984375,200.5376434326172,110.85929870605469,179.13999938964844
2022-03-30,432.9404602050781,357.5489501953125,196.51190185546875,111.72418975830078,180.5800018310547
2022-03-31,426.27691650390625,353.1171875,194.43746948242188,111.99555206298828,180.64999389648438
2022-04-01,427.4850158691406,352.44512939453125,196.61610412597656,112.42186737060547,179.5
2022-04-04,431.1471252441406,359.7015075683594,196.9381561279297,111.64054870605469,180.3699951171875
2022-04-05,425.70111083984375,351.714599609375,192.27781677246094,109.11832427978516,179.24000549316406
2022-04-06,421.4443664550781,344.07830810546875,189.5498046875,108.23512268066406,179.66000366210938
2022-04-07,423.56805419921875,344.8965148925781,188.93409729003906,107.41986846923828,180.33999633789062
2022-04-08,422.4354248046875,340.07513427734375,187.42796325683594,106.2563705444336,181.47000122070312
2022-04-11,415.2151184082031,332.0299072265625,186.1681671142578,104.57490539550781,182.3699951171875
2022-04-12,413.6766662597656,330.6273498535156,186.7554473876953,104.43052673339844,183.77000427246094
2022-04-13,418.4146423339844,337.3479309082031,190.30755615234375,104.6428451538086,184.64999389648438
2022-04-14,413.20465087890625,329.6338195800781,188.46044921875,102.54521179199219,184.0399932861328
2022-04-18,413.37457275390625,329.8871154785156,187.19117736816406,102.03569030761719,184.61000061035156
2022-04-19,420.0474853515625,337.2603454589844,190.92327880859375,101.27140045166016,181.82000732421875
2022-04-20,419.7359924316406,332.34161376953125,191.6526336669922,103.3095703125,182.7100067138672
2022-04-21,413.4595031738281,325.4650573730469,187.3616943359375,102.54521179199219,182.05999755859375
2022-04-22,402.1144714355469,316.94244384765625,182.5118408203125,101.89978790283203,180.2899932861328
2022-04-25,404.4458312988281,321.0138244628906,183.6201171875,102.91890716552734,177.0500030517578
2022-04-26,392.7327575683594,308.8971862792969,177.83255004882812,103.95497131347656,177.32000732421875
2022-04-27,393.8369445800781,308.5269775390625,177.09375,102.62165832519531,175.97999572753906
2022-04-28,403.78515625,319.48468017578125,180.3995361328125,102.77455139160156,176.92999267578125
2022-04-29,388.86297607421875,305.10833740234375,175.18978881835938,101.44123077392578,176.91000366210938
2022-05-02,391.2037658691406,310.202392578125,177.02740478515625,99.68287658691406,173.6300048828125
2022-05-03,392.9970397949219,310.5335693359375,178.5430145263672,100.35488891601562,174.08999633789062
2022-05-04,404.96490478515625,321.0332946777344,183.3075408935547,100.9078598022461,175.8000030517578
2022-05-05,390.5712890625,304.86480712890625,175.871826171875,98.14314270019531,175.1300048828125
2022-05-06,388.2400207519531,301.2122497558594,172.9448699951172,96.69696044921875,175.4199981689453
2022-05-09,375.80963134765625,289.42669677734375,165.67015075683594,97.54766082763672,172.8800048828125
2022-05-10,376.6779479980469,292.94293212890625,165.71749877929688,98.43238067626953,171.4199981689453
2022-05-11,370.6940002441406,284.2546691894531,161.5970916748047,100.32940673828125,172.82000732421875
2022-05-12,370.3070373535156,283.58270263671875,163.4915771484375,100.14225006103516,170.1699981689453
2022-05-13,379.1602478027344,294.09222412109375,168.6728973388672,98.66205596923828,168.7899932861328
2022-05-16,377.621826171875,290.68316650390625,167.86769104003906,98.55996704101562,170.39999389648438
2022-05-17,385.3896179199219,298.21234130859375,173.001708984375,97.36901092529297,169.3300018310547
2022-05-18,369.8539733886719,283.57293701171875,166.939453125,99.4447021484375,169.4199981689453
2022-05-19,367.5887451171875,282.0534362792969,167.21412658691406,99.68287658691406,171.91000366210938
2022-05-20,367.749267578125,281.1769104003906,166.78787231445312,100.81428527832031,172.02999877929688
2022-05-23,374.6298522949219,285.85211181640625,168.8054962158203,99.15546417236328,172.8300018310547
2022-05-24,371.7699890136719,279.7743225097656,166.30479431152344,101.1120376586914,174.1300048828125
2022-05-25,375.0545654296875,283.6899108886719,169.2980194091797,101.51183319091797,173.0800018310547
2022-05-26,382.5487365722656,291.550048828125,173.07745361328125,101.0524673461914,172.75999450683594
2022-05-27,391.9398498535156,301.0661926269531,177.7378692626953,101.29915618896484,172.85000610351562
2022-05-31,389.7408142089844,300.2674560546875,175.5308074951172,99.15546417236328,171.13999938964844
2022-06-01,386.58837890625,298.0467224121094,174.53614807128906,99.04210662841797,172.22999572753906
2022-06-02,393.9503173828125,306.2089538574219,178.7987060546875,99.09323120117188,174.35000610351562
2022-06-03,387.4849548339844,298.24151611328125,177.18846130371094,98.88021087646484,172.5800018310547
2022-06-06,388.66473388671875,299.23504638671875,177.95571899414062,97.0564956665039,171.82000732421875
2022-06-07,392.3929748535156,301.8161926269531,180.82577514648438,98.10469818115234,172.94000244140625
2022-06-08,388.1268005371094,299.64410400390625,178.03147888183594,97.23544311523438,172.77999877929688
2022-06-09,378.89599609375,291.6182861328125,174.34088134765625,97.55928802490234,172.22999572753906
2022-06-10,367.90966796875,281.33270263671875,169.61122131347656,96.95421600341797,174.5399932861328
2022-06-13,353.9407958984375,268.2517395019531,161.64306640625,93.91188049316406,169.92999267578125
2022-06-14,352.8742980957031,268.73876953125,160.86428833007812,92.72734069824219,168.57000732421875
2022-06-15,357.9049377441406,275.44976806640625,163.21958923339844,94.45728302001953,170.77000427246094
2022-06-16,346.0598449707031,264.3362731933594,155.65982055664062,95.20726013183594,172.69000244140625
2022-06-17,346.8057556152344,267.550537109375,156.8754425048828,95.51399993896484,171.27000427246094
2022-06-21,355.5361328125,274.30059814453125,159.68663024902344,93.89483642578125,170.6300048828125
2022-06-22,354.89154052734375,273.9005432128906,159.38275146484375,96.47698974609375,171.30999755859375
2022-06-23,358.3703918457031,277.9797668457031,161.29164123535156,97.26953887939453,170.25999450683594
2022-06-24,369.7643737792969,287.50433349609375,166.2871856689453,95.9230728149414,170.08999633789062
2022-06-27,368.35198974609375,285.396484375,166.904541015625,95.10494995117188,169.89999389648438
2022-06-28,360.825439453125,276.7013854980469,163.77041625976562,95.54811096191406,169.6199951171875
2022-06-29,360.5316467285156,276.955078125,162.10842895507812,97.03947448730469,169.49000549316406
2022-06-30,357.6025085449219,273.51995849609375,160.84527587890625,97.89163208007812,168.4600067138672
2022-07-01,361.38470458984375,275.32537841796875,162.79222106933594,98.89666748046875,168.32000732421875
2022-07-05,362.0672607421875,280.0387878417969,164.1408233642578,99.67369079589844,164.75
2022-07-06,363.2900695800781,281.83441162109375,162.92520141601562,98.00007629394531,162.13999938964844
2022-07-07,368.7311096191406,287.865478515625,166.7810516357422,97.13771057128906,162.22999572753906
2022-07-08,368.42779541015625,288.22650146484375,166.7620849609375,96.06178283691406,162.3000030517578
2022-07-11,364.21905517578125,282.0687255859375,163.40957641601562,97.7182846069336,161.42999267578125
2022-07-12,360.99603271484375,279.336181640625,162.84921264648438,98.2989501953125,160.8300018310547
2022-07-13,359.1002197265625,278.76043701171875,162.7067413330078,99.42606353759766,161.60000610351562
2022-07-14,358.22821044921875,279.755859375,161.03518676757812,98.61487579345703,159.3300018310547
2022-07-15,365.0721130371094,284.8304443359375,164.38775634765625,99.16993713378906,159.00999450683594
2022-07-18,362.0577697753906,282.4200439453125,163.9224090576172,98.13673400878906,159.16000366210938
2022-07-19,371.8403015136719,291.1053161621094,169.70620727539062,97.6073226928711,159.5399932861328
2022-07-20,374.2101135253906,295.7212219238281,172.36544799804688,97.86348724365234,158.0399932861328
2022-07-21,378.0207214355469,299.96630859375,173.2486572265625,99.55411529541016,160.27000427246094
2022-07-22,374.513427734375,294.7063293457031,170.4849853515625,101.22779083251953,160.6699981689453
2022-07-25,374.968505859375,293.0278625488281,171.36822509765625,100.23724365234375,160.22999572753906
2022-07-26,370.5322570800781,287.2701110839844,170.3140106201172,100.31412506103516,160.0399932861328
2022-07-27,380.1535339355469,299.41015625,174.1889190673828,99.75053405761719,161.6699981689453
2022-07-28,384.9216613769531,302.33770751953125,176.5821990966797,100.54466247558594,163.63999938964844
2022-07-29,390.53326416015625,307.8514404296875,177.83583068847656,100.27143096923828,164.10000610351562
2022-08-01,389.37677001953125,307.66607666015625,177.76937866210938,102.68630981445312,165.02999877929688
2022-08-02,386.8079833984375,306.74871826171875,177.59840393066406,100.51348876953125,164.0500030517578
2022-08-03,392.8652038574219,315.10223388671875,180.210205078125,102.09603881835938,164.4499969482422
2022-08-04,392.5997619628906,316.5758361816406,179.83026123046875,102.06181335449219,167.1699981689453
2022-08-05,391.9361877441406,313.9897155761719,181.20736694335938,99.63240051269531,165.2899932861328
2022-08-08,391.4811706542969,312.9748840332031,183.1258087158203,101.2406234741211,166.69000244140625
2022-08-09,389.92657470703125,309.4323425292969,180.62802124023438,100.84712982177734,167.1999969482422
2022-08-10,398.1166076660156,318.0690002441406,185.78500366210938,100.18843841552734,166.77999877929688
2022-08-11,398.1166076660156,316.2635803222656,186.47837829589844,97.85307312011719,166.33999633789062
2022-08-12,404.8563537597656,322.42138671875,190.28672790527344,98.8454360961914,167.8699951171875
2022-08-15,406.524658203125,325.0269470214844,190.9610137939453,98.75984954833984,165.7100067138672
2022-08-16,407.32098388671875,324.26580810546875,190.88507080078125,99.17045593261719,165.4199981689453
2022-08-17,404.42974853515625,320.56719970703125,187.67498779296875,98.13538360595703,164.35000610351562
2022-08-18,405.605224609375,321.3381652832031,188.9191131591797,98.28081512451172,163.9199981689453
2022-08-19,400.1546630859375,315.0729675292969,184.86378479003906,96.69824981689453,162.72000122070312
2022-08-22,391.8224182128906,306.77801513671875,181.05540466308594,96.37320709228516,161.63999938964844
2022-08-23,390.87451171875,306.5242919921875,181.3498077392578,95.84282684326172,162.77000427246094
2022-08-24,392.1258239746094,307.4123840332031,182.7364044189453,95.1413803100586,163.25
2022-08-25,397.6615905761719,312.847900390625,185.57608032226562,96.46728515625,163.75
2022-08-26,384.20123291015625,300.02490234375,179.4788818359375,97.19441986083984,161.75999450683594
2022-08-29,381.6607360839844,297.0679931640625,177.8263397216797,96.39031219482422,161.86000061035156
2022-08-30,377.4709167480469,293.75970458984375,175.33807373046875,96.62982940673828,160.50999450683594
2022-08-31,374.5987548828125,292.05194091796875,174.27439880371094,95.70596313476562,159.27000427246094
2022-09-01,375.774169921875,292.1788330078125,172.3749237060547,93.95375061035156,157.8699951171875
2022-09-02,371.81182861328125,288.0508728027344,171.0358428955078,94.48523712158203,159.25999450683594
2022-09-06,370.408935546875,285.9819641113281,169.34532165527344,92.14495849609375,158.3300018310547
2022-09-07,377.0633544921875,291.7591552734375,173.03025817871094,93.60231018066406,159.94000244140625
2022-09-08,379.5279235839844,293.271728515625,174.4738311767578,92.64217376708984,158.97999572753906
2022-09-09,385.4239807128906,299.68341064453125,177.9783172607422,92.84791564941406,159.82000732421875
2022-09-12,389.5664367675781,303.2453308105469,180.13418579101562,92.08496856689453,160.6300048828125
2022-09-13,372.6270751953125,286.6163024902344,173.08724975585938,92.29927825927734,158.5399932861328
2022-09-14,374.0489807128906,288.8901672363281,173.76150512695312,92.616455078125,157.92999267578125
2022-09-15,369.8022766113281,284.07904052734375,172.4984130859375,92.55646514892578,154.97999572753906
2022-09-16,366.98101806640625,282.3419494628906,169.99111938476562,91.78492736816406,155.83999633789062
2022-09-19,369.8270263671875,284.54058837890625,171.4442138671875,91.99921417236328,155.9600067138672
2022-09-20,365.5819091796875,282.2724914550781,169.10787963867188,91.0820083618164,155.07000732421875
2022-09-21,359.204833984375,277.2181396484375,166.5246124267578,92.60786437988281,155.7899932861328
2022-09-22,356.1875305175781,273.8061828613281,162.77320861816406,90.24189758300781,155.6999969482422
2022-09-23,350.21966552734375,269.3481750488281,158.89834594726562,90.61048889160156,153.00999450683594
2022-09-26,346.7550354003906,268.23370361328125,156.72274780273438,88.87890625,151.22999572753906
2022-09-27,345.8699035644531,268.3412170410156,157.25732421875,86.53864288330078,151.5399932861328
2022-09-28,352.67535400390625,273.6791687011719,162.23098754882812,89.43607330322266,154.69000244140625
2022-09-29,345.3083190917969,265.78961181640625,158.59381103515625,88.97319030761719,154.66000366210938
2022-09-30,339.9686584472656,261.28271484375,157.43873596191406,87.8244857788086,154.6699981689453
2022-10-03,348.9442138671875,267.4124755859375,161.61045837402344,89.21994018554688,158.42999267578125
2022-10-04,359.7568664550781,275.82012939453125,168.0160675048828,88.97075653076172,160.6999969482422
2022-10-05,358.9192199707031,275.6734924316406,166.7750701904297,88.12008666992188,159.80999755859375
2022-10-06,355.2167053222656,273.5031433105469,165.83953857421875,87.6302719116211,159.6300048828125
2022-10-07,345.3083190917969,263.08148193359375,160.96133422851562,86.77957916259766,157.8800048828125
2022-10-10,342.67181396484375,260.45166015625,160.06393432617188,85.43049621582031,155.47999572753906
2022-10-11,340.5016174316406,256.8735656738281,160.1116943359375,85.80858612060547,155.16000366210938
2022-10-12,339.3784484863281,256.7856140136719,159.67257690429688,86.2296371459961,155.99000549316406
2022-10-13,348.3351135253906,262.8078308105469,163.62477111816406,85.40473175048828,154.91000366210938
2022-10-14,340.3968811035156,254.90850830078125,159.24298095703125,84.70008087158203,152.97999572753906
2022-10-17,349.1441345214844,263.3259582519531,164.32167053222656,84.2876205444336,153.4199981689453
2022-10-18,353.2464294433594,265.4082946777344,166.26907348632812,84.48528289794922,153.75
2022-10-19,350.7431945800781,264.4405212402344,163.44337463378906,82.94715881347656,151.69000244140625
2022-10-20,347.8021240234375,263.0913391113281,161.36224365234375,81.52931213378906,151.4499969482422
2022-10-21,356.2541809082031,269.26019287109375,164.86578369140625,80.0599594116211,154.14999389648438
2022-10-24,360.61346435546875,272.2225036621094,165.57225036621094,79.3982925415039,153.64999389648438
2022-10-25,366.3719482421875,277.85357666015625,170.087646484375,81.70977020263672,154.0
2022-10-26,363.61163330078125,271.7140808105469,170.92771911621094,82.88700866699219,154.97999572753906
2022-10-27,361.6700134277344,266.7673034667969,170.96588134765625,83.75489044189453,154.74000549316406
2022-10-28,370.2743225097656,274.93048095703125,174.85130310058594,83.17916870117188,153.16000366210938
2022-10-31,367.5997619628906,271.7336120605469,175.01356506347656,82.58625793457031,151.91000366210938
2022-11-01,365.9912109375,268.9571533203125,175.25222778320312,83.3580551147461,153.4600067138672
2022-11-02,356.8061828613281,259.7380676269531,169.43850708007812,82.99629211425781,152.38999938964844
2022-11-03,353.1322326660156,254.66412353515625,168.30247497558594,82.54834747314453,151.80999755859375
2022-11-04,358.21484375,258.7603759765625,170.5745086669922,81.16151428222656,156.47000122070312
2022-11-07,361.64141845703125,261.60528564453125,171.34780883789062,80.35176086425781,155.85000610351562
2022-11-08,363.5926818847656,263.5117492675781,171.41458129882812,81.23039245605469,159.4499969482422
2022-11-09,356.10186767578125,257.4308166503906,166.70823669433594,81.49742889404297,158.64999389648438
2022-11-10,375.671142578125,276.42626953125,176.9705810546875,84.63294219970703,163.47999572753906
2022-11-11,379.3070983886719,281.5197448730469,178.42161560058594,84.32286071777344,164.55999755859375
2022-11-14,376.0804138183594,279.0561828613281,176.4264678955078,84.11610412597656,164.9199981689453
2022-11-15,379.2880554199219,282.9177551269531,179.04212951660156,85.47710418701172,165.5
2022-11-16,376.39447021484375,279.0561828613281,175.891845703125,87.34637451171875,165.1199951171875
2022-11-17,375.2427673339844,278.4402160644531,174.25942993164062,86.42469024658203,163.9199981689453
2022-11-18,376.94659423828125,278.449951171875,175.38589477539062,85.83026885986328,162.7899932861328
2022-11-21,375.57598876953125,275.58551025390625,174.46945190429688,86.19207763671875,161.8800048828125
2022-11-22,380.63006591796875,279.55474853515625,176.33099365234375,87.41529083251953,162.07000732421875
2022-11-23,383.02862548828125,282.3604736328125,176.7891845703125,88.93994140625,163.0800018310547
2022-11-25,382.9430236816406,280.5030212402344,177.16148376464844,88.63847351074219,163.22000122070312
2022-11-28,376.8324279785156,276.38714599609375,173.59117126464844,88.88829040527344,161.92999267578125
2022-11-29,376.1851501464844,274.2950439453125,174.0971221923828,87.84600067138672,162.72999572753906
2022-11-30,388.03521728515625,286.7989807128906,178.8703155517578,88.49201965332031,164.80999755859375
2022-12-01,387.7496643066406,287.1509094238281,178.47894287109375,91.31900024414062,167.83999633789062
2022-12-02,387.3022766113281,286.0070495605469,179.51947021484375,92.4673843383789,167.25999450683594
2022-12-05,380.3349914550781,281.2068786621094,174.57443237304688,91.17221069335938,164.38999938964844
2022-12-06,374.8525695800781,275.3801574707031,171.90147399902344,92.34650421142578,164.83999633789062
2022-12-07,374.2148742675781,274.25592041015625,171.3954620361328,94.52241516113281,166.3300018310547
2022-12-08,377.14642333984375,277.501708984375,172.63653564453125,94.26335906982422,166.47000122070312
2022-12-09,374.3291015625,275.732177734375,170.51722717285156,91.81114196777344,167.05999755859375
2022-12-12,379.7258605957031,279.1929931640625,172.52197265625,92.10472869873047,165.67999267578125
2022-12-13,382.600341796875,282.19427490234375,173.95095825195312,92.99407958984375,168.50999450683594
2022-12-14,380.1541748046875,280.1021423339844,172.80966186523438,93.39128112792969,168.10000610351562
2022-12-15,370.8550109863281,270.6973876953125,168.48435974121094,93.75566864013672,165.35000610351562
2022-12-16,366.47662353515625,268.11639404296875,167.22804260253906,92.70836639404297,166.7899932861328
2022-12-19,363.3690185546875,264.3483581542969,164.96473693847656,91.15038299560547,166.32000732421875
2022-12-20,363.8662414550781,264.142578125,165.8374481201172,89.53184509277344,169.0800018310547
2022-12-21,369.3069152832031,267.97430419921875,168.69537353515625,89.75687408447266,168.8000030517578
2022-12-22,364.0383605957031,261.4182434082031,166.48960876464844,89.73958587646484,166.75999450683594
2022-12-23,366.1323547363281,262.0062255859375,167.24722290039062,88.4239273071289,167.25999450683594
2022-12-27,364.6885681152344,258.3018798828125,166.12518310546875,86.67552947998047,168.6699981689453
2022-12-28,360.15631103515625,254.89163208007812,163.54530334472656,86.16484069824219,167.91000366210938
2022-12-29,366.63916015625,261.104736328125,167.68841552734375,87.14292907714844,168.85000610351562
2022-12-30,365.67340087890625,260.94781494140625,167.2184600830078,86.17350769042969,169.63999938964844
2023-01-03,364.1339416503906,259.1839294433594,166.2978057861328,87.81803131103516,171.05999755859375
2023-01-04,366.9451599121094,260.4187316894531,168.3693389892578,89.02113342285156,172.6699981689453
2023-01-05,362.757080078125,256.3419494628906,166.56631469726562,89.39334106445312,170.52000427246094
2023-01-06,371.07586669921875,263.4173889160156,170.3065948486328,91.0378646850586,173.7100067138672
2023-01-09,370.865478515625,265.12255859375,170.5943145751953,91.5225601196289,174.10000610351562
2023-01-10,373.46630859375,267.3666076660156,173.11654663085938,90.00788116455078,174.74000549316406
2023-01-11,378.1898193359375,271.99212646484375,175.27442932128906,91.47064208984375,174.6199951171875
2023-01-12,379.5667724609375,273.4621887207031,178.2186737060547,93.2709732055664,176.63999938964844
2023-01-13,381.0392761230469,275.3437194824219,179.38870239257812,92.39678192138672,178.75999450683594
2023-01-17,380.34124755859375,275.9023132324219,179.1681365966797,91.79952239990234,177.58999633789062
2023-01-18,374.33642578125,272.3155212402344,176.27182006835938,94.02400207519531,177.0800018310547
2023-01-19,371.611328125,269.64019775390625,174.58392333984375,93.43541717529297,179.88999938964844
2023-01-20,378.53411865234375,277.0194091796875,177.46099853515625,91.92070007324219,179.2899932861328
2023-01-23,383.0759582519531,283.1737060546875,179.6572265625,91.48793029785156,179.6300048828125
2023-01-24,382.6648254394531,282.595458984375,179.27359008789062,92.80358123779297,180.27999877929688
2023-01-25,382.8081970214844,281.9682922363281,179.77232360839844,93.02861785888672,181.11000061035156
2023-01-26,387.01544189453125,287.4659729003906,180.8368377685547,92.5958480834961,179.47000122070312
2023-01-27,387.9046936035156,290.32757568359375,181.81512451171875,92.36213684082031,179.22000122070312
2023-01-30,383.0376281738281,284.4574890136719,179.28318786621094,92.02457427978516,178.75999450683594
2023-01-31,388.66961669921875,288.7203674316406,183.63726806640625,92.76029968261719,179.41000366210938
2023-02-01,392.8003234863281,294.89422607421875,186.5240020751953,93.87539672851562,181.6699981689453
2023-02-02,398.518310546875,305.4779357910156,190.19711303710938,93.99686431884766,177.89999389648438
2023-02-03,394.282470703125,300.04888916015625,188.9215850830078,92.59110260009766,173.4600067138672
2023-02-06,391.8728332519531,297.5107727050781,186.18832397460938,91.90553283691406,173.82000732421875
2023-02-07,396.9980163574219,303.67474365234375,187.56935119628906,91.1679458618164,173.97999572753906
2023-02-08,392.6568908691406,298.275146484375,184.8264617919922,91.60184478759766,174.41000366210938
2023-02-09,389.2529296875,295.6390075683594,182.15072631835938,90.73405456542969,173.02999877929688
2023-02-10,390.16131591796875,293.69866943359375,182.51519775390625,89.71879577636719,173.36000061035156
2023-02-13,394.74139404296875,298.4024963378906,184.71139526367188,90.4737319946289,172.47999572753906
2023-02-14,394.5596923828125,300.60748291015625,184.62506103515625,90.26544952392578,172.61000061035156
2023-02-15,395.841064453125,302.9103698730469,186.4952392578125,89.42371368408203,170.88999938964844
2023-02-16,390.3908386230469,297.22662353515625,184.71139526367188,88.15677642822266,170.75
2023-02-17,389.4154357910156,295.1293640136719,185.2196502685547,88.84233093261719,171.25999450683594
2023-02-21,381.6034851074219,288.1421813964844,179.75314331054688,87.11547088623047,170.6199951171875
2023-02-22,381.0775451660156,288.3577575683594,180.2422637939453,87.91380310058594,169.66000366210938
2023-02-23,383.10467529296875,290.8763427734375,181.52735900878906,88.77290344238281,169.57000732421875
2023-02-24,379.01220703125,286.0058288574219,179.82986450195312,87.61876678466797,168.35000610351562
2023-02-27,380.3031005859375,288.05401611328125,180.46278381347656,87.86174011230469,169.00999450683594
2023-02-28,378.89739990234375,287.6816101074219,180.47242736816406,88.26092529296875,169.77999877929688
2023-03-01,377.4440002441406,285.368896484375,180.7025909423828,87.31273651123047,170.75999450683594
2023-03-02,380.3794860839844,287.73052978515625,181.1341552734375,86.53849792480469,170.66000366210938
2023-03-03,386.4800109863281,293.6790466308594,183.6564178466797,88.63497924804688,172.49000549316406
2023-03-06,386.7477111816406,294.0122375488281,180.97109985351562,87.94774627685547,171.6199951171875
2023-03-07,380.8193359375,290.40594482421875,178.87083435058594,88.48709106445312,168.6199951171875
2023-03-08,381.44091796875,291.85626220703125,178.95716857910156,88.57405853271484,168.5399932861328
2023-03-09,374.4033508300781,286.7996520996094,173.97970581054688,88.79155731201172,170.1999969482422
2023-03-10,369.00091552734375,282.7718811035156,168.96392822265625,91.85362243652344,173.8699951171875
2023-03-13,368.47503662109375,284.8690490722656,166.2114715576172,92.06241607666016,177.86000061035156
2023-03-14,374.56591796875,291.415283203125,169.29000854492188,90.54881286621094,176.8300018310547
2023-03-15,372.2232666015625,292.94403076171875,166.49917602539062,92.29727172851562,178.2100067138672
2023-03-16,378.7539978027344,300.6662292480469,168.77210998535156,91.57527923583984,178.57000732421875
2023-03-17,374.3253479003906,299.24530029296875,164.2166748046875,92.94969940185547,183.77000427246094
2023-03-20,377.92474365234375,300.3072509765625,166.3457489013672,92.13200378417969,183.83999633789062
2023-03-21,382.8870849609375,304.59637451171875,169.4146728515625,91.34040069580078,180.3699951171875
2023-03-22,376.3601989746094,300.4544677734375,164.6099090576172,92.55825805664062,183.44000244140625
2023-03-23,377.3775939941406,304.01727294921875,163.8792724609375,92.55825805664062,185.74000549316406
2023-03-24,379.8539733886719,305.1362609863281,165.36166381835938,92.94969940185547,183.64999389648438
2023-03-27,380.5642395019531,303.0457458496094,167.2001495361328,90.7662582397461,181.9499969482422
2023-03-28,379.71002197265625,301.4360046386719,166.95950317382812,90.93152618408203,183.44000244140625
2023-03-29,385.22906494140625,306.9323425292969,168.85581970214844,90.74884033203125,182.52999877929688
2023-03-30,387.48468017578125,309.83758544921875,168.62478637695312,91.16642761230469,184.17999267578125
2023-03-31,392.9461975097656,314.9903869628906,171.72430419921875,92.53214263916016,183.22000122070312
2023-04-03,394.44342041015625,314.224853515625,171.8013153076172,92.96734619140625,184.5399932861328
2023-04-04,392.2550048828125,313.164794921875,168.78843688964844,93.4295654296875,187.97999572753906
2023-04-05,391.2280578613281,310.0730895996094,167.1328125,94.4063491821289,187.8300018310547
2023-04-06,392.754150390625,312.16363525390625,167.38304138183594,94.65052032470703,186.49000549316406
2023-04-10,393.1572570800781,311.9870300292969,169.17344665527344,93.12432098388672,185.11000061035156
2023-04-11,393.2628479003906,309.9848327636719,170.5114288330078,93.31620788574219,186.27999877929688
2023-04-12,391.6599426269531,307.24639892578125,169.2600860595703,93.22026824951172,187.19000244140625
2023-04-13,396.8622131347656,313.26300048828125,171.50289916992188,92.48770904541016,189.72000122070312
2023-04-14,395.89288330078125,312.6741027832031,169.905029296875,91.64173889160156,186.36000061035156
2023-04-17,397.3133544921875,312.9390869140625,172.09010314941406,90.55158996582031,185.52999877929688
2023-04-18,397.5725402832031,312.9587097167969,171.35853576660156,90.874267578125,186.25
2023-04-19,397.5053405761719,312.8115234375,171.57992553710938,90.78706359863281,185.36000061035156
2023-04-20,395.3360900878906,310.4264221191406,170.69435119628906,91.56322479248047,186.08999633789062
2023-04-21,395.6432800292969,310.7503356933594,170.91574096679688,91.04869842529297,184.25
2023-04-24,396.0559387207031,310.1025695800781,170.8002166748047,91.92955780029297,184.80999755859375
2023-04-25,389.7690734863281,304.2528991699219,166.58412170410156,93.28131866455078,185.75
2023-04-26,388.1181335449219,306.09808349609375,164.97659301757812,92.2870864868164,184.74000549316406
2023-04-27,395.8447570800781,314.4211730957031,167.18093872070312,91.37137603759766,184.75
2023-04-28,399.223388671875,316.5902404785156,168.64404296875,92.84524536132812,184.8000030517578
2023-05-01,398.8203430175781,316.22705078125,168.74029541015625,90.1680908203125,183.97000122070312
2023-05-02,394.3378601074219,313.46905517578125,165.27503967285156,92.41510009765625,187.52000427246094
2023-05-03,391.6311340332031,311.4177551269531,165.88145446777344,92.9309310913086,189.11000061035156
2023-05-04,388.8572082519531,310.3185119628906,164.023681640625,92.01290893554688,190.44000244140625
2023-05-05,396.0559387207031,316.91412353515625,167.92213439941406,91.7069091796875,187.4600067138672
2023-05-08,396.1615295410156,317.6993103027344,167.53707885742188,90.421630859375,187.69000244140625
2023-05-09,394.4242248535156,315.6872863769531,167.03652954101562,90.09812927246094,189.02000427246094
2023-05-10,396.2671813964844,319.1225280761719,167.8836212158203,90.97247314453125,188.75
2023-05-11,395.5760498046875,320.1628723144531,166.59378051757812,91.93421936035156,187.1300048828125
2023-05-12,395.0577087402344,319.0145263671875,166.25686645507812,91.16481018066406,186.80999755859375
2023-05-15,396.4207458496094,320.74200439453125,168.2878875732422,90.22057342529297,187.2100067138672
2023-05-16,393.7716064453125,321.1051330566406,165.83334350585938,89.94953918457031,184.8699951171875
2023-05-17,398.5515441894531,324.9918518066406,169.52964782714844,89.68722534179688,184.22999572753906
2023-05-18,402.3908386230469,331.02801513671875,170.55958557128906,89.02275085449219,181.83999633789062
2023-05-19,401.805419921875,330.28204345703125,169.52001953125,88.39323425292969,183.63999938964844
2023-05-22,401.96856689453125,331.39117431640625,171.58953857421875,88.07849884033203,183.2100067138672
2023-05-23,397.457275390625,327.1903076171875,170.7809600830078,88.33203887939453,183.42999267578125
2023-05-24,394.57781982421875,325.51202392578125,168.97132873535156,87.89488983154297,181.9499969482422
2023-05-25,397.9948425292969,333.43267822265625,167.652587890625,87.67631530761719,180.1999969482422
2023-05-26,403.149169921875,341.9520263671875,169.55850219726562,88.38450622558594,180.9199981689453
2023-05-30,403.3027038574219,343.5027770996094,168.93283081054688,89.26757049560547,182.0399932861328
2023-05-31,401.0663757324219,341.549560546875,167.26756286621094,90.04570007324219,182.32000732421875
2023-06-01,404.87689208984375,345.4952087402344,169.0771942138672,90.39898681640625,183.75999450683594
2023-06-02,410.7319030761719,348.0863037109375,175.20884704589844,89.40838623046875,181.0500030517578
2023-06-05,409.9447326660156,348.3316955566406,172.86016845703125,89.2417984008789,182.13999938964844
2023-06-06,410.8374328613281,348.2728271484375,177.4131317138672,89.7677993774414,182.33999633789062
2023-06-07,409.41693115234375,342.3642272949219,180.73263549804688,88.43534088134766,180.14999389648438
2023-06-08,411.8932189941406,346.6141052246094,180.0569610595703,89.46975708007812,182.52999877929688
2023-06-09,412.6322937011719,347.93914794921875,178.5994415283203,89.3470230102539,182.0399932861328
2023-06-12,416.3756408691406,353.8182373046875,179.34271240234375,89.6100082397461,181.8800048828125
2023-06-13,419.1206970214844,356.53704833984375,181.3986358642578,88.72460174560547,180.5399932861328
2023-06-14,419.619873046875,359.12811279296875,179.44888305664062,89.43468475341797,180.63999938964844
2023-06-15,424.82220458984375,363.4074401855469,180.92568969726562,90.29379272460938,181.91000366210938
2023-06-16,423.3751525878906,361.1205139160156,179.47781372070312,89.943115234375,181.6300048828125
2023-06-20,421.1785888671875,360.60357666015625,178.6959686279297,90.5655517578125,179.75
2023-06-21,419.0206298828125,355.6893615722656,178.2809295654297,90.7846908569336,179.49000549316406
2023-06-22,420.5331115722656,359.8861083984375,176.9585418701172,89.68890380859375,177.7100067138672
2023-06-23,417.35394287109375,356.3184509277344,174.29443359375,90.58307647705078,178.1999969482422
2023-06-26,415.6487121582031,351.5417785644531,174.46820068359375,90.67952728271484,178.50999450683594
2023-06-27,420.20556640625,357.5863037109375,176.9875030517578,90.44278717041016,177.69000244140625
2023-06-28,420.41754150390625,358.2841491699219,177.856201171875,90.82854461669922,177.27999877929688
2023-06-29,422.07452392578125,357.5666198730469,179.9025421142578,89.18924713134766,177.08999633789062
2023-06-30,427.0552978515625,363.080322265625,180.7615966796875,90.24118041992188,178.27000427246094
2023-07-03,427.5466613769531,363.9354248046875,181.12838745117188,89.72959899902344,178.47000122070312
2023-07-05,426.9107971191406,363.925537109375,179.32337951660156,88.87696075439453,177.83999633789062
2023-07-06,423.5678405761719,361.1539306640625,176.4276580810547,87.6199722290039,177.30999755859375
2023-07-07,422.4984436035156,359.9549255371094,178.2905731201172,87.09258270263672,178.63999938964844
2023-07-10,423.5678405761719,360.0727844238281,181.3407440185547,87.20683288574219,178.77999877929688
2023-07-11,426.26531982421875,361.851806640625,183.2036895751953,87.6551284790039,179.4499969482422
2023-07-12,429.6950378417969,366.4219970703125,185.2017059326172,88.6308364868164,181.8800048828125
2023-07-13,433.10552978515625,372.6434020996094,186.69786071777344,89.5625991821289,182.00999450683594
2023-07-14,432.83575439453125,372.5647277832031,184.87353515625,89.03517150878906,181.42999267578125
2023-07-17,434.33856201171875,376.0439453125,186.85231018066406,89.07913208007812,181.55999755859375
2023-07-18,437.56597900390625,379.1202087402344,189.15924072265625,89.48348236083984,183.63999938964844
2023-07-19,438.5390319824219,379.0318298339844,189.96035766601562,90.49434661865234,183.6699981689453
2023-07-20,435.629638671875,370.29437255859375,188.30015563964844,89.39557647705078,182.74000549316406
2023-07-21,435.629638671875,369.18377685546875,187.70172119140625,89.42193603515625,182.17999267578125
2023-07-24,437.57568359375,369.77349853515625,188.16502380371094,89.0967025756836,181.39999389648438
2023-07-25,438.7702331542969,372.27972412109375,188.14572143554688,88.92970275878906,182.41000366210938
2023-07-26,438.8377380371094,371.04132080078125,189.6322021484375,89.017578125,183.3000030517578
2023-07-27,435.92822265625,370.15679931640625,187.18048095703125,87.28595733642578,180.4199981689453
2023-07-28,440.1961669921875,376.89910888671875,189.6032257080078,87.73423767089844,181.86000061035156
2023-07-31,441.03424072265625,377.0955505371094,191.80401611328125,87.94520568847656,182.35000610351562
2023-08-01,439.772216796875,376.2209777832031,190.9256134033203,86.50403594970703,180.4600067138672
2023-08-02,433.65460205078125,367.96502685546875,188.3291473388672,85.57855224609375,179.60000610351562
2023-08-03,432.4118957519531,367.3753662109375,187.79823303222656,83.60413360595703,179.5399932861328
2023-08-04,430.4561462402344,365.6554260253906,187.4217987060547,85.08493041992188,180.19000244140625
2023-08-07,434.2134094238281,368.7513122558594,187.5473175048828,84.2475814819336,179.77999877929688
2023-08-08,432.3251037597656,365.6160583496094,186.36972045898438,85.22598266601562,178.63999938964844
2023-08-09,429.4349670410156,361.5962829589844,184.91213989257812,85.66667938232422,177.7899932861328
2023-08-10,429.5890197753906,362.26458740234375,184.09169006347656,84.25640106201172,177.60000610351562
2023-08-11,429.33856201171875,359.9549255371094,184.35232543945312,84.06248474121094,177.60000610351562
2023-08-14,431.7085266113281,363.994384765625,184.03378295898438,83.87741088867188,177.05999755859375
2023-08-15,426.6795959472656,360.13177490234375,181.6013641357422,83.36614990234375,176.58999633789062
2023-08-16,423.54852294921875,356.3184509277344,179.3812713623047,82.71388244628906,175.57000732421875
2023-08-17,420.3211669921875,352.42633056640625,177.2674102783203,82.36131286621094,175.3000030517578
2023-08-18,420.52349853515625,351.9841613769531,178.23265075683594,82.65217590332031,175.3300018310547
2023-08-21,423.2594909667969,357.6549987792969,177.97203063964844,81.5503921508789,175.80999755859375
2023-08-22,422.1130676269531,357.14404296875,177.44114685058594,82.17620849609375,176.10000610351562
2023-08-23,426.8144836425781,362.7756652832031,179.33302307128906,84.21233367919922,177.88999938964844
2023-08-24,420.89923095703125,355.0210266113281,176.8523406982422,83.65703582763672,177.85000610351562
2023-08-25,423.8664855957031,357.77294921875,177.60523986816406,83.9302749633789,177.6199951171875
2023-08-28,426.5543212890625,360.46600341796875,179.188232421875,84.0184326171875,178.1300048828125
2023-08-29,432.7201232910156,368.3385314941406,181.6881866455078,84.89103698730469,179.8699951171875
2023-08-30,434.50244140625,370.3927001953125,182.37356567382812,84.80288696289062,180.32000732421875
2023-08-31,433.86651611328125,371.5032043457031,182.0550079345703,85.18187713623047,180.02000427246094
2023-09-01,434.67578125,371.110107421875,184.21722412109375,83.85490417480469,180.11000061035156
2023-09-05,432.79718017578125,371.58184814453125,180.3368682861328,82.67908477783203,178.63999938964844
2023-09-06,429.88775634765625,368.3090515136719,179.6612091064453,82.88243103027344,177.8300018310547
2023-09-07,428.5679016113281,365.6750183105469,177.9237823486328,83.1122817993164,178.02000427246094
2023-09-08,429.2133483886719,366.1860656738281,177.5280303955078,83.43055725097656,178.0800018310547
2023-09-11,432.0361328125,370.50079345703125,177.95269775390625,82.82937622070312,178.41000366210938
2023-09-12,429.6661682128906,366.3924865722656,177.7789764404297,83.30677795410156,177.49000549316406
2023-09-13,430.1671447753906,367.7881774902344,176.6110382080078,83.28909301757812,177.0800018310547
2023-09-14,433.8760986328125,370.79559326171875,179.1013641357422,82.68791198730469,177.1699981689453
2023-09-15,428.6487121582031,364.4465026855469,177.22879028320312,82.18401336669922,178.33999633789062
2023-09-18,428.9000549316406,364.8263854980469,176.0511932373047,82.65254974365234,179.38999938964844
2023-09-19,428.0106506347656,364.048828125,175.36585998535156,82.04254913330078,179.22000122070312
2023-09-20,424.0758056640625,358.8027648925781,173.60910034179688,82.29891967773438,179.35000610351562
2023-09-21,417.0665283203125,352.22784423828125,170.91612243652344,80.18598937988281,178.0500030517578
2023-09-22,416.1286926269531,352.2770690917969,170.52999877929688,80.83135986328125,178.6199951171875
2023-09-25,417.87860107421875,353.9503173828125,171.2925567626953,78.8421859741211,177.6999969482422
2023-09-26,411.73944091796875,348.6353454589844,169.0901641845703,78.56812286376953,176.27999877929688
2023-09-27,411.9037780761719,349.4522705078125,170.67091369628906,78.16145324707031,174.10000610351562
2023-09-28,414.291748046875,352.3755187988281,172.2128448486328,78.400146484375,173.22999572753906
2023-09-29,413.286376953125,352.63134765625,171.3982391357422,78.40898132324219,171.4499969482422
2023-10-02,413.1219482421875,355.5743103027344,168.8089599609375,77.09639739990234,169.64999389648438
2023-10-03,407.5918884277344,349.33416748046875,165.9674835205078,75.43794250488281,169.16000366210938
2023-10-04,410.5599060058594,354.0881042480469,166.04505920410156,76.50218963623047,169.13999938964844
2023-10-05,410.4052734375,353.04473876953125,166.171142578125,76.12083435058594,168.8300018310547
2023-10-06,415.2779235839844,358.9601745605469,167.77127075195312,75.19847869873047,169.6999969482422
2023-10-09,417.9366149902344,360.7909240722656,168.7410430908203,76.96337890625,172.82000732421875
2023-10-10,420.1119384765625,362.78900146484375,170.65150451660156,76.85693359375,172.52999877929688
2023-10-11,421.8327941894531,365.3775634765625,170.36056518554688,78.4621810913086,173.7899932861328
2023-10-12,419.2611389160156,364.10791015625,166.5105743408203,76.33367156982422,173.25999450683594
2023-10-13,417.1728210449219,359.5310974121094,165.12380981445312,77.69949340820312,178.8300018310547
2023-10-16,421.5621032714844,363.5960998535156,167.79067993164062,76.44895935058594,177.9600067138672
2023-10-17,421.5427551269531,362.4051208496094,169.66232299804688,75.60643768310547,178.2899932861328
2023-10-18,415.9256286621094,357.65106201171875,166.171142578125,74.94127655029297,180.8699951171875
2023-10-19,412.27117919921875,354.3046569824219,163.5236358642578,73.40699768066406,183.08999633789062
2023-10-20,407.20513916015625,349.0191955566406,161.4095458984375,73.82379150390625,183.58999633789062
2023-10-23,406.49945068359375,350.0723571777344,160.0421600341797,74.71068572998047,182.97000122070312
2023-10-24,409.56414794921875,353.4778747558594,161.43862915039062,75.69512939453125,182.9499969482422
2023-10-25,403.6860046386719,344.82623291015625,158.77175903320312,74.01007080078125,183.72000122070312
2023-10-26,398.85205078125,338.25140380859375,159.17906188964844,75.14525604248047,184.00999450683594
2023-10-27,397.0440979003906,339.87530517578125,157.30738830566406,74.82601165771484,186.14999389648438
2023-10-30,401.7911071777344,343.7041320800781,158.18019104003906,74.48895263671875,185.10000610351562
2023-10-31,404.3144836425781,345.34783935546875,159.5475616455078,74.12538146972656,184.08999633789062
2023-11-01,408.6263732910156,351.342041015625,160.45916748046875,75.7325668334961,183.50999450683594
2023-11-02,416.4573974609375,357.7200927734375,164.73585510253906,77.45899200439453,184.1199951171875
2023-11-03,420.2569274902344,361.92279052734375,169.21621704101562,77.98404693603516,184.7899932861328
2023-11-06,421.2237243652344,363.3992004394531,167.1021270751953,77.22763061523438,183.35000610351562
2023-11-07,422.42254638671875,366.83428955078125,166.5105743408203,78.36671447753906,182.58999633789062
2023-11-08,422.73193359375,367.070556640625,164.73585510253906,79.70161437988281,180.77000427246094
2023-11-09,419.43511962890625,364.24566650390625,162.1853790283203,77.86836242675781,181.49000549316406
2023-11-10,425.98028564453125,372.43475341796875,163.99884033203125,78.30442810058594,179.50999450683594
2023-11-13,425.5743408203125,371.2733154296875,164.0570068359375,78.12644958496094,180.50999450683594
2023-11-14,433.8307800292969,379.26556396484375,173.06626892089844,79.89740753173828,182.1199951171875
2023-11-15,434.7492370605469,379.5509338378906,173.3668670654297,78.77609252929688,181.63999938964844
2023-11-16,435.2809143066406,379.87579345703125,170.56419372558594,79.7550048828125,183.69000244140625
2023-11-17,435.8223876953125,379.9643859863281,172.90139770507812,80.1287841796875,183.6699981689453
2023-11-20,439.1770935058594,384.59039306640625,173.9099578857422,80.61824035644531,183.3699951171875
2023-11-21,438.2200012207031,382.3561706542969,171.66976928710938,80.58265686035156,185.35000610351562
2023-11-22,439.9118347167969,383.9210510253906,172.74623107910156,80.86741638183594,184.55999755859375
2023-11-24,440.18255615234375,383.3797607421875,173.9099578857422,79.91520690917969,185.52000427246094
2023-11-27,439.38983154296875,383.0450744628906,173.3280792236328,81.25008392333984,186.77000427246094
2023-11-28,439.82489013671875,384.0489807128906,172.65892028808594,81.41027069091797,189.25999450683594
2023-11-29,439.51544189453125,383.67498779296875,173.57052612304688,82.4337158203125,189.5399932861328
2023-11-30,441.2460632324219,382.7104187011719,174.22999572753906,81.48147583007812,188.75
2023-12-01,443.8564453125,383.8029479980469,179.32131958007812,83.01609802246094,192.00999450683594
2023-12-04,441.5264587402344,380.239990234375,181.24148559570312,82.68578338623047,187.86000061035156
2023-12-05,441.439453125,381.1946716308594,178.81700134277344,84.46233367919922,187.14999389648438
2023-12-06,439.6604919433594,378.9899597167969,178.4969940185547,85.58718872070312,187.83999633789062
2023-12-07,443.01531982421875,384.2852478027344,179.7867889404297,85.09617614746094,188.14999389648438
2023-12-08,444.919921875,385.9978942871094,181.15420532226562,84.39984130859375,185.63999938964844
2023-12-11,446.6504821777344,389.2951354980469,181.53240966796875,84.22126007080078,183.58999633789062
2023-12-12,448.69036865234375,392.39556884765625,181.34814453125,84.47125244140625,183.49000549316406
2023-12-13,454.8779296875,397.3857421875,187.48681640625,86.45314025878906,187.6300048828125
2023-12-14,456.3377380371094,397.04132080078125,192.7042236328125,88.70203399658203,188.72999572753906
2023-12-15,455.58642578125,398.9605712890625,191.08468627929688,88.80056762695312,187.0
2023-12-18,458.1491394042969,401.47344970703125,191.15255737304688,88.0930404663086,187.85000610351562
2023-12-19,460.9350891113281,403.52490234375,194.85711669921875,88.56771850585938,189.1300048828125
2023-12-20,454.54779052734375,397.5285949707031,191.0455322265625,89.16776275634766,188.10000610351562
2023-12-21,458.8577880859375,402.154052734375,194.2965087890625,88.603515625,189.42999267578125
2023-12-22,459.7799377441406,402.7556457519531,196.10687255859375,88.20051574707031,190.27000427246094
2023-12-26,461.7213439941406,405.22119140625,198.65701293945312,88.45128631591797,191.72000122070312
2023-12-27,462.5561828613281,406.04608154296875,199.35781860351562,90.01859283447266,192.58999633789062
2023-12-28,462.73095703125,405.8487548828125,198.59860229492188,89.36480712890625,191.47000122070312
2023-12-29,461.39129638671875,404.09234619140625,195.35740661621094,88.55873107910156,191.1699981689453
2024-01-02,458.8092346191406,397.25421142578125,194.19915771484375,88.04825592041016,190.72000122070312
2024-01-03,455.0622253417969,393.0506286621094,189.02101135253906,88.41543579101562,189.1300048828125
2024-01-04,453.5964660644531,391.02783203125,188.65113830566406,87.07202911376953,189.32000732421875
2024-01-05,454.2177734375,391.4916076660156,188.0963592529297,86.23908996582031,189.35000610351562
2024-01-08,460.7021179199219,399.5829162597656,191.48355102539062,87.08993530273438,187.8699951171875
2024-01-09,460.003173828125,400.3722839355469,189.77049255371094,86.5346450805664,187.92999267578125
2024-01-10,462.6047058105469,403.0858459472656,189.8775634765625,86.1316146850586,187.5
2024-01-11,462.4008483886719,403.92462158203125,188.38833618164062,86.61524963378906,187.8699951171875
2024-01-12,462.72119140625,404.1317443847656,188.07688903808594,86.44509887695312,189.7100067138672
2024-01-16,461.0224609375,404.09234619140625,185.7506103515625,84.92253875732422,187.91000366210938
2024-01-17,458.45977783203125,401.81292724609375,184.42689514160156,84.7881851196289,185.83999633789062
2024-01-18,462.5367126464844,407.5163269042969,185.51702880859375,84.00004577636719,187.3699951171875
2024-01-19,468.30279541015625,415.5978088378906,187.29824829101562,84.26873016357422,187.92999267578125
2024-01-22,469.29296875,416.1405029296875,191.29859924316406,84.77030181884766,187.22000122070312
2024-01-23,470.66162109375,417.8672790527344,190.7438201904297,84.09858703613281,187.9499969482422
2024-01-24,471.1761779785156,420.1861572265625,189.17677307128906,83.60596466064453,186.39999389648438
2024-01-25,473.7388610839844,420.6993103027344,190.7438201904297,84.15230560302734,187.13999938964844
2024-01-26,473.136962890625,418.19293212890625,190.7535400390625,83.99108123779297,187.00999450683594
2024-01-29,476.8839416503906,422.47540283203125,194.09207153320312,84.9583511352539,188.3300018310547
2024-01-30,476.51513671875,419.6631774902344,192.4374237060547,85.72857666015625,188.58999633789062
2024-01-31,468.7396240234375,411.443603515625,187.73622131347656,86.5704574584961,188.4499969482422
2024-02-01,474.8745422363281,416.2885437011719,190.22793579101562,88.26862335205078,190.41000366210938
2024-02-02,479.873779296875,423.32403564453125,189.2254180908203,86.31890106201172,188.61000061035156
2024-02-05,478.1264953613281,422.771484375,186.8212890625,84.5757827758789,187.57000732421875
2024-02-06,479.5146179199219,421.9228515625,188.50514221191406,85.40245056152344,188.5500030517578
2024-02-07,483.5140075683594,426.2644958496094,188.06716918945312,84.9891357421875,188.5
2024-02-08,483.7275085449219,427.05389404296875,190.9189910888672,84.49494171142578,188.3300018310547
2024-02-09,486.523193359375,431.2574462890625,194.02392578125,84.32421112060547,187.60000610351562
2024-02-12,486.3096008300781,429.5700988769531,197.54742431640625,84.42306518554688,187.11000061035156
2024-02-13,479.61163330078125,422.8701477050781,189.42007446289062,82.97649383544922,184.52999877929688
2024-02-14,483.9701843261719,427.478271484375,193.81951904296875,83.39876556396484,184.4199981689453
2024-02-15,487.30950927734375,428.7511291503906,198.9879150390625,83.8300552368164,185.66000366210938
2024-02-16,484.8826904296875,424.86334228515625,196.28208923339844,83.34485626220703,186.33999633789062
2024-02-20,482.213134765625,421.65643310546875,193.5762176513672,83.416748046875,187.47000122070312
2024-02-21,482.6500549316406,419.9691162109375,192.66127014160156,82.82372283935547,187.47999572753906
2024-02-22,492.6387023925781,432.2639465332031,194.12124633789062,83.2280502319336,187.55999755859375
2024-02-23,492.9784240722656,430.9910583496094,194.55929565429688,84.34220123291016,188.6199951171875
2024-02-26,491.1728820800781,430.76409912109375,195.78567504882812,84.09062957763672,188.1999969482422
2024-02-27,492.0853271484375,431.8001708984375,198.55966186523438,83.49761199951172,188.0
2024-02-28,491.4349670410156,429.5010681152344,196.92446899414062,84.02771759033203,188.33999633789062
2024-02-29,493.20172119140625,433.181640625,198.296875,84.6207275390625,189.30999755859375
2024-03-01,497.8320617675781,439.7039794921875,200.39926147460938,85.14801025390625,192.88999938964844
2024-03-04,497.298095703125,438.13507080078125,200.21434020996094,84.80549621582031,196.00999450683594
2024-03-05,492.3280334472656,430.2707214355469,198.296875,86.01325988769531,197.19000244140625
2024-03-06,494.82281494140625,432.974365234375,199.77633666992188,86.51801300048828,198.80999755859375
2024-03-07,499.734619140625,439.546142578125,201.44073486328125,86.43690490722656,199.94000244140625
2024-03-08,496.7351379394531,433.2013854980469,201.31422424316406,86.28367614746094,201.6300048828125
2024-03-11,496.3079833984375,431.5929870605469,199.7179412841797,86.23860931396484,202.0
2024-03-12,501.6470031738281,437.7798767089844,199.44540405273438,85.51754760742188,199.7899932861328
2024-03-13,500.8606262207031,434.4150390625,200.2240753173828,85.10295104980469,201.19000244140625
2024-03-14,499.8704528808594,433.31976318359375,196.64219665527344,83.79602813720703,200.35000610351562
2024-03-15,496.4381103515625,428.16900634765625,197.01205444335938,83.76898956298828,199.7100067138672
2024-03-18,499.3885498046875,432.2525939941406,195.88302612304688,83.5166244506836,200.02999877929688
2024-03-19,502.1636962890625,433.32958984375,196.71034240722656,83.75094604492188,199.8000030517578
2024-03-20,506.808349609375,438.4673767089844,200.60366821289062,83.72391510009766,202.17999267578125
2024-03-21,508.48321533203125,440.54229736328125,202.9085235595703,83.9041748046875,201.97000122070312
2024-03-22,507.5192565917969,441.0462646484375,200.1079559326172,84.70634460449219,200.35000610351562
2024-03-25,506.1170654296875,439.4455871582031,200.56658935546875,84.2827377319336,200.99000549316406
2024-03-26,505.1822509765625,438.02276611328125,200.20553588867188,84.51708984375,201.63999938964844
2024-03-27,509.427734375,439.51470947265625,204.5673828125,85.35529327392578,203.10000610351562
2024-03-28,509.3304443359375,438.7045593261719,205.21142578125,85.28319549560547,205.72000122070312
2024-04-01,508.4442443847656,439.6333312988281,203.27931213378906,83.69342041015625,207.82000732421875
2024-04-02,505.2115478515625,435.8392028808594,199.54200744628906,83.23222351074219,210.88999938964844
2024-04-03,505.7664794921875,436.8173828125,200.8495635986328,83.21415710449219,212.74000549316406
2024-04-04,499.59307861328125,430.13812255859375,198.8394317626953,83.81096649169922,211.52000427246094
2024-04-05,504.8122253417969,435.20684814453125,199.50294494628906,82.64443969726562,215.13999938964844
2024-04-08,505.09454345703125,435.3352966308594,200.59588623046875,82.63539123535156,216.47999572753906
2024-04-09,505.6788635253906,436.94580078125,201.38626098632812,83.40404510498047,217.6699981689453
2024-04-10,500.61541748046875,433.1319580078125,196.06813049316406,81.58641052246094,215.61000061035156
2024-04-11,504.3935546875,440.04827880859375,197.39523315429688,81.21563720703125,219.8000030517578
2024-04-12,497.4313049316406,433.0331115722656,193.88233947753906,81.64968872070312,216.88999938964844
2024-04-15,491.199462890625,425.90924072265625,191.04275512695312,80.3836669921875,220.9499969482422
2024-04-16,490.30364990234375,425.94879150390625,190.3401641845703,79.85012817382812,221.22000122070312
2024-04-17,487.40191650390625,420.75164794921875,188.3300018310547,80.73633575439453,219.58999633789062
2024-04-18,486.3989562988281,418.3507080078125,188.1738739013672,80.32943725585938,220.33999633789062
2024-04-19,482.1534729003906,409.69537353515625,188.46664428710938,80.61878967285156,221.02999877929688
2024-04-22,486.5937194824219,413.8155517578125,190.57437133789062,80.483154296875,215.57000732421875
2024-04-23,492.367919921875,419.9908752441406,193.76522827148438,80.51026916503906,215.0399932861328
2024-04-24,492.13427734375,421.4136962890625,192.89675903320312,79.94056701660156,214.63999938964844
2024-04-25,490.2646484375,419.3782653808594,191.72581481933594,79.37989807128906,215.9199981689453
2024-04-26,494.90936279296875,425.8499755859375,193.560302734375,79.7958984375,216.6199951171875
2024-04-29,496.6620788574219,427.5790710449219,195.12159729003906,80.4650650024414,216.17999267578125
2024-04-30,488.79437255859375,419.5166015625,191.15985107421875,79.77780151367188,211.8699951171875
2024-05-01,487.2071838378906,416.4832763671875,191.5599365234375,80.36583709716797,213.7899932861328
2024-05-02,491.76422119140625,421.7989807128906,195.0825958251953,80.71066284179688,213.1300048828125
2024-05-03,497.8597717285156,430.2764892578125,197.01466369628906,81.52740478515625,212.9600067138672
2024-05-06,503.0011291503906,434.9894714355469,199.56149291992188,81.84500885009766,215.1999969482422
2024-05-07,503.55621337890625,435.05865478515625,200.01039123535156,82.34413146972656,214.2100067138672
2024-05-08,503.6047668457031,434.80169677734375,198.84915161132812,81.84500885009766,213.5800018310547
2024-05-09,506.50653076171875,435.750244140625,200.87884521484375,82.24431610107422,216.9499969482422
2024-05-10,507.1589050292969,436.7778625488281,199.36634826660156,81.78150939941406,218.7100067138672
2024-05-13,507.2269592285156,437.78564453125,199.7859649658203,81.99020385742188,216.25999450683594
2024-05-14,509.5543212890625,440.6016540527344,201.85464477539062,82.45301818847656,218.08999633789062
2024-05-15,515.8641357421875,447.48834228515625,204.3722381591797,83.57828521728516,220.88999938964844
2024-05-16,514.802734375,446.579345703125,202.89874267578125,83.49662780761719,220.02999877929688
2024-05-17,515.542724609375,446.3619689941406,203.04513549804688,82.93399047851562,223.66000366210938
2024-05-20,516.13671875,449.4743347167969,203.49398803710938,82.68896484375,224.55999755859375
2024-05-21,517.4026489257812,450.3536071777344,203.29881286621094,83.11547088623047,224.22999572753906
2024-05-22,515.9127807617188,450.2648010253906,201.58145141601562,83.21530151367188,220.11000061035156
2024-05-23,512.1444091796875,448.2392883300781,198.27346801757812,82.6799087524414,215.72000122070312
2024-05-24,515.5330200195312,452.4779968261719,200.46902465820312,82.92491149902344,215.9199981689453
2024-05-28,515.893310546875,454.18731689453125,200.19578552246094,81.73612213134766,218.19000244140625
2024-05-29,512.2807006835938,450.98602294921875,197.23912048339844,80.7469711303711,216.16000366210938
2024-05-30,508.8824157714844,446.1545104980469,199.11265563964844,81.52740478515625,216.57000732421875
2024-05-31,513.5173950195312,445.3244934082031,200.791015625,82.08094024658203,215.3000030517578
2024-06-03,513.9360961914062,447.715576171875,199.65908813476562,83.40857696533203,217.22000122070312
2024-06-04,514.5105590820312,448.94073486328125,197.0829620361328,84.38288879394531,215.27000427246094
2024-06-05,520.6255493164062,457.9913024902344,200.0981903076172,85.0020751953125,217.82000732421875
2024-06-06,520.615966796875,457.833251953125,198.66378784179688,84.87458038330078,219.42999267578125
2024-06-07,519.98291015625,457.4281311035156,196.3316192626953,83.31752014160156,211.60000610351562
2024-06-10,521.589599609375,459.2757873535156,197.00489807128906,82.76206970214844,213.5399932861328
2024-06-11,522.8458251953125,462.4276428222656,196.33168029785156,83.6180191040039,214.14999389648438
2024-06-12,527.139892578125,468.484375,199.34555053710938,84.2463150024414,214.72000122070312
2024-06-13,528.2012329101562,471.0237121582031,197.60379028320312,85.48468017578125,212.97000122070312
2024-06-14,528.5226440429688,473.46417236328125,194.46267700195312,86.20405578613281,215.72999572753906
2024-06-17,532.729248046875,479.2640380859375,196.0968475341797,85.34810638427734,214.61000061035156
2024-06-18,534.0827026367188,479.4122009277344,196.43934631347656,86.13118743896484,215.47000122070312
2024-06-20,532.6318359375,475.7169189453125,195.60757446289062,85.55752563476562,218.16000366210938
2024-06-21,531.9176025390625,474.4423522949219,196.0479278564453,85.55752563476562,214.77999877929688
2024-06-24,530.1885986328125,469.0409851074219,196.89923095703125,85.9035415649414,215.6300048828125
2024-06-25,532.2303466796875,474.4047546386719,196.25340270996094,86.04924011230469,214.55999755859375
2024-06-26,532.8946533203125,475.38446044921875,195.73477172851562,84.81998443603516,212.5800018310547
2024-06-27,533.734619140625,476.6116027832031,197.72120666503906,85.1568832397461,214.99000549316406
2024-06-28,531.63427734375,474.1375427246094,198.53334045410156,83.57247924804688,215.00999450683594
2024-07-01,532.7285766601562,476.9184265136719,196.86990356445312,82.13011169433594,215.57000732421875
2024-07-02,536.3136596679688,481.9259033203125,197.5450897216797,82.76953125,215.55999755859375
2024-07-03,538.7069702148438,485.9437255859375,197.4961395263672,83.8565902709961,217.99000549316406
2024-07-05,541.8134155273438,491.0105895996094,196.55674743652344,84.55081176757812,220.92999267578125
2024-07-08,542.438720703125,492.1783142089844,197.9364776611328,84.73348999023438,218.19000244140625
2024-07-09,542.9661865234375,492.6038818359375,197.07534790039062,84.3589859008789,218.55999755859375
2024-07-10,548.3389892578125,497.7400207519531,199.00308227539062,84.6238784790039,219.36000061035156
2024-07-11,543.6107788085938,486.8244934082031,206.1560821533203,85.44601440429688,223.25
2024-07-12,547.039794921875,489.68450927734375,208.56329345703125,85.81138610839844,223.11000061035156
2024-07-15,548.5440673828125,491.0007019042969,212.52630615234375,84.82486724853516,223.8300018310547
2024-07-16,551.7970581054688,491.1887512207031,219.77719116210938,86.02149200439453,228.2899932861328
2024-07-17,544.060302734375,476.7699279785156,217.4776611328125,86.03975677490234,227.22999572753906
2024-07-18,539.8792114257812,474.51361083984375,213.26998901367188,85.38204956054688,225.77999877929688
2024-07-19,536.2940673828125,470.3077392578125,212.18382263183594,84.87965393066406,221.72999572753906
2024-07-22,541.8232421875,477.31427001953125,215.55975341796875,84.6330337524414,221.8000030517578
2024-07-23,540.9733276367188,475.63189697265625,217.84950256347656,84.5142593383789,222.5800018310547
2024-07-24,528.7135009765625,458.57080078125,213.17213439941406,83.60078430175781,221.8000030517578
2024-07-25,525.958740234375,453.51385498046875,215.83372497558594,84.2859115600586,218.3300018310547
2024-07-26,531.8492431640625,458.1650390625,219.4053497314453,84.94361114501953,220.6300048828125
2024-07-29,532.1619262695312,459.0854187011719,216.9688262939453,85.40032958984375,220.32000732421875
2024-07-30,529.4657592773438,452.7815246582031,217.79078674316406,85.72918701171875,222.52000427246094
2024-07-31,538.0718994140625,466.1809997558594,219.05307006835938,86.60611724853516,226.5500030517578
2024-08-01,530.452392578125,454.8894348144531,211.9293975830078,87.35306549072266,225.77000427246094
2024-08-02,520.5762939453125,444.0926513671875,204.43389892578125,90.07512664794922,225.33999633789062
2024-08-05,505.4151611328125,430.85150146484375,197.85818481445312,90.55171966552734,222.47999572753906
2024-08-06,510.07476806640625,434.9682922363281,200.01095581054688,88.52621459960938,220.6999969482422
2024-08-07,506.66546630859375,430.2577209472656,197.64291381835938,87.90298461914062,220.5500030517578
2024-08-08,518.378173828125,443.41973876953125,202.44749450683594,87.36222839355469,224.00999450683594
2024-08-09,520.6640014648438,445.7354431152344,202.0267333984375,88.22376251220703,224.55999755859375
2024-08-12,520.9376220703125,446.6953430175781,200.2066650390625,88.5445556640625,228.41000366210938
2024-08-13,529.5048828125,457.7790832519531,203.50430297851562,89.15860748291016,228.05999755859375
2024-08-14,531.1751708984375,457.92755126953125,202.2419891357422,89.71768951416016,226.1999969482422
2024-08-15,540.2796630859375,469.49627685546875,207.48687744140625,88.99363708496094,226.91000366210938
2024-08-16,541.4910278320312,470.099853515625,208.0348663330078,89.30525207519531,231.99000549316406
2024-08-19,546.66845703125,476.2750549316406,210.57904052734375,89.71768951416016,231.61000061035156
2024-08-20,545.7796020507812,475.2756042480469,208.12295532226562,90.43256378173828,232.4600067138672
2024-08-21,547.6550903320312,477.49237060546875,210.83348083496094,90.4875717163086,232.14999389648438
2024-08-22,543.35693359375,469.9218444824219,208.97425842285156,89.58936309814453,229.3699951171875
2024-08-23,549.1301879882812,475.018310546875,215.6478271484375,90.17595672607422,232.02000427246094
2024-08-26,547.8212890625,470.4066467285156,215.71627807617188,89.94682312011719,232.75999450683594
2024-08-27,548.5734252929688,471.8119201660156,214.0430145263672,89.79102325439453,233.38999938964844
2024-08-28,545.3887939453125,466.4581298828125,212.59478759765625,89.68102264404297,231.75
2024-08-29,545.4375610351562,465.7752685546875,214.1115264892578,89.38773345947266,232.9499969482422
2024-08-30,550.6443481445312,471.3269958496094,215.35426330566406,88.43457794189453,231.2899932861328
2024-09-03,539.3126831054688,457.01708984375,208.7687530517578,89.88092041015625,230.2899932861328
2024-09-04,538.2088012695312,455.8295593261719,208.41651916503906,91.03951263427734,230.42999267578125
2024-09-05,536.8997192382812,456.255126953125,207.37925720214844,91.55442810058594,232.35000610351562
2024-09-06,527.8636474609375,444.0332946777344,203.435791015625,91.54523468017578,230.6300048828125
2024-09-09,533.773681640625,449.743408203125,204.00332641601562,91.94060516357422,231.60000610351562
2024-09-10,536.0986328125,453.8998107910156,203.8369903564453,92.58427429199219,232.6199951171875
2024-09-11,541.5984497070312,463.7564392089844,204.43389892578125,92.51069641113281,232.25
2024-09-12,546.1605224609375,468.3087158203125,207.06613159179688,92.07853698730469,236.3300018310547
2024-09-13,549.012939453125,470.4066467285156,212.17405700683594,92.32679748535156,238.67999267578125
2024-09-16,549.8237915039062,468.3284912109375,212.93728637695312,93.17273712158203,238.66000366210938
2024-09-17,550.0485229492188,468.57586669921875,214.69863891601562,92.72218322753906,237.33999633789062
2024-09-18,548.4171752929688,466.5471496582031,214.73777770996094,91.57280731201172,235.50999450683594
2024-09-19,557.7755737304688,478.34344482421875,219.1607208251953,91.26937103271484,239.1699981689453
2024-09-20,556.8114013671875,477.4329833984375,216.812255859375,90.9199447631836,242.2100067138672
2024-09-23,558.2028198242188,478.69854736328125,216.01963806152344,90.72687530517578,242.67999267578125
2024-09-24,559.7999877929688,481.007568359375,216.3817138671875,90.70848846435547,246.07000732421875
2024-09-25,558.5653076171875,481.4534912109375,213.74246215820312,89.95449829101562,245.72999572753906
2024-09-26,560.7798461914062,485.07073974609375,214.88143920898438,90.16596221923828,246.97999572753906
2024-09-27,559.9664916992188,482.37518310546875,216.33457946777344,90.63491821289062,245.02000427246094
2024-09-30,562.21044921875,483.6833190917969,216.88442993164062,90.20275115966797,243.05999755859375
2024-10-01,557.1738891601562,476.9444274902344,213.9388427734375,90.85401916503906,245.61000061035156
2024-10-02,557.4090576171875,477.61834716796875,213.64425659179688,90.08837127685547,245.66000366210938
2024-10-03,556.3900146484375,477.2615661621094,212.21075439453125,89.23970031738281,245.49000549316406
2024-10-04,561.4461059570312,482.9400634765625,215.1759796142578,88.1419677734375,245.0
2024-10-07,556.3704223632812,477.7669372558594,213.48716735839844,87.477783203125,244.1699981689453
2024-10-08,561.6322021484375,484.9022521972656,213.6344757080078,87.62535858154297,242.3699951171875
2024-10-09,565.5223999023438,488.7176513671875,214.10574340820312,87.12723541259766,241.0500030517578
2024-10-10,564.53271484375,488.16265869140625,212.91769409179688,86.78593444824219,242.82000732421875
2024-10-11,567.9132690429688,488.92578125,217.2477264404297,86.43540954589844,245.47000122070312
2024-10-14,572.557861328125,493.0285339355469,218.84815979003906,86.49996948242188,245.07000732421875
2024-10-15,568.109375,486.4383239746094,219.02488708496094,87.55158233642578,245.9199981689453
2024-10-16,570.5785522460938,486.4977722167969,222.6283416748047,87.92057037353516,247.14999389648438
2024-10-17,570.6275024414062,486.834716796875,222.0195770263672,86.52764129638672,248.6300048828125
2024-10-18,572.8224487304688,490.0257873535156,221.55810546875,86.59220886230469,251.27000427246094
2024-10-21,571.8817749023438,490.9672546386719,218.07249450683594,85.07936096191406,251.22000122070312
2024-10-22,571.5780029296875,491.5024108886719,217.2477264404297,85.16238403320312,253.92999267578125
2024-10-23,566.355224609375,483.970703125,215.2643585205078,84.9317626953125,250.8699951171875
2024-10-24,567.5801391601562,487.8951110839844,215.73565673828125,85.47602081298828,252.8000030517578
2024-10-25,567.3840942382812,490.8681335449219,214.92071533203125,84.996337890625,253.32000732421875
2024-10-28,569.13818359375,490.9473876953125,218.4259796142578,84.76571655273438,253.3300018310547
2024-10-29,570.0592041015625,495.6646423339844,217.71902465820312,84.89485931396484,256.0899963378906
2024-10-30,568.3345947265625,491.91864013671875,217.42445373535156,85.1439437866211,257.5
2024-10-31,557.193603515625,479.5012512207031,213.81118774414062,85.28230285644531,253.50999450683594
2024-11-01,559.545166015625,483.049072265625,215.00906372070312,84.07996368408203,252.47000122070312
2024-11-04,558.3399047851562,481.64178466796875,216.0989227294922,85.38505554199219,252.8300018310547
2024-11-05,565.0912475585938,487.78607177734375,220.16387939453125,85.83856201171875,253.39999389648438
2024-11-06,579.1424560546875,501.035888671875,232.91831970214844,83.48760986328125,245.6999969482422
2024-11-07,583.62060546875,508.9243469238281,232.09353637695312,84.53350067138672,249.64999389648438
2024-11-08,586.148681640625,509.5190734863281,233.80198669433594,85.60719299316406,247.9600067138672
2024-11-11,586.7072143554688,509.2217102050781,237.31704711914062,85.19068908691406,242.13999938964844
2024-11-12,584.8847045898438,508.3000183105469,233.15396118164062,83.91337585449219,240.0500030517578
2024-11-13,585.1688842773438,507.64599609375,230.8465576171875,83.11737060546875,237.6300048828125
2024-11-14,581.4060668945312,504.11798095703125,227.73403930664062,83.59864807128906,237.00999450683594
2024-11-15,573.9590454101562,492.10693359375,224.33680725097656,83.37652587890625,236.58999633789062
2024-11-18,576.310791015625,495.52587890625,224.77862548828125,83.52462768554688,241.08999633789062
2024-11-19,578.41748046875,498.9349365234375,226.44781494140625,83.95040893554688,243.25
2024-11-20,578.6134643554688,498.6476135253906,226.74237060546875,83.68197631835938,244.6199951171875
2024-11-21,581.7196655273438,500.44134521484375,230.188720703125,83.61717224121094,246.66000366210938
2024-11-22,583.522705078125,501.2440490722656,234.440185546875,83.66344451904297,249.83999633789062
2024-11-25,585.5020141601562,502.0368347167969,238.00437927246094,85.82933044433594,242.47999572753906
2024-11-26,588.5592041015625,504.7323913574219,236.2566375732422,85.49610900878906,242.9499969482422
2024-11-27,586.7756958007812,500.7584533691406,236.58065795898438,86.0885009765625,243.49000549316406
2024-11-29,590.4208374023438,505.1585693359375,237.4839630126953,86.97705078125,245.58999633789062
2024-12-02,591.4791259765625,510.6586608886719,237.36614990234375,87.18602752685547,243.44000244140625
2024-12-03,591.7535400390625,512.224365234375,235.67733764648438,86.43370819091797,243.92999267578125
2024-12-04,595.427978515625,518.5570068359375,236.52175903320312,87.36249542236328,244.6699981689453
2024-12-05,594.4481201171875,517.1200561523438,233.7626953125,87.53897857666016,242.86000061035156
2024-12-06,595.5750122070312,521.7479858398438,234.59732055664062,87.66900634765625,242.9499969482422
2024-12-09,592.5079956054688,517.6849975585938,233.4190673828125,86.86093139648438,245.36000061035156
2024-12-10,590.6658935546875,515.9208984375,232.40773010253906,86.45228576660156,248.58999633789062
2024-12-11,595.2319946289062,525.1571655273438,233.45834350585938,85.63494873046875,250.9600067138672
2024-12-12,592.1651611328125,521.7678833007812,230.4243621826172,84.59468841552734,247.27999877929688
2024-12-13,592.0475463867188,525.76171875,228.84356689453125,83.73092651367188,244.2899932861328
2024-12-16,594.5755004882812,533.3331298828125,230.188720703125,83.981689453125,244.8800048828125
2024-12-17,592.1258544921875,530.9842529296875,227.55345153808594,84.18601989746094,243.94000244140625
2024-12-18,574.4784545898438,511.8280944824219,217.4791259765625,83.13334655761719,239.25999450683594
2024-12-19,574.302001953125,509.5487060546875,216.51405334472656,81.87458038330078,239.60000610351562
2024-12-20,581.199951171875,513.9984741210938,218.54269409179688,82.34078216552734,242.10000610351562
2024-12-23,584.6803588867188,519.0060424804688,218.04046630859375,81.5855484008789,240.9600067138672
2024-12-24,591.1791381835938,526.0437622070312,219.99032592773438,81.9305191040039,241.44000244140625
2024-12-26,591.218505859375,525.6863403320312,222.24546813964844,81.88390350341797,243.07000732421875
2024-12-27,584.9949951171875,518.6983642578125,219.0055389404297,81.21255493164062,241.39999389648438
2024-12-30,578.3192138671875,511.7997131347656,217.32156372070312,81.86526489257812,240.6300048828125
2024-12-31,576.21533203125,507.4521179199219,217.5973358154297,81.42703247070312,242.1300048828125
2025-01-02,574.799560546875,506.4595031738281,217.77455139160156,81.65081024169922,245.4199981689453
2025-01-03,581.9864501953125,514.7477416992188,221.0144805908203,81.38971710205078,243.49000549316406
2025-01-06,585.3390502929688,520.6636352539062,221.10313415527344,81.02609252929688,243.19000244140625
2025-01-07,578.7223510742188,511.3728942871094,219.3305206298828,80.11234283447266,244.55999755859375
2025-01-08,579.5678100585938,511.4622497558594,218.33590698242188,80.21490478515625,245.86000061035156
2025-01-10,570.7194213867188,503.4419860839844,213.53016662597656,79.68343353271484,248.2100067138672
2025-01-13,571.604248046875,501.8240051269531,213.9437713623047,79.65546417236328,245.74000549316406
2025-01-14,572.3908081054688,501.3475646972656,216.3761749267578,79.52490997314453,247.02999877929688
2025-01-15,582.802490234375,512.8816528320312,220.6304473876953,80.89556884765625,248.8800048828125
2025-01-16,581.6817016601562,509.2884826660156,221.07359313964844,81.1566390991211,250.60000610351562
2025-01-17,587.521728515625,517.8844604492188,222.02883911132812,81.29650115966797,249.27000427246094
2025-01-21,592.8995971679688,520.921875,226.2929229736328,82.02376556396484,253.1300048828125
2025-01-22,596.2326049804688,527.582275390625,224.81573486328125,81.5948715209961,254.42999267578125
2025-01-23,599.48681640625,528.703857421875,225.8399200439453,80.96083068847656,254.07000732421875
2025-01-24,597.73681640625,525.7161865234375,225.20968627929688,81.32447814941406,255.64999389648438
2025-01-27,589.2816162109375,510.41009521484375,223.05300903320312,82.28482818603516,252.99000549316406
2025-01-28,594.3448486328125,517.9539184570312,223.2991943359375,82.2289047241211,255.17999267578125
2025-01-29,591.6805419921875,516.981201171875,222.78709411621094,82.06107330322266,254.1999969482422
2025-01-30,594.8561401367188,519.1846923828125,225.05209350585938,82.36876678466797,258.04998779296875
2025-01-31,591.6903076171875,518.4303588867188,223.03329467773438,81.82796478271484,258.55999755859375
2025-02-03,587.7085571289062,514.28125,220.42361450195312,82.49421691894531,259.94000244140625
2025-02-04,591.6510620117188,520.5942993164062,223.47645568847656,82.74684143066406,262.5
2025-02-05,594.0499267578125,522.9566650390625,225.90884399414062,84.1130142211914,264.1300048828125
2025-02-06,596.1146850585938,525.6863403320312,225.17025756835938,84.07562255859375,263.42999267578125
2025-02-07,590.6580810546875,519.0557250976562,222.56060791015625,83.5328598022461,263.8999938964844
2025-02-10,594.6693115234375,525.3389282226562,223.5650634765625,83.28022003173828,268.3699951171875
2025-02-11,595.12158203125,524.0882568359375,222.26516723632812,82.74684143066406,267.3900146484375
2025-02-12,593.2044067382812,524.3959350585938,220.21681213378906,81.62398529052734,267.6700134277344
2025-02-13,599.4671630859375,531.9397583007812,222.69847106933594,82.98077392578125,270.30999755859375
2025-02-14,599.437744140625,534.1732177734375,222.5310516357422,83.42058563232422,266.2900085449219
2025-02-18,601.1975708007812,535.3841552734375,223.752197265625,82.43804168701172,270.70001220703125
2025-02-19,602.6133422851562,535.5330810546875,222.9840545654297,82.54100036621094,270.8500061035156
2025-02-20,600.106201171875,533.2598876953125,220.84707641601562,82.84978485107422,270.989990234375
2025-02-21,589.8419799804688,522.1923828125,214.4853973388672,83.85102844238281,270.739990234375
2025-02-24,587.1580200195312,516.0282592773438,212.93927001953125,84.09430694580078,272.2099914550781
2025-02-25,584.2379760742188,509.52667236328125,212.13177490234375,85.5447006225586,268.6199951171875
2025-02-26,584.5328369140625,510.75750732421875,212.3976287841797,86.04998779296875,269.0299987792969
2025-02-27,575.20263671875,496.57305908203125,209.15771484375,85.44175720214844,264.92999267578125
2025-02-28,584.1788940429688,504.4147033691406,211.38333129882812,86.48977661132812,263.2699890136719
2025-03-03,573.9441528320312,493.3768615722656,205.60267639160156,86.8934097290039,266.739990234375
2025-03-04,567.1504516601562,491.8879699707031,203.278564453125,85.82332611083984,269.05999755859375
2025-03-05,573.24609375,498.3002624511719,205.29737854003906,85.13809967041016,269.6199951171875
2025-03-06,563.0703125,484.59228515625,202.1559295654297,84.85648345947266,268.25
2025-03-07,566.2262573242188,488.15576171875,202.81573486328125,84.58426666259766,268.3900146484375
2025-03-10,551.1444702148438,469.23663330078125,197.7145538330078,85.46663665771484,266.0400085449219
2025-03-11,546.56298828125,468.114990234375,197.69488525390625,84.85648345947266,269.1600036621094
2025-03-12,549.4631958007812,473.39569091796875,198.03955078125,84.34960174560547,270.3299865722656
2025-03-13,542.1386108398438,464.8790588378906,195.085205078125,85.09115600585938,275.1300048828125
2025-03-14,553.3369750976562,476.1153869628906,199.80230712890625,84.64059448242188,275.239990234375
2025-03-17,557.6039428710938,479.2024230957031,202.32333374023438,85.06301879882812,276.7300109863281
2025-03-18,551.5770874023438,471.03326416015625,200.56651306152344,85.14749145507812,279.9599914550781
2025-03-19,557.5842895507812,477.3363342285156,203.68536376953125,85.58866119384766,281.1099853515625
2025-03-20,555.9718017578125,475.71832275390625,202.39242553710938,85.64498138427734,280.75
2025-03-21,556.1551513671875,477.28668212890625,201.1389617919922,85.13809967041016,278.489990234375
2025-03-24,566.1151733398438,487.76043701171875,206.14300537109375,84.2651138305664,277.25
2025-03-25,567.4760131835938,490.5438537597656,204.99810791015625,84.2557373046875,278.4700012207031
2025-03-26,560.7012939453125,481.5175476074219,202.91554260253906,83.7019271850586,278.239990234375
2025-03-27,559.2122192382812,478.7738342285156,201.9482879638672,83.45785522460938,281.9700012207031
2025-03-28,547.9507446289062,466.1687927246094,197.84239196777344,84.61243438720703,284.05999755859375
2025-03-31,551.62890625,466.1488952636719,196.89488220214844,85.44786834716797,288.1400146484375
2025-04-01,553.1869506835938,469.90655517578125,196.9146270751953,86.18831634521484,287.57000732421875
2025-04-02,556.687744140625,473.3361511230469,200.02365112304688,86.13178253173828,288.1600036621094
2025-04-03,529.2537231445312,447.9967956542969,187.18287658691406,86.5274429321289,286.4200134277344
2025-04-04,498.2696838378906,420.17218017578125,178.83297729492188,87.46949005126953,279.7200012207031
2025-04-07,497.3821716308594,421.1861877441406,177.2143096923828,84.83174896240234,273.7099914550781
2025-04-08,489.5918273925781,413.60125732421875,172.5458221435547,83.2302474975586,275.20001220703125
2025-04-09,541.0083618164062,463.24615478515625,187.21250915527344,83.72013854980469,285.3800048828125
2025-04-10,517.3019409179688,443.5432434082031,179.34619140625,81.412109375,292.3500061035156
2025-04-11,526.5321044921875,451.71466064453125,181.9617156982422,81.85487365722656,297.92999267578125
2025-04-14,531.6402587890625,454.7764892578125,184.10350036621094,82.43893432617188,296.2300109863281
2025-04-15,530.151123046875,455.28350830078125,184.3304901123047,82.7309799194336,297.7799987792969
2025-04-16,518.366943359375,441.55511474609375,182.56378173828125,83.19258117675781,307.4700012207031
2025-04-17,519.1065063476562,441.4755859375,184.0541229248047,82.45777893066406,306.1199951171875
2025-04-21,506.7503356933594,430.55047607421875,180.36279296875,81.01644897460938,315.5899963378906
2025-04-22,519.9348754882812,441.8533630371094,185.03128051757812,81.46863555908203,311.1099853515625
2025-04-23,527.9915161132812,451.8737487792969,187.77508544921875,82.25994873046875,303.6499938964844
2025-04-24,539.1051635742188,464.58819580078125,191.5355224609375,83.12663269042969,308.07000732421875
2025-04-25,543.0003662109375,469.76739501953125,191.59474182128906,83.73896789550781,304.7300109863281
2025-04-28,543.2073974609375,469.6182556152344,192.40406799316406,84.26651000976562,309.07000732421875
2025-04-29,546.62939453125,472.7198486328125,193.53912353515625,84.97306060791016,306.05999755859375
2025-04-30,546.84619140625,472.6601867675781,192.32513427734375,84.2853775024414,303.7699890136719
2025-05-01,550.7216186523438,478.8334655761719,193.51937866210938,83.85798645019531,297.4599914550781
2025-05-02,558.8966674804688,485.9411926269531,197.8720245361328,82.9502944946289,297.9800109863281
2025-05-05,555.6918334960938,483.058349609375,196.35205078125,82.48697662353516,306.8800048828125
2025-05-06,551.0471801757812,478.5650939941406,194.2102813720703,82.76118469238281,315.4800109863281
2025-05-07,553.3645629882812,480.4438781738281,194.85182189941406,83.11103057861328,310.75
2025-05-08,557.2202758789062,485.4044189453125,198.56289672851562,82.18441772460938,304.6300048828125
2025-05-09,556.51025390625,485.0863037109375,198.19772338867188,82.30733489990234,306.8399963378906
2025-05-12,574.9014892578125,504.84881591796875,205.16587829589844,81.54147338867188,298.19000244140625
2025-05-13,578.6981201171875,512.5430908203125,205.91600036621094,81.2105484008789,299.4599914550781
2025-05-14,579.4378051757812,515.6148681640625,204.09005737304688,80.67160034179688,293.1600036621094
2025-05-15,582.2678833007812,516.181396484375,205.4224853515625,81.38072204589844,297.8399963378906
2025-05-16,585.9559936523438,518.4281005859375,207.12013244628906,81.59820556640625,294.239990234375
2025-05-19,586.5969848632812,518.9251708984375,206.25157165527344,81.36183166503906,298.0299987792969
2025-05-20,584.6246337890625,517.1954345703125,206.36013793945312,80.7756118774414,303.5799865722656
2025-05-21,574.7733154296875,510.0081787109375,200.56651306152344,79.39517211914062,305.82000732421875
2025-05-22,575.0001220703125,510.9625549316406,200.55662536621094,79.81116485595703,303.1099853515625
2025-05-23,571.0753784179688,506.2306213378906,199.9249725341797,79.94356536865234,309.75
2025-05-27,582.9483032226562,518.1397705078125,204.99810791015625,81.05925750732422,304.5
2025-05-28,579.5758056640625,515.8434448242188,202.8365936279297,80.70942687988281,303.80999755859375
2025-05-29,581.8635864257812,516.857421875,203.43862915039062,81.45635223388672,305.6099853515625
2025-05-30,581.2127685546875,516.0422973632812,202.40231323242188,81.57928466796875,303.6000061035156
2025-06-02,584.4866943359375,520.1181030273438,203.0339813232422,80.82005310058594,311.6700134277344
2025-06-03,587.8198852539062,524.183837890625,206.31080627441406,80.6777114868164,308.9100036621094
2025-06-04,587.6619873046875,525.645263671875,205.7284698486328,81.98736572265625,310.8999938964844
2025-06-05,584.8218994140625,521.688720703125,205.8173065185547,82.0443115234375,309.3299865722656
2025-06-06,590.8275146484375,526.788330078125,209.14344787597656,81.00037384033203,305.17999267578125
2025-06-09,591.3599243164062,527.5638427734375,210.58447265625,81.08578491210938,306.6199951171875
2025-06-10,594.7128295898438,531.0531005859375,211.719482421875,81.50337219238281,306.7099914550781
2025-06-11,593.0166015625,529.263671875,210.85096740722656,81.75010681152344,308.3699951171875
2025-06-12,595.37353515625,530.5062866210938,210.01202392578125,82.7276382446289,312.20001220703125
2025-06-13,588.7171630859375,523.8458862304688,206.172607421875,81.93042755126953,316.2900085449219
2025-06-16,594.318359375,531.1325073242188,208.60336303710938,81.10476684570312,311.7799987792969
2025-06-17,589.2398681640625,525.9534301757812,206.40618896484375,82.09176635742188,311.94000244140625
2025-06-18,589.1510009765625,525.8638305664062,207.494873046875,82.23412322998047,310.260009765625
2025-06-20,587.7673950195312,523.7166748046875,207.05941772460938,82.08229064941406,310.1300048828125
2025-06-23,593.5730590820312,529.1017456054688,209.59307861328125,82.34801483154297,311.0799865722656
2025-06-24,600.1304321289062,537.1928100585938,212.2653350830078,82.94590759277344,306.19000244140625
2025-06-25,600.4666748046875,538.5660400390625,209.79103088378906,83.05030059814453,307.1199951171875
2025-06-26,605.16455078125,543.6018676757812,213.1956787109375,83.46788024902344,306.7799987792969
2025-06-27,608.1713256835938,545.4629516601562,213.26495361328125,82.9364242553711,301.2200012207031
2025-06-30,611.0791015625,548.9959106445312,213.5717315673828,83.75259399414062,304.8299865722656
2025-07-01,610.8812866210938,544.3682250976562,215.76895141601562,83.96024322509766,307.54998779296875
2025-07-02,613.6505737304688,548.159912109375,218.7578887939453,83.42681121826172,309.25
2025-07-03,618.4869995117188,553.553955078125,220.78683471679688,82.84573364257812,307.1400146484375
2025-07-07,613.8779907226562,549.3840942382812,217.47125244140625,82.05509948730469,307.3699951171875
2025-07-08,613.5418090820312,549.6925659179688,218.9756317138672,81.95030975341797,304.1600036621094
2025-07-09,617.2210083007812,553.5838012695312,221.35096740722656,82.8076171875,305.5199890136719
2025-07-10,618.9617309570312,552.7877197265625,222.48915100097656,82.86477661132812,306.20001220703125
2025-07-11,616.7857666015625,551.5436401367188,219.42100524902344,81.72169494628906,309.1400146484375
2025-07-14,617.9627685546875,553.5440673828125,220.89569091796875,81.55022430419922,308.010009765625
2025-07-15,615.322021484375,554.051513671875,216.57061767578125,80.97869873046875,306.7300109863281
2025-07-16,617.3792114257812,554.6188354492188,218.74801635742188,81.09297943115234,308.260009765625
2025-07-17,621.1574096679688,559.1072387695312,221.61819458007812,81.07392883300781,307.5899963378906
2025-07-18,620.702392578125,558.56982421875,220.04452514648438,81.1977767944336,308.3900146484375
2025-07-21,621.87939453125,561.4658813476562,219.15377807617188,81.92173767089844,313.1300048828125
2025-07-22,621.9684448242188,558.559814453125,220.97488403320312,82.41707611083984,316.1000061035156
2025-07-23,627.2598266601562,561.1075439453125,224.3498077392578,81.95983123779297,312.17999267578125
2025-07-24,627.4674072265625,562.3018188476562,221.2519989013672,81.81694793701172,310.2699890136719
2025-07-25,630.1181030273438,563.6552734375,222.07347106933594,82.33132934570312,307.3999938964844
2025-07-28,629.9598999023438,565.4169311523438,221.81614685058594,81.79791259765625,305.4100036621094
2025-07-29,628.2982788085938,564.541015625,220.40084838867188,83.17914581298828,306.25
2025-07-30,627.5070190429688,565.2974243164062,219.28244018554688,82.75048828125,300.9599914550781
2025-07-31,625.1531372070312,562.3018188476562,217.13475036621094,82.798095703125,302.9599914550781
2025-08-01,614.9066162109375,551.2252197265625,212.71070861816406,83.97520446777344,309.1099853515625
2025-08-04,624.2530517578125,561.3961181640625,217.47125244140625,84.20469665527344,310.9100036621094
2025-08-05,621.088134765625,557.5845947265625,218.57974243164062,84.4628677368164,311.1600036621094
2025-08-06,625.845458984375,564.6007690429688,218.292724609375,83.97520446777344,310.5
2025-08-07,625.3212280273438,566.5115356445312,217.5801239013672,83.831787109375,313.1199951171875
2025-08-08,630.1972045898438,571.7960815429688,218.05519104003906,83.46841430664062,313.04998779296875
2025-08-11,628.9510498046875,570.104248046875,218.00570678710938,83.56404876708984,308.54998779296875
2025-08-12,635.6468505859375,577.2697143554688,224.4784698486328,83.143310546875,308.2699890136719
2025-08-13,637.82275390625,577.5584106445312,228.84315490722656,83.831787109375,309.2099914550781
2025-08-14,637.882080078125,577.1105346679688,225.89376831054688,83.2102279663086,307.25
2025-08-15,636.3886108398438,574.57275390625,224.79519653320312,82.61737823486328,307.42999267578125
2025-08-18,636.2501220703125,574.3438720703125,225.61666870117188,82.3783187866211,306.95001220703125
2025-08-19,632.7984008789062,566.5513916015625,223.88465881347656,82.85643005371094,305.2699890136719
2025-08-20,631.1170654296875,563.1876220703125,223.09288024902344,83.0381088256836,308.3599853515625
2025-08-21,628.5850830078125,560.5802001953125,223.64710998535156,82.62694549560547,307.2900085449219
2025-08-22,638.2380981445312,569.2284545898438,232.41604614257812,83.23893737792969,310.5799865722656
2025-08-25,635.4292602539062,567.5864868164062,229.971435546875,82.99986267089844,309.8299865722656
2025-08-26,638.0897216796875,569.8653564453125,231.8717041015625,82.95206451416016,312.0799865722656
2025-08-27,639.543701171875,570.7412109375,233.51463317871094,82.85643005371094,312.7099914550781
2025-08-28,641.8085327148438,574.3140258789062,233.79176330566406,83.40148162841797,315.0299987792969
2025-08-29,637.98095703125,567.666015625,232.75254821777344,82.80863189697266,318.07000732421875
2025-09-02,633.2533569335938,562.908935546875,231.49559020996094,82.19239807128906,325.5899963378906
2025-09-03,636.685302734375,567.3375854492188,231.26795959472656,83.09465789794922,328.1400146484375
2025-09-04,642.0062866210938,572.4728393554688,234.15794372558594,83.72815704345703,326.69000244140625
2025-09-05,640.1469116210938,573.298828125,235.32582092285156,85.00476837158203,331.04998779296875
2025-09-08,641.7195434570312,576.0953979492188,235.80088806152344,86.13739776611328,334.82000732421875
2025-09-09,643.2031860351562,577.7275390625,234.41529846191406,85.64787292480469,334.05999755859375
2025-09-10,645.0625,577.9166870117188,233.99957275390625,86.13739776611328,335.260009765625
2025-09-11,650.4231567382812,581.2804565429688,238.32467651367188,86.71330261230469,334.760009765625
2025-09-12,650.2055053710938,583.8480224609375,235.8899688720703,86.3389663696289,335.4200134277344
2025-09-15,653.6671752929688,588.843994140625,236.88958740234375,86.54053497314453,338.9100036621094
2025-09-16,652.7671508789062,588.3463745117188,236.49951171875,86.72290802001953,339.5899963378906
2025-09-17,651.9561157226562,587.1720581054688,237.10494995117188,86.50214385986328,336.9700012207031
2025-09-18,655.0023803710938,592.466552734375,243.010498046875,85.60948944091797,335.6199951171875
2025-09-19,658.2465209960938,596.4772338867188,241.16436767578125,85.44629669189453,339.17999267578125
2025-09-22,661.3607177734375,600.0083618164062,242.56385803222656,85.13915252685547,345.04998779296875
2025-09-23,657.7606201171875,596.0228881835938,242.01795959472656,85.73426055908203,346.4599914550781
2025-09-24,655.6678466796875,593.9305419921875,239.79470825195312,85.40790557861328,343.32000732421875
2025-09-25,652.6429443359375,591.3699951171875,237.501953125,85.40790557861328,344.75
2025-09-26,656.3819580078125,593.8009643554688,239.53663635253906,85.33111572265625,346.739990234375
2025-09-29,658.2266845703125,596.5509643554688,239.81454467773438,86.03181457519531,352.4599914550781
2025-09-30,660.7061157226562,598.18505859375,240.1520233154297,85.78225708007812,355.4700012207031
2025-10-01,662.95751953125,601.0545043945312,240.67803955078125,86.00379180908203,356.0299987792969
2025-10-02,663.7210693359375,603.5254516601562,242.19662475585938,86.25422668457031,354.7900085449219
2025-10-03,663.7113037109375,600.9848022460938,243.9930877685547,86.0904769897461,357.6400146484375
2025-10-06,666.0914916992188,605.498291015625,244.96575927734375,85.40660858154297,364.3800048828125
2025-10-07,663.6219482421875,602.3099365234375,242.3355712890625,85.89784240722656,366.260009765625
2025-10-08,667.5791625976562,609.2147216796875,244.87644958496094,85.96526336669922,372.29998779296875
2025-10-09,665.6452026367188,608.4774780273438,243.29832458496094,85.89784240722656,365.42999267578125
2025-10-10,647.6542358398438,587.3545532226562,236.01315307617188,87.28484344482422,369.1199951171875
2025-10-13,657.5919189453125,599.8190307617188,242.5836944580078,87.2366714477539,378.0899963378906
2025-10-14,656.78857421875,595.8236694335938,246.04762268066406,87.51600646972656,380.7900085449219
2025-10-15,659.7044067382812,600.0283203125,248.45947265625,87.32337188720703,387.3900146484375
2025-10-16,655.2116088867188,597.8064575195312,243.22885131835938,87.97833251953125,396.45001220703125
2025-10-17,658.9308471679688,601.7320556640625,241.5911865234375,87.84349060058594,388.989990234375
2025-10-20,665.7840576171875,609.3143310546875,246.3056640625,88.18061828613281,403.1499938964844
2025-10-21,665.7741088867188,609.1549682617188,245.14443969726562,88.61405181884766,377.239990234375
2025-10-22,662.3128051757812,603.286376953125,241.52169799804688,88.67183685302734,377.2799987792969
2025-10-23,666.2402954101562,608.3578491210938,244.5786895751953,88.06501770019531,378.7900085449219
2025-10-24,671.6851806640625,614.8540649414062,247.56617736816406,88.10355377197266,377.5199890136719
2025-10-27,679.6095581054688,625.80419921875,248.4296875,88.40213775634766,367.010009765625
2025-10-28,681.41455078125,630.6165161132812,247.09970092773438,88.63330841064453,364.3800048828125
2025-10-29,681.7418823242188,633.4561767578125,244.9955291748047,87.73754119873047,363.0
2025-10-30,674.2440185546875,623.7715454101562,243.02041625976562,87.22703552246094,370.1300048828125
2025-10-31,676.4556274414062,626.7805786132812,244.3900909423828,86.96697998046875,368.1199951171875
2025-11-03,677.72509765625,629.7796020507812,243.60601806640625,86.7494888305664,368.7799987792969
2025-11-04,669.691650390625,616.996337890625,239.39768981933594,86.94281005859375,362.32000732421875
2025-11-05,672.012451171875,621.0116577148438,242.8516845703125,85.9954833984375,366.510009765625
2025-11-06,664.8021850585938,609.4439086914062,238.55404663085938,86.76880645751953,366.07000732421875
2025-11-07,665.4567260742188,607.5208740234375,239.80462646484375,86.58516693115234,368.30999755859375
2025-11-10,675.8406982421875,620.9617919921875,242.20652770996094,86.5658187866211,378.3800048828125
2025-11-11,677.387939453125,619.307861328125,242.4149932861328,86.962158203125,379.8699951171875
2025-11-12,677.7648315429688,618.8196411132812,241.81944274902344,87.11681365966797,385.989990234375
2025-11-13,666.5180053710938,606.185791015625,235.0206298828125,86.40148162841797,382.8699951171875
2025-11-14,666.4088134765625,606.6441040039062,235.70547485351562,85.90849304199219,375.9599914550781
2025-11-17,660.2003173828125,601.4630737304688,231.020751953125,86.12113952636719,371.6499938964844
2025-11-18,654.65625,594.1397705078125,231.72544860839844,86.09214782714844,374.3500061035156
2025-11-19,657.185302734375,597.6868286132812,231.6857452392578,85.91813659667969,374.9599914550781
2025-11-20,647.1683349609375,583.5385131835938,227.3980255126953,86.25648498535156,374.8500061035156
2025-11-21,653.6148681640625,587.9224853515625,233.83953857421875,86.51748657226562,374.2699890136719
2025-11-24,663.2351684570312,602.9575805664062,238.10739135742188,87.01048278808594,380.20001220703125
2025-11-25,669.4735717773438,606.674072265625,243.29832458496094,87.23281860351562,380.0799865722656
2025-11-26,674.09521484375,612.034423828125,245.4521026611328,87.61949157714844,383.1199951171875
2025-11-28,677.7747192382812,616.996337890625,246.8912811279297,87.20382690429688,387.8800048828125
2025-12-01,674.6803588867188,614.923828125,243.78466796875,86.11823272705078,389.75
2025-12-02,675.9299926757812,619.7362670898438,243.33802795410156,86.15705108642578,387.239990234375
2025-12-03,678.2706298828125,621.2507934570312,247.7646942138672,86.39958953857422,386.8800048828125
2025-12-04,678.7664794921875,620.6728515625,249.93832397460938,85.9339370727539,387.1300048828125
2025-12-05,680.0557861328125,623.2036743164062,248.89617919921875,85.53616333007812,386.44000244140625
2025-12-08,678.0126953125,622.0079956054688,248.99542236328125,85.25482177734375,385.4200134277344
2025-12-09,677.4276123046875,622.775146484375,249.51153564453125,85.34214782714844,387.3999938964844
2025-12-10,681.92041015625,625.3258666992188,252.90597534179688,85.67198181152344,389.04998779296875
2025-12-11,683.5072021484375,623.3033447265625,255.87364196777344,85.55557250976562,393.239990234375
2025-12-12,676.1581420898438,611.3867797851562,251.95315551757812,84.73094940185547,395.44000244140625
2025-12-15,675.1365966796875,608.3179931640625,250.04750061035156,84.78916931152344,395.79998779296875
2025-12-16,673.2918701171875,609.5235595703125,248.8644256591797,85.25482177734375,395.8900146484375
2025-12-17,665.8832397460938,598.224853515625,246.2154541015625,85.1772232055664,399.2900085449219
2025-12-18,670.9115600585938,606.8931884765625,247.6793670654297,85.58467864990234,398.57000732421875
2025-12-19,676.9923095703125,614.8043212890625,249.750732421875,85.26524353027344,399.0199890136719
2025-12-22,681.2098999023438,617.7513427734375,252.52919006347656,85.0802001953125,408.2300109863281
2025-12-23,684.3233032226562,620.6444702148438,251.035400390625,85.21653747558594,413.6400146484375
2025-12-24,686.7305297851562,622.4602661132812,251.6627960205078,85.73271179199219,411.92999267578125
2025-12-26,686.660888671875,622.4202880859375,250.37814331054688,85.45027923583984,416.739990234375
2025-12-29,684.2138671875,619.4074096679688,248.8445281982422,85.77167510986328,398.6000061035156
2025-12-30,683.3783569335938,617.9707641601562,247.00218200683594,85.56714630126953,398.8900146484375
2025-12-31,678.3152465820312,612.8628540039062,245.1399383544922,84.88542175292969,396.30999755859375
2026-01-02,679.55859375,611.6757202148438,247.7490692138672,84.7588119506836,398.2799987792969
2026-01-05,684.0845336914062,616.5341796875,251.68270874023438,85.17758178710938,408.760009765625
2026-01-06,688.1529541015625,621.951416015625,255.01881408691406,85.00228881835938,413.17999267578125
2026-01-07,685.9347534179688,622.550048828125,254.4213104248047,85.49897766113281,409.2300109863281
2026-01-08,685.8651123046875,619.0083618164062,257.1997375488281,85.0704574584961,411.489990234375
2026-01-09,690.4010009765625,625.173828125,259.1516418457031,85.63532257080078,414.4700012207031
2026-01-12,691.4852294921875,625.6925659179688,260.4163513183594,85.3821029663086,422.2300109863281
2026-01-13,690.1026000976562,624.7647705078125,260.2669982910156,85.52819061279297,421.6300048828125
2026-01-14,686.7106323242188,618.0905151367188,262.099365234375,86.02488708496094,425.94000244140625
2026-01-15,688.5806884765625,620.3153076171875,264.4097595214844,86.00540161132812,423.3299865722656
2026-01-16,688.0037231445312,619.7965087890625,264.6587219238281,85.50871276855469,421.2900085449219
2026-01-20,673.9981689453125,606.6276245117188,261.49188232421875,84.38873291015625,437.2300109863281
2026-01-21,681.77685546875,614.8282470703125,266.6802978515625,85.031494140625,443.6000061035156
2026-01-22,685.3379516601562,619.2976684570312,268.6720275878906,85.40157318115234,451.7900085449219
2026-01-23,685.5865478515625,621.2530517578125,263.712646484375,85.63532257080078,458.0
2026-01-26,689.0680541992188,623.9866333007812,262.8861083984375,86.04435729980469,464.70001220703125
2026-01-27,691.8134765625,629.6432495117188,263.63299560546875,85.50871276855469,476.1000061035156
2026-01-28,691.7438354492188,631.7283325195312,262.2088928222656,85.31392669677734,494.55999755859375
2026-01-29,690.3711547851562,627.947265625,262.27862548828125,85.33341217041016,495.8999938964844
2026-01-30,688.3120727539062,620.4050903320312,258.57403564453125,84.85619354248047,444.95001220703125
2026-02-02,691.7339477539062,624.6650390625,261.0935363769531,84.6137466430664,427.1300048828125
2026-02-03,685.885009765625,615.0676879882812,261.6910705566406,84.81904602050781,454.2900085449219
2026-02-04,682.5626831054688,604.3230590820312,259.4404296875,84.60397338867188,453.9700012207031
2026-02-05,674.0379638671875,595.6236572265625,254.76986694335938,85.52294921875,441.8800048828125
2026-02-06,686.96923828125,608.2138671875,263.9217834472656,85.58160400390625,455.4599914550781
2026-02-09,690.2816772460938,612.8728637695312,265.7740783691406,85.56204223632812,467.0299987792969
2026-02-10,688.4613037109375,610.029541015625,265.0570373535156,86.54944610595703,462.3999938964844
2026-02-11,688.3021850585938,611.6657104492188,263.8520812988281,86.0899658203125,467.6300048828125
2026-02-12,677.668701171875,599.22509765625,258.4645080566406,87.23379516601562,451.3900146484375
2026-02-13,678.1461181640625,600.5020751953125,261.8703308105469,87.71282196044922,462.6199951171875
2026-02-17,679.2402954101562,599.8834838867188,261.95001220703125,87.85948181152344,448.20001220703125
2026-02-18,682.662109375,604.3629150390625,262.89605712890625,87.5270767211914,458.2799987792969
2026-02-19,680.8616333007812,602.0484008789062,263.5035095214844,87.61506652832031,459.55999755859375
2026-02-20,685.7855834960938,607.3758544921875,263.51348876953125,87.40977478027344,468.6199951171875
2026-02-23,678.7827758789062,599.9932250976562,259.4105224609375,87.73239135742188,481.2799987792969
2026-02-24,683.7164916992188,606.4380493164062,262.23876953125,87.88880920410156,474.6099853515625
2026-02-25,689.4859008789062,615.227294921875,263.48358154296875,87.8985824584961,473.4200134277344
2026-02-26,685.6561889648438,607.8048095703125,264.88775634765625,88.25051879882812,477.4800109863281
2026-02-27,682.3637084960938,605.859375,260.3267517089844,88.78821563720703,483.75
2026-03-02,682.751708984375,606.6575317382812,262.716796875,87.89659881591797,490.0
2026-03-03,676.7337036132812,600.1629028320312,258.16571044921875,87.72003936767578,468.1400146484375
2026-03-04,681.5082397460938,609.311279296875,260.67529296875,87.44539642333984,471.79998779296875
2026-03-05,677.70849609375,607.4755249023438,255.69601440429688,87.09228515625,466.1300048828125
2026-03-06,668.82568359375,598.337158203125,249.850341796875,86.76859283447266,473.510009765625
2026-03-09,674.6845703125,606.3283081054688,252.5690155029297,87.52387237548828,472.5299987792969
2026-03-10,673.6002807617188,606.3383178710938,252.31008911132812,86.59203338623047,477.8599853515625
2026-03-11,672.7548217773438,606.2584838867188,251.80223083496094,85.47383117675781,476.239990234375
2026-03-12,662.5390625,595.8530883789062,246.384765625,85.30707550048828,466.8800048828125
2026-03-13,658.7890014648438,592.3213500976562,245.56814575195312,84.88530731201172,460.8399963378906
2026-03-16,665.493408203125,598.9656982421875,247.8885040283203,85.54248809814453,460.42999267578125
2026-03-17,667.2440185546875,601.8887939453125,249.45677185058594,85.77789306640625,459.2699890136719
2026-03-18,657.9335327148438,593.4986572265625,245.43634033203125,85.2972640991211,444.739990234375
2026-03-19,656.3121948242188,591.623046875,247.04251098632812,85.817138671875,426.4100036621094
2026-03-20,646.9034423828125,580.6888427734375,241.64535522460938,84.18888854980469,413.3800048828125
2026-03-23,653.6959228515625,587.3545532226562,246.86293029785156,84.73817443847656,404.0400085449219
2026-03-24,651.5015869140625,583.3389282226562,248.18978881835938,84.36543273925781,404.1300048828125
2026-03-25,655.1322021484375,587.1747436523438,251.2225799560547,85.17955780029297,416.2900085449219
2026-03-26,643.432373046875,573.1600952148438,246.85296630859375,84.46353149414062,400.6400146484375
2026-03-27,632.4606323242188,561.9624633789062,242.5232696533203,84.00250244140625,414.70001220703125
2026-03-30,630.3460693359375,557.6671752929688,239.04153442382812,85.12071228027344,414.5799865722656
2026-03-31,648.6688842773438,576.54638671875,247.41163635253906,85.03243255615234,430.2900085449219
2026-04-01,653.5562744140625,583.6685791015625,248.96792602539062,84.94873046875,437.82000732421875
2026-04-02,654.144775390625,584.3378295898438,250.69381713867188,85.47066497802734,429.4100036621094
2026-04-06,657.23681640625,587.85400390625,251.76129150390625,85.33280181884766,427.6499938964844
2026-04-07,657.5260009765625,587.9439086914062,252.3099822998047,85.32295227050781,431.80999755859375
2026-04-08,674.27294921875,605.4246826171875,259.85205078125,85.59868621826172,434.5299987792969
2026-04-09,678.162841796875,609.5202026367188,261.3385009765625,85.38203430175781,437.9100036621094
2026-04-10,677.7140502929688,610.3992309570312,260.6800537109375,85.17523193359375,437.1300048828125
2026-04-13,684.3369750976562,616.7122802734375,264.4411315917969,85.43128204345703,435.3599853515625
2026-04-14,692.675537109375,627.909912109375,268.0824890136719,85.88427734375,445.0899963378906
2026-04-15,698.1414184570312,636.7003173828125,268.75091552734375,85.51006317138672,440.4599914550781
2026-04-16,699.8569946289062,639.7669067382812,269.3095703125,84.96841430664062,440.0799865722656
2026-04-17,708.3152465820312,648.1376953125,275.125732421875,85.74640655517578,445.92999267578125
2026-04-20,706.8988037109375,646.0799560546875,276.6920166015625,85.72671508789062,442.0899963378906
2026-04-21,702.2708129882812,643.6226806640625,273.8587646484375,85.2540054321289,429.57000732421875
2026-04-22,709.3825073242188,654.390869140625,275.8240661621094,85.42142486572266,435.260009765625
2026-04-23,706.6295776367188,650.7048950195312,274.8663330078125,85.23431396484375,431.0400085449219
2026-04-24,712.10546875,663.1512451171875,275.99365234375,85.39187622070312,433.25
2026-04-27,713.332275390625,663.5008544921875,276.4825134277344,84.96841430664062,429.8900146484375
2026-04-28,709.8612060546875,656.8281860351562,273.2601623535156,85.05706024169922,421.9100036621094
2026-04-29,709.7515258789062,660.84375,271.4344787597656,84.3972396850586,417.4100036621094
2026-04-30,716.8132934570312,667.0069580078125,277.310546875,84.3184585571289,423.6600036621094
2026-05-01,718.7982177734375,673.4099731445312,278.617431640625,84.61992645263672,423.17999267578125
2026-05-04,716.1649780273438,672.141357421875,277.22076416015625,83.9774398803711,414.7099914550781
2026-05-05,721.9102172851562,680.8617553710938,281.8896484375,84.44200897216797,418.2699890136719
2026-05-06,731.9443359375,695.0062255859375,286.11956787109375,85.0844955444336,430.9599914550781
2026-05-07,729.7001342773438,694.1771240234375,281.5903625488281,84.65946197509766,431.67999267578125
2026-05-08,735.724609375,710.44921875,283.495849609375,85.0844955444336,433.7699890136719
2026-05-11,737.4002685546875,712.5069580078125,284.6530456542969,84.57050323486328,434.6499938964844
2026-05-12,736.2831420898438,706.463623046875,281.8996276855469,84.00708770751953,432.92999267578125
2026-05-13,740.4025268554688,713.9254760742188,281.9993896484375,83.81929779052734,430.5
2026-05-14,746.2474975585938,718.9998168945312,283.7751770019531,83.93790435791016,427.2099914550781
2026-05-15,737.2706298828125,708.1517944335938,276.94140625,82.6924819946289,417.2900085449219
2026-05-18,736.751953125,705.1051025390625,275.3152770996094,82.5936279296875,418.42999267578125
2026-05-19,731.8446044921875,700.7599487304688,272.3523254394531,82.05987548828125,411.5
2026-05-20,739.3452758789062,712.3671875,279.2060241699219,82.93958282470703,417.3999938964844
2026-05-21,740.8114624023438,713.7256469726562,281.8197937011719,83.2459945678711,416.989990234375
2026-05-22,743.7239990234375,716.7523193359375,284.4435729980469,83.70067596435547,413.82000732421875
2026-05-26,748.6613159179688,729.4783935546875,289.82080078125,84.1158218383789,414.0
2026-05-27,748.5316162109375,728.6492919921875,289.6811218261719,84.31350708007812,408.489990234375
2026-05-28,752.6609497070312,734.79248046875,291.3371887207031,84.74842071533203,412.7699890136719
2026-05-29,754.5361328125,737.49951171875,289.740966796875,84.76819610595703,417.1199951171875
2026-06-01,756.5908203125,741.9246826171875,288.29443359375,84.8138427734375,411.260009765625
2026-06-02,757.6182250976562,745.3408813476562,290.9680480957031,84.9924545288086,411.95001220703125
2026-06-03,752.3018798828125,743.39306640625,286.9875183105469,84.65506744384766,407.8699951171875
2026-06-04,755.1445922851562,739.7969970703125,291.3172302246094,84.8436050415039,411.2699890136719
2026-06-05,735.65478515625,704.2860107421875,280.9817810058594,84.406982421875,396.239990234375
2026-06-08,737.3204345703125,715.283935546875,283.4359436035156,83.97036743164062,397.2699890136719
2026-06-09,735.1560668945312,707.052978515625,284.3437805175781,84.4665298461914,390.7799987792969
2026-06-10,723.56591796875,692.9285278320312,281.3808288574219,84.22836303710938,374.5799865722656
2026-06-11,735.8642578125,716.332763671875,289.72100830078125,85.31993103027344,386.32000732421875
2026-06-12,739.843994140625,720.5481567382812,292.2550048828125,85.11153411865234,386.5400085449219
2026-06-15,752.890380859375,743.1832885742188,294.6400146484375,85.06192016601562,396.54998779296875
2026-06-16,748.4019775390625,729.0587768554688,292.0799865722656,85.52831268310547,397.6300048828125
2026-06-17,739.0560302734375,721.7168579101562,289.8800048828125,85.66724395751953,388.6000061035156
2026-06-18,746.739990234375,739.8070068359375,295.5899963378906,86.08401489257812,387.1199951171875
2026-06-22,744.3900146484375,737.9500122070312,298.17999267578125,85.4290771484375,384.5899963378906
2026-06-23,733.5800170898438,713.6500244140625,295.32000732421875,85.5382308959961,377.32000732421875
2026-06-24,733.239990234375,710.6199951171875,296.69000244140625,86.70916748046875,365.9200134277344
2026-06-25,734.2999877929688,716.3800048828125,298.9100036621094,86.67940521240234,369.4599914550781
2026-06-26,728.989990234375,706.52001953125,299.8299865722656,86.6893310546875,373.6300048828125
2026-06-29,741.0,724.0800170898438,298.9700012207031,86.77864074707031,368.5799865722656
2026-06-30,746.77001953125,736.4000244140625,300.45001220703125,85.75653839111328,368.3800048828125
2026-07-01,745.760009765625,725.1699829101562,299.32000732421875,85.1768798828125,370.6000061035156
2026-07-02,744.780029296875,712.5999755859375,297.5799865722656,85.16692352294922,378.1300048828125
2026-07-06,751.280029296875,722.8200073242188,298.8999938964844,85.1071548461914,382.1300048828125
2026-07-07,747.7100219726562,709.4299926757812,296.19000244140625,84.21077728271484,377.489990234375
2026-07-08,745.4000244140625,711.4400024414062,293.4800109863281,84.02153778076172,374.45001220703125
2026-07-09,751.7100219726562,723.280029296875,297.239990234375,84.15100860595703,378.17999267578125
2026-07-10,754.9500122070312,725.510009765625,295.989990234375,84.13109588623047,377.010009765625
2026-07-13,749.1699829101562,711.739990234375,293.4800109863281,83.63310241699219,367.1300048828125
2026-07-14,751.8300170898438,719.6900024414062,294.510009765625,83.74266052246094,372.1499938964844
2026-07-15,754.8099975585938,717.739990234375,295.7699890136719,83.90201568603516,372.3500061035156
2026-07-16,750.719970703125,705.9400024414062,295.5899963378906,83.87213134765625,364.9599914550781
2026-07-17,743.2899780273438,695.3300170898438,294.0400085449219,84.1808853149414,368.4100036621094
2026-07-20,742.0900268554688,696.0599975585938,292.30999755859375,83.55342102050781,367.6000061035156
2026-07-21,748.280029296875,708.969970703125,296.5400085449219,83.32434844970703,374.80999755859375
2026-07-22,747.4099731445312,705.3499755859375,293.7900085449219,83.105224609375,379.1199951171875
2026-07-23,738.1799926757812,691.9600219726562,292.0899963378906,82.8363037109375,371.5199890136719
2026-07-24,738.9299926757812,684.22998046875,291.1700134277344,82.91598510742188,371.8999938964844
2026-07-27,739.0900268554688,682.1199951171875,292.9100036621094,83.41397857666016,374.6300048828125
2026-07-28,740.8599853515625,675.489990234375,293.3699951171875,83.90201568603516,369.3699951171875
2026-07-29,729.4600219726562,661.72998046875,288.57000732421875,82.51759338378906,371.0799865722656
2026-07-30,741.6900024414062,683.5499877929688,292.5899963378906,82.4677963256836,377.1600036621094
2026-07-31,747.030029296875,687.989990234375,291.20001220703125,81.91999816894531,371.5400085449219
